,cluster,churn_proba,segment,strategy
53052,1,0.23757172,Low-Engagement / Passive,"Re-engagement campaign: usage incentives, feature education, win-back offer"
63497,1,0.27962545,Low-Engagement / Passive,"Re-engagement campaign: usage incentives, feature education, win-back offer"
55956,2,0.34500903,High-Usage / Handset-Gap,Device upgrade or contract-renewal incentive (heavy users on aging handsets)
56833,2,0.14188693,High-Usage / Handset-Gap,Device upgrade or contract-renewal incentive (heavy users on aging handsets)
54737,2,0.21986777,High-Usage / Handset-Gap,Device upgrade or contract-renewal incentive (heavy users on aging handsets)
54246,0,0.58913916,At-Risk / Retention-Contact,Priority retention outreach + service recovery (already contacted us)
60577,1,0.46402395,Low-Engagement / Passive,"Re-engagement campaign: usage incentives, feature education, win-back offer"
55264,1,0.6220122,Low-Engagement / Passive,"Re-engagement campaign: usage incentives, feature education, win-back offer"
58834,1,0.47989967,Low-Engagement / Passive,"Re-engagement campaign: usage incentives, feature education, win-back offer"
57687,1,0.14966206,Low-Engagement / Passive,"Re-engagement campaign: usage incentives, feature education, win-back offer"
60197,1,0.4820073,Low-Engagement / Passive,"Re-engagement campaign: usage incentives, feature education, win-back offer"
30941,1,0.0731098,Low-Engagement / Passive,"Re-engagement campaign: usage incentives, feature education, win-back offer"
57576,1,0.3408201,Low-Engagement / Passive,"Re-engagement campaign: usage incentives, feature education, win-back offer"
54850,0,0.5574125,At-Risk / Retention-Contact,Priority retention outreach + service recovery (already contacted us)
59264,2,0.118771896,High-Usage / Handset-Gap,Device upgrade or contract-renewal incentive (heavy users on aging handsets)
66341,1,0.29275882,Low-Engagement / Passive,"Re-engagement campaign: usage incentives, feature education, win-back offer"
57481,1,0.2192261,Low-Engagement / Passive,"Re-engagement campaign: usage incentives, feature education, win-back offer"
65385,2,0.34372547,High-Usage / Handset-Gap,Device upgrade or contract-renewal incentive (heavy users on aging handsets)
56370,1,0.50726783,Low-Engagement / Passive,"Re-engagement campaign: usage incentives, feature education, win-back offer"
66620,2,0.08317111,High-Usage / Handset-Gap,Device upgrade or contract-renewal incentive (heavy users on aging handsets)
70978,1,0.24184191,Low-Engagement / Passive,"Re-engagement campaign: usage incentives, feature education, win-back offer"
66263,2,0.48349872,High-Usage / Handset-Gap,Device upgrade or contract-renewal incentive (heavy users on aging handsets)
59075,1,0.47071192,Low-Engagement / Passive,"Re-engagement campaign: usage incentives, feature education, win-back offer"
69585,1,0.6059902,Low-Engagement / Passive,"Re-engagement campaign: usage incentives, feature education, win-back offer"
55174,2,0.42365003,High-Usage / Handset-Gap,Device upgrade or contract-renewal incentive (heavy users on aging handsets)
55364,1,0.21549508,Low-Engagement / Passive,"Re-engagement campaign: usage incentives, feature education, win-back offer"
54364,1,0.3085564,Low-Engagement / Passive,"Re-engagement campaign: usage incentives, feature education, win-back offer"
63051,1,0.6093661,Low-Engagement / Passive,"Re-engagement campaign: usage incentives, feature education, win-back offer"
68686,2,0.25701812,High-Usage / Handset-Gap,Device upgrade or contract-renewal incentive (heavy users on aging handsets)
70012,1,0.08403452,Low-Engagement / Passive,"Re-engagement campaign: usage incentives, feature education, win-back offer"
69229,1,0.49905545,Low-Engagement / Passive,"Re-engagement campaign: usage incentives, feature education, win-back offer"
69584,1,0.16904736,Low-Engagement / Passive,"Re-engagement campaign: usage incentives, feature education, win-back offer"
59161,1,0.41040686,Low-Engagement / Passive,"Re-engagement campaign: usage incentives, feature education, win-back offer"
63635,1,0.27779266,Low-Engagement / Passive,"Re-engagement campaign: usage incentives, feature education, win-back offer"
67627,1,0.34949085,Low-Engagement / Passive,"Re-engagement campaign: usage incentives, feature education, win-back offer"
60615,0,0.43412313,At-Risk / Retention-Contact,Priority retention outreach + service recovery (already contacted us)
64493,2,0.44673416,High-Usage / Handset-Gap,Device upgrade or contract-renewal incentive (heavy users on aging handsets)
66013,2,0.5150161,High-Usage / Handset-Gap,Device upgrade or contract-renewal incentive (heavy users on aging handsets)
70764,1,0.15983891,Low-Engagement / Passive,"Re-engagement campaign: usage incentives, feature education, win-back offer"
57680,1,0.12943108,Low-Engagement / Passive,"Re-engagement campaign: usage incentives, feature education, win-back offer"
60441,2,0.33838618,High-Usage / Handset-Gap,Device upgrade or contract-renewal incentive (heavy users on aging handsets)
65414,2,0.8342007,High-Usage / Handset-Gap,Device upgrade or contract-renewal incentive (heavy users on aging handsets)
60597,2,0.5201874,High-Usage / Handset-Gap,Device upgrade or contract-renewal incentive (heavy users on aging handsets)
64567,2,0.5085762,High-Usage / Handset-Gap,Device upgrade or contract-renewal incentive (heavy users on aging handsets)
30686,1,0.35735723,Low-Engagement / Passive,"Re-engagement campaign: usage incentives, feature education, win-back offer"
61743,2,0.36343694,High-Usage / Handset-Gap,Device upgrade or contract-renewal incentive (heavy users on aging handsets)
60147,2,0.5716976,High-Usage / Handset-Gap,Device upgrade or contract-renewal incentive (heavy users on aging handsets)
61332,1,0.1747818,Low-Engagement / Passive,"Re-engagement campaign: usage incentives, feature education, win-back offer"
56515,2,0.39509645,High-Usage / Handset-Gap,Device upgrade or contract-renewal incentive (heavy users on aging handsets)
59819,0,0.5108123,At-Risk / Retention-Contact,Priority retention outreach + service recovery (already contacted us)
70584,1,0.13550667,Low-Engagement / Passive,"Re-engagement campaign: usage incentives, feature education, win-back offer"
66732,2,0.39220187,High-Usage / Handset-Gap,Device upgrade or contract-renewal incentive (heavy users on aging handsets)
53249,2,0.41034055,High-Usage / Handset-Gap,Device upgrade or contract-renewal incentive (heavy users on aging handsets)
64032,2,0.35626435,High-Usage / Handset-Gap,Device upgrade or contract-renewal incentive (heavy users on aging handsets)
62621,2,0.61378336,High-Usage / Handset-Gap,Device upgrade or contract-renewal incentive (heavy users on aging handsets)
63994,1,0.39625844,Low-Engagement / Passive,"Re-engagement campaign: usage incentives, feature education, win-back offer"
63239,2,0.34356427,High-Usage / Handset-Gap,Device upgrade or contract-renewal incentive (heavy users on aging handsets)
66077,2,0.3207753,High-Usage / Handset-Gap,Device upgrade or contract-renewal incentive (heavy users on aging handsets)
52783,2,0.3212599,High-Usage / Handset-Gap,Device upgrade or contract-renewal incentive (heavy users on aging handsets)
52644,1,0.20117259,Low-Engagement / Passive,"Re-engagement campaign: usage incentives, feature education, win-back offer"
52305,1,0.22663856,Low-Engagement / Passive,"Re-engagement campaign: usage incentives, feature education, win-back offer"
66093,2,0.35252768,High-Usage / Handset-Gap,Device upgrade or contract-renewal incentive (heavy users on aging handsets)
67834,2,0.5686534,High-Usage / Handset-Gap,Device upgrade or contract-renewal incentive (heavy users on aging handsets)
70132,1,0.45842764,Low-Engagement / Passive,"Re-engagement campaign: usage incentives, feature education, win-back offer"
57355,2,0.27398518,High-Usage / Handset-Gap,Device upgrade or contract-renewal incentive (heavy users on aging handsets)
65401,2,0.30879676,High-Usage / Handset-Gap,Device upgrade or contract-renewal incentive (heavy users on aging handsets)
69636,2,0.42232215,High-Usage / Handset-Gap,Device upgrade or contract-renewal incentive (heavy users on aging handsets)
68078,2,0.5873463,High-Usage / Handset-Gap,Device upgrade or contract-renewal incentive (heavy users on aging handsets)
69472,2,0.13226347,High-Usage / Handset-Gap,Device upgrade or contract-renewal incentive (heavy users on aging handsets)
60057,1,0.49894652,Low-Engagement / Passive,"Re-engagement campaign: usage incentives, feature education, win-back offer"
30970,1,0.3753037,Low-Engagement / Passive,"Re-engagement campaign: usage incentives, feature education, win-back offer"
64798,1,0.6390493,Low-Engagement / Passive,"Re-engagement campaign: usage incentives, feature education, win-back offer"
66258,1,0.37562585,Low-Engagement / Passive,"Re-engagement campaign: usage incentives, feature education, win-back offer"
68922,1,0.23273864,Low-Engagement / Passive,"Re-engagement campaign: usage incentives, feature education, win-back offer"
64332,1,0.62543654,Low-Engagement / Passive,"Re-engagement campaign: usage incentives, feature education, win-back offer"
60553,1,0.2867392,Low-Engagement / Passive,"Re-engagement campaign: usage incentives, feature education, win-back offer"
53957,2,0.34525648,High-Usage / Handset-Gap,Device upgrade or contract-renewal incentive (heavy users on aging handsets)
65946,2,0.38097942,High-Usage / Handset-Gap,Device upgrade or contract-renewal incentive (heavy users on aging handsets)
30814,2,0.2292227,High-Usage / Handset-Gap,Device upgrade or contract-renewal incentive (heavy users on aging handsets)
63488,1,0.5572204,Low-Engagement / Passive,"Re-engagement campaign: usage incentives, feature education, win-back offer"
56716,2,0.35876366,High-Usage / Handset-Gap,Device upgrade or contract-renewal incentive (heavy users on aging handsets)
30738,1,0.62502277,Low-Engagement / Passive,"Re-engagement campaign: usage incentives, feature education, win-back offer"
55735,1,0.4145732,Low-Engagement / Passive,"Re-engagement campaign: usage incentives, feature education, win-back offer"
55680,1,0.2961066,Low-Engagement / Passive,"Re-engagement campaign: usage incentives, feature education, win-back offer"
56599,2,0.39635277,High-Usage / Handset-Gap,Device upgrade or contract-renewal incentive (heavy users on aging handsets)
68126,2,0.08598149,High-Usage / Handset-Gap,Device upgrade or contract-renewal incentive (heavy users on aging handsets)
70336,2,0.23032717,High-Usage / Handset-Gap,Device upgrade or contract-renewal incentive (heavy users on aging handsets)
56888,1,0.3816146,Low-Engagement / Passive,"Re-engagement campaign: usage incentives, feature education, win-back offer"
68062,1,0.3719551,Low-Engagement / Passive,"Re-engagement campaign: usage incentives, feature education, win-back offer"
69855,1,0.24574494,Low-Engagement / Passive,"Re-engagement campaign: usage incentives, feature education, win-back offer"
65589,2,0.4128251,High-Usage / Handset-Gap,Device upgrade or contract-renewal incentive (heavy users on aging handsets)
56469,1,0.24905616,Low-Engagement / Passive,"Re-engagement campaign: usage incentives, feature education, win-back offer"
57899,1,0.36631986,Low-Engagement / Passive,"Re-engagement campaign: usage incentives, feature education, win-back offer"
59961,2,0.76159346,High-Usage / Handset-Gap,Device upgrade or contract-renewal incentive (heavy users on aging handsets)
54481,1,0.094488926,Low-Engagement / Passive,"Re-engagement campaign: usage incentives, feature education, win-back offer"
58579,1,0.56472623,Low-Engagement / Passive,"Re-engagement campaign: usage incentives, feature education, win-back offer"
51893,1,0.18242198,Low-Engagement / Passive,"Re-engagement campaign: usage incentives, feature education, win-back offer"
56264,2,0.29371047,High-Usage / Handset-Gap,Device upgrade or contract-renewal incentive (heavy users on aging handsets)
70216,2,0.35386002,High-Usage / Handset-Gap,Device upgrade or contract-renewal incentive (heavy users on aging handsets)
60801,2,0.4028667,High-Usage / Handset-Gap,Device upgrade or contract-renewal incentive (heavy users on aging handsets)
70557,1,0.15211268,Low-Engagement / Passive,"Re-engagement campaign: usage incentives, feature education, win-back offer"
67420,0,0.6775661,At-Risk / Retention-Contact,Priority retention outreach + service recovery (already contacted us)
68215,2,0.3377095,High-Usage / Handset-Gap,Device upgrade or contract-renewal incentive (heavy users on aging handsets)
61587,1,0.21175459,Low-Engagement / Passive,"Re-engagement campaign: usage incentives, feature education, win-back offer"
61866,1,0.3781124,Low-Engagement / Passive,"Re-engagement campaign: usage incentives, feature education, win-back offer"
55141,2,0.40457016,High-Usage / Handset-Gap,Device upgrade or contract-renewal incentive (heavy users on aging handsets)
68756,1,0.36741486,Low-Engagement / Passive,"Re-engagement campaign: usage incentives, feature education, win-back offer"
54725,2,0.25211555,High-Usage / Handset-Gap,Device upgrade or contract-renewal incentive (heavy users on aging handsets)
63034,2,0.3201671,High-Usage / Handset-Gap,Device upgrade or contract-renewal incentive (heavy users on aging handsets)
62760,1,0.50401473,Low-Engagement / Passive,"Re-engagement campaign: usage incentives, feature education, win-back offer"
51756,1,0.067458026,Low-Engagement / Passive,"Re-engagement campaign: usage incentives, feature education, win-back offer"
68414,1,0.23887032,Low-Engagement / Passive,"Re-engagement campaign: usage incentives, feature education, win-back offer"
61045,1,0.22411995,Low-Engagement / Passive,"Re-engagement campaign: usage incentives, feature education, win-back offer"
56744,1,0.2999772,Low-Engagement / Passive,"Re-engagement campaign: usage incentives, feature education, win-back offer"
53989,1,0.25172713,Low-Engagement / Passive,"Re-engagement campaign: usage incentives, feature education, win-back offer"
69942,2,0.37205783,High-Usage / Handset-Gap,Device upgrade or contract-renewal incentive (heavy users on aging handsets)
55803,2,0.33543876,High-Usage / Handset-Gap,Device upgrade or contract-renewal incentive (heavy users on aging handsets)
60528,1,0.36075553,Low-Engagement / Passive,"Re-engagement campaign: usage incentives, feature education, win-back offer"
64701,1,0.4034722,Low-Engagement / Passive,"Re-engagement campaign: usage incentives, feature education, win-back offer"
66711,2,0.41965374,High-Usage / Handset-Gap,Device upgrade or contract-renewal incentive (heavy users on aging handsets)
60098,1,0.3311643,Low-Engagement / Passive,"Re-engagement campaign: usage incentives, feature education, win-back offer"
67002,1,0.22075649,Low-Engagement / Passive,"Re-engagement campaign: usage incentives, feature education, win-back offer"
53589,1,0.40311095,Low-Engagement / Passive,"Re-engagement campaign: usage incentives, feature education, win-back offer"
56892,1,0.34252986,Low-Engagement / Passive,"Re-engagement campaign: usage incentives, feature education, win-back offer"
53653,2,0.43515593,High-Usage / Handset-Gap,Device upgrade or contract-renewal incentive (heavy users on aging handsets)
69635,2,0.08198262,High-Usage / Handset-Gap,Device upgrade or contract-renewal incentive (heavy users on aging handsets)
52652,1,0.42450845,Low-Engagement / Passive,"Re-engagement campaign: usage incentives, feature education, win-back offer"
57098,1,0.38882962,Low-Engagement / Passive,"Re-engagement campaign: usage incentives, feature education, win-back offer"
62237,1,0.329434,Low-Engagement / Passive,"Re-engagement campaign: usage incentives, feature education, win-back offer"
67229,1,0.3512421,Low-Engagement / Passive,"Re-engagement campaign: usage incentives, feature education, win-back offer"
65237,1,0.15850961,Low-Engagement / Passive,"Re-engagement campaign: usage incentives, feature education, win-back offer"
63102,1,0.38042575,Low-Engagement / Passive,"Re-engagement campaign: usage incentives, feature education, win-back offer"
53928,1,0.15513895,Low-Engagement / Passive,"Re-engagement campaign: usage incentives, feature education, win-back offer"
30828,1,0.20780317,Low-Engagement / Passive,"Re-engagement campaign: usage incentives, feature education, win-back offer"
56145,1,0.40677923,Low-Engagement / Passive,"Re-engagement campaign: usage incentives, feature education, win-back offer"
30994,2,0.51975036,High-Usage / Handset-Gap,Device upgrade or contract-renewal incentive (heavy users on aging handsets)
55386,2,0.52736604,High-Usage / Handset-Gap,Device upgrade or contract-renewal incentive (heavy users on aging handsets)
64822,1,0.30094054,Low-Engagement / Passive,"Re-engagement campaign: usage incentives, feature education, win-back offer"
57209,2,0.45998254,High-Usage / Handset-Gap,Device upgrade or contract-renewal incentive (heavy users on aging handsets)
30870,2,0.3449964,High-Usage / Handset-Gap,Device upgrade or contract-renewal incentive (heavy users on aging handsets)
65943,2,0.47254908,High-Usage / Handset-Gap,Device upgrade or contract-renewal incentive (heavy users on aging handsets)
54594,2,0.56413513,High-Usage / Handset-Gap,Device upgrade or contract-renewal incentive (heavy users on aging handsets)
57776,1,0.59361833,Low-Engagement / Passive,"Re-engagement campaign: usage incentives, feature education, win-back offer"
58125,1,0.66791415,Low-Engagement / Passive,"Re-engagement campaign: usage incentives, feature education, win-back offer"
69634,1,0.16030224,Low-Engagement / Passive,"Re-engagement campaign: usage incentives, feature education, win-back offer"
55518,1,0.38525972,Low-Engagement / Passive,"Re-engagement campaign: usage incentives, feature education, win-back offer"
57558,1,0.45477998,Low-Engagement / Passive,"Re-engagement campaign: usage incentives, feature education, win-back offer"
51321,1,0.32458025,Low-Engagement / Passive,"Re-engagement campaign: usage incentives, feature education, win-back offer"
53476,0,0.43834642,At-Risk / Retention-Contact,Priority retention outreach + service recovery (already contacted us)
30661,1,0.5615281,Low-Engagement / Passive,"Re-engagement campaign: usage incentives, feature education, win-back offer"
61917,2,0.43066967,High-Usage / Handset-Gap,Device upgrade or contract-renewal incentive (heavy users on aging handsets)
66042,2,0.52165973,High-Usage / Handset-Gap,Device upgrade or contract-renewal incentive (heavy users on aging handsets)
61915,2,0.35354954,High-Usage / Handset-Gap,Device upgrade or contract-renewal incentive (heavy users on aging handsets)
56253,0,0.3386746,At-Risk / Retention-Contact,Priority retention outreach + service recovery (already contacted us)
63313,2,0.3806565,High-Usage / Handset-Gap,Device upgrade or contract-renewal incentive (heavy users on aging handsets)
63779,1,0.2937699,Low-Engagement / Passive,"Re-engagement campaign: usage incentives, feature education, win-back offer"
62204,0,0.3450405,At-Risk / Retention-Contact,Priority retention outreach + service recovery (already contacted us)
66213,1,0.508421,Low-Engagement / Passive,"Re-engagement campaign: usage incentives, feature education, win-back offer"
55845,0,0.5342685,At-Risk / Retention-Contact,Priority retention outreach + service recovery (already contacted us)
58819,1,0.45954067,Low-Engagement / Passive,"Re-engagement campaign: usage incentives, feature education, win-back offer"
70603,2,0.17737289,High-Usage / Handset-Gap,Device upgrade or contract-renewal incentive (heavy users on aging handsets)
59962,1,0.2741564,Low-Engagement / Passive,"Re-engagement campaign: usage incentives, feature education, win-back offer"
55119,1,0.26904052,Low-Engagement / Passive,"Re-engagement campaign: usage incentives, feature education, win-back offer"
58119,2,0.39631912,High-Usage / Handset-Gap,Device upgrade or contract-renewal incentive (heavy users on aging handsets)
68467,1,0.23687774,Low-Engagement / Passive,"Re-engagement campaign: usage incentives, feature education, win-back offer"
57453,2,0.32645234,High-Usage / Handset-Gap,Device upgrade or contract-renewal incentive (heavy users on aging handsets)
58856,2,0.3257529,High-Usage / Handset-Gap,Device upgrade or contract-renewal incentive (heavy users on aging handsets)
59642,1,0.24390508,Low-Engagement / Passive,"Re-engagement campaign: usage incentives, feature education, win-back offer"
65826,1,0.21628405,Low-Engagement / Passive,"Re-engagement campaign: usage incentives, feature education, win-back offer"
70821,1,0.12262148,Low-Engagement / Passive,"Re-engagement campaign: usage incentives, feature education, win-back offer"
69732,2,0.33489767,High-Usage / Handset-Gap,Device upgrade or contract-renewal incentive (heavy users on aging handsets)
62536,1,0.26644352,Low-Engagement / Passive,"Re-engagement campaign: usage incentives, feature education, win-back offer"
60115,2,0.270595,High-Usage / Handset-Gap,Device upgrade or contract-renewal incentive (heavy users on aging handsets)
66146,1,0.3692981,Low-Engagement / Passive,"Re-engagement campaign: usage incentives, feature education, win-back offer"
64283,1,0.24599135,Low-Engagement / Passive,"Re-engagement campaign: usage incentives, feature education, win-back offer"
55268,1,0.42916876,Low-Engagement / Passive,"Re-engagement campaign: usage incentives, feature education, win-back offer"
57224,1,0.4153495,Low-Engagement / Passive,"Re-engagement campaign: usage incentives, feature education, win-back offer"
60003,1,0.4037625,Low-Engagement / Passive,"Re-engagement campaign: usage incentives, feature education, win-back offer"
52320,1,0.37019557,Low-Engagement / Passive,"Re-engagement campaign: usage incentives, feature education, win-back offer"
53972,1,0.24210061,Low-Engagement / Passive,"Re-engagement campaign: usage incentives, feature education, win-back offer"
56587,1,0.26489127,Low-Engagement / Passive,"Re-engagement campaign: usage incentives, feature education, win-back offer"
66568,1,0.52308905,Low-Engagement / Passive,"Re-engagement campaign: usage incentives, feature education, win-back offer"
53431,2,0.3465822,High-Usage / Handset-Gap,Device upgrade or contract-renewal incentive (heavy users on aging handsets)
71004,1,0.12416038,Low-Engagement / Passive,"Re-engagement campaign: usage incentives, feature education, win-back offer"
64037,1,0.21938604,Low-Engagement / Passive,"Re-engagement campaign: usage incentives, feature education, win-back offer"
55070,1,0.31254414,Low-Engagement / Passive,"Re-engagement campaign: usage incentives, feature education, win-back offer"
56865,1,0.29392076,Low-Engagement / Passive,"Re-engagement campaign: usage incentives, feature education, win-back offer"
58806,2,0.3355353,High-Usage / Handset-Gap,Device upgrade or contract-renewal incentive (heavy users on aging handsets)
64984,2,0.48038748,High-Usage / Handset-Gap,Device upgrade or contract-renewal incentive (heavy users on aging handsets)
52989,1,0.738962,Low-Engagement / Passive,"Re-engagement campaign: usage incentives, feature education, win-back offer"
66965,2,0.36724067,High-Usage / Handset-Gap,Device upgrade or contract-renewal incentive (heavy users on aging handsets)
62718,2,0.46064177,High-Usage / Handset-Gap,Device upgrade or contract-renewal incentive (heavy users on aging handsets)
68549,2,0.53679883,High-Usage / Handset-Gap,Device upgrade or contract-renewal incentive (heavy users on aging handsets)
57444,1,0.3653601,Low-Engagement / Passive,"Re-engagement campaign: usage incentives, feature education, win-back offer"
64739,1,0.36841166,Low-Engagement / Passive,"Re-engagement campaign: usage incentives, feature education, win-back offer"
68372,2,0.48776904,High-Usage / Handset-Gap,Device upgrade or contract-renewal incentive (heavy users on aging handsets)
62913,1,0.43318588,Low-Engagement / Passive,"Re-engagement campaign: usage incentives, feature education, win-back offer"
65560,2,0.8175723,High-Usage / Handset-Gap,Device upgrade or contract-renewal incentive (heavy users on aging handsets)
63349,2,0.5532011,High-Usage / Handset-Gap,Device upgrade or contract-renewal incentive (heavy users on aging handsets)
30731,2,0.35270196,High-Usage / Handset-Gap,Device upgrade or contract-renewal incentive (heavy users on aging handsets)
68378,2,0.25467992,High-Usage / Handset-Gap,Device upgrade or contract-renewal incentive (heavy users on aging handsets)
54428,2,0.38300204,High-Usage / Handset-Gap,Device upgrade or contract-renewal incentive (heavy users on aging handsets)
70619,2,0.0952077,High-Usage / Handset-Gap,Device upgrade or contract-renewal incentive (heavy users on aging handsets)
53065,2,0.5182181,High-Usage / Handset-Gap,Device upgrade or contract-renewal incentive (heavy users on aging handsets)
57864,2,0.4294121,High-Usage / Handset-Gap,Device upgrade or contract-renewal incentive (heavy users on aging handsets)
53857,1,0.15955755,Low-Engagement / Passive,"Re-engagement campaign: usage incentives, feature education, win-back offer"
62886,1,0.46694037,Low-Engagement / Passive,"Re-engagement campaign: usage incentives, feature education, win-back offer"
51498,1,0.18846443,Low-Engagement / Passive,"Re-engagement campaign: usage incentives, feature education, win-back offer"
51798,2,0.3303604,High-Usage / Handset-Gap,Device upgrade or contract-renewal incentive (heavy users on aging handsets)
62874,1,0.41000208,Low-Engagement / Passive,"Re-engagement campaign: usage incentives, feature education, win-back offer"
60760,1,0.47066164,Low-Engagement / Passive,"Re-engagement campaign: usage incentives, feature education, win-back offer"
65875,1,0.2825308,Low-Engagement / Passive,"Re-engagement campaign: usage incentives, feature education, win-back offer"
67256,1,0.41101554,Low-Engagement / Passive,"Re-engagement campaign: usage incentives, feature education, win-back offer"
58046,2,0.4102894,High-Usage / Handset-Gap,Device upgrade or contract-renewal incentive (heavy users on aging handsets)
63962,0,0.64263844,At-Risk / Retention-Contact,Priority retention outreach + service recovery (already contacted us)
30541,1,0.3616963,Low-Engagement / Passive,"Re-engagement campaign: usage incentives, feature education, win-back offer"
51513,2,0.19265714,High-Usage / Handset-Gap,Device upgrade or contract-renewal incentive (heavy users on aging handsets)
69325,1,0.49462882,Low-Engagement / Passive,"Re-engagement campaign: usage incentives, feature education, win-back offer"
51262,1,0.2523565,Low-Engagement / Passive,"Re-engagement campaign: usage incentives, feature education, win-back offer"
52363,2,0.47995755,High-Usage / Handset-Gap,Device upgrade or contract-renewal incentive (heavy users on aging handsets)
56734,1,0.38382685,Low-Engagement / Passive,"Re-engagement campaign: usage incentives, feature education, win-back offer"
68726,2,0.32437798,High-Usage / Handset-Gap,Device upgrade or contract-renewal incentive (heavy users on aging handsets)
70807,1,0.26246285,Low-Engagement / Passive,"Re-engagement campaign: usage incentives, feature education, win-back offer"
68806,2,0.18083975,High-Usage / Handset-Gap,Device upgrade or contract-renewal incentive (heavy users on aging handsets)
63659,1,0.31416827,Low-Engagement / Passive,"Re-engagement campaign: usage incentives, feature education, win-back offer"
58353,1,0.38642207,Low-Engagement / Passive,"Re-engagement campaign: usage incentives, feature education, win-back offer"
64230,1,0.21103181,Low-Engagement / Passive,"Re-engagement campaign: usage incentives, feature education, win-back offer"
69833,1,0.5914763,Low-Engagement / Passive,"Re-engagement campaign: usage incentives, feature education, win-back offer"
54224,2,0.26159978,High-Usage / Handset-Gap,Device upgrade or contract-renewal incentive (heavy users on aging handsets)
55869,2,0.21439478,High-Usage / Handset-Gap,Device upgrade or contract-renewal incentive (heavy users on aging handsets)
63248,2,0.39983466,High-Usage / Handset-Gap,Device upgrade or contract-renewal incentive (heavy users on aging handsets)
51717,1,0.1339637,Low-Engagement / Passive,"Re-engagement campaign: usage incentives, feature education, win-back offer"
51230,0,0.2579365,At-Risk / Retention-Contact,Priority retention outreach + service recovery (already contacted us)
57808,0,0.7705747,At-Risk / Retention-Contact,Priority retention outreach + service recovery (already contacted us)
53141,2,0.24174164,High-Usage / Handset-Gap,Device upgrade or contract-renewal incentive (heavy users on aging handsets)
56984,0,0.43260708,At-Risk / Retention-Contact,Priority retention outreach + service recovery (already contacted us)
58687,2,0.1820245,High-Usage / Handset-Gap,Device upgrade or contract-renewal incentive (heavy users on aging handsets)
61301,1,0.26485932,Low-Engagement / Passive,"Re-engagement campaign: usage incentives, feature education, win-back offer"
69952,1,0.18177544,Low-Engagement / Passive,"Re-engagement campaign: usage incentives, feature education, win-back offer"
53927,2,0.3718156,High-Usage / Handset-Gap,Device upgrade or contract-renewal incentive (heavy users on aging handsets)
69384,2,0.47310597,High-Usage / Handset-Gap,Device upgrade or contract-renewal incentive (heavy users on aging handsets)
63846,1,0.44895244,Low-Engagement / Passive,"Re-engagement campaign: usage incentives, feature education, win-back offer"
60661,0,0.383945,At-Risk / Retention-Contact,Priority retention outreach + service recovery (already contacted us)
52003,2,0.24909532,High-Usage / Handset-Gap,Device upgrade or contract-renewal incentive (heavy users on aging handsets)
51630,1,0.12128413,Low-Engagement / Passive,"Re-engagement campaign: usage incentives, feature education, win-back offer"
62668,1,0.4315494,Low-Engagement / Passive,"Re-engagement campaign: usage incentives, feature education, win-back offer"
54939,2,0.39683843,High-Usage / Handset-Gap,Device upgrade or contract-renewal incentive (heavy users on aging handsets)
69351,1,0.5479505,Low-Engagement / Passive,"Re-engagement campaign: usage incentives, feature education, win-back offer"
54750,1,0.3599171,Low-Engagement / Passive,"Re-engagement campaign: usage incentives, feature education, win-back offer"
66107,2,0.44934818,High-Usage / Handset-Gap,Device upgrade or contract-renewal incentive (heavy users on aging handsets)
69403,1,0.33506772,Low-Engagement / Passive,"Re-engagement campaign: usage incentives, feature education, win-back offer"
63716,2,0.22302122,High-Usage / Handset-Gap,Device upgrade or contract-renewal incentive (heavy users on aging handsets)
51601,1,0.37828776,Low-Engagement / Passive,"Re-engagement campaign: usage incentives, feature education, win-back offer"
64525,1,0.46397457,Low-Engagement / Passive,"Re-engagement campaign: usage incentives, feature education, win-back offer"
62663,1,0.4186808,Low-Engagement / Passive,"Re-engagement campaign: usage incentives, feature education, win-back offer"
62557,1,0.47644967,Low-Engagement / Passive,"Re-engagement campaign: usage incentives, feature education, win-back offer"
63595,0,0.39984742,At-Risk / Retention-Contact,Priority retention outreach + service recovery (already contacted us)
68367,2,0.42165074,High-Usage / Handset-Gap,Device upgrade or contract-renewal incentive (heavy users on aging handsets)
59070,2,0.64372224,High-Usage / Handset-Gap,Device upgrade or contract-renewal incentive (heavy users on aging handsets)
52147,2,0.15757132,High-Usage / Handset-Gap,Device upgrade or contract-renewal incentive (heavy users on aging handsets)
56224,1,0.3813104,Low-Engagement / Passive,"Re-engagement campaign: usage incentives, feature education, win-back offer"
59453,1,0.32399118,Low-Engagement / Passive,"Re-engagement campaign: usage incentives, feature education, win-back offer"
55515,2,0.1771557,High-Usage / Handset-Gap,Device upgrade or contract-renewal incentive (heavy users on aging handsets)
54491,1,0.43246958,Low-Engagement / Passive,"Re-engagement campaign: usage incentives, feature education, win-back offer"
62653,1,0.30569077,Low-Engagement / Passive,"Re-engagement campaign: usage incentives, feature education, win-back offer"
56187,1,0.445122,Low-Engagement / Passive,"Re-engagement campaign: usage incentives, feature education, win-back offer"
55167,2,0.51811445,High-Usage / Handset-Gap,Device upgrade or contract-renewal incentive (heavy users on aging handsets)
68482,1,0.31520867,Low-Engagement / Passive,"Re-engagement campaign: usage incentives, feature education, win-back offer"
61525,1,0.57069933,Low-Engagement / Passive,"Re-engagement campaign: usage incentives, feature education, win-back offer"
70573,1,0.10972312,Low-Engagement / Passive,"Re-engagement campaign: usage incentives, feature education, win-back offer"
59177,1,0.4269443,Low-Engagement / Passive,"Re-engagement campaign: usage incentives, feature education, win-back offer"
56512,1,0.34078667,Low-Engagement / Passive,"Re-engagement campaign: usage incentives, feature education, win-back offer"
52149,2,0.351964,High-Usage / Handset-Gap,Device upgrade or contract-renewal incentive (heavy users on aging handsets)
60100,1,0.38709706,Low-Engagement / Passive,"Re-engagement campaign: usage incentives, feature education, win-back offer"
58085,1,0.29795936,Low-Engagement / Passive,"Re-engagement campaign: usage incentives, feature education, win-back offer"
61530,1,0.30598876,Low-Engagement / Passive,"Re-engagement campaign: usage incentives, feature education, win-back offer"
68218,2,0.42574203,High-Usage / Handset-Gap,Device upgrade or contract-renewal incentive (heavy users on aging handsets)
60550,1,0.35227302,Low-Engagement / Passive,"Re-engagement campaign: usage incentives, feature education, win-back offer"
61182,1,0.56284237,Low-Engagement / Passive,"Re-engagement campaign: usage incentives, feature education, win-back offer"
66204,1,0.48905918,Low-Engagement / Passive,"Re-engagement campaign: usage incentives, feature education, win-back offer"
66812,1,0.16526094,Low-Engagement / Passive,"Re-engagement campaign: usage incentives, feature education, win-back offer"
65440,0,0.77794677,At-Risk / Retention-Contact,Priority retention outreach + service recovery (already contacted us)
56351,1,0.49548602,Low-Engagement / Passive,"Re-engagement campaign: usage incentives, feature education, win-back offer"
51437,2,0.44434866,High-Usage / Handset-Gap,Device upgrade or contract-renewal incentive (heavy users on aging handsets)
59472,1,0.1930185,Low-Engagement / Passive,"Re-engagement campaign: usage incentives, feature education, win-back offer"
69192,1,0.66498315,Low-Engagement / Passive,"Re-engagement campaign: usage incentives, feature education, win-back offer"
55872,1,0.2260045,Low-Engagement / Passive,"Re-engagement campaign: usage incentives, feature education, win-back offer"
51890,2,0.27136433,High-Usage / Handset-Gap,Device upgrade or contract-renewal incentive (heavy users on aging handsets)
62262,1,0.3950156,Low-Engagement / Passive,"Re-engagement campaign: usage incentives, feature education, win-back offer"
53070,1,0.18423952,Low-Engagement / Passive,"Re-engagement campaign: usage incentives, feature education, win-back offer"
30687,1,0.27935964,Low-Engagement / Passive,"Re-engagement campaign: usage incentives, feature education, win-back offer"
65027,2,0.6746233,High-Usage / Handset-Gap,Device upgrade or contract-renewal incentive (heavy users on aging handsets)
55266,1,0.33389106,Low-Engagement / Passive,"Re-engagement campaign: usage incentives, feature education, win-back offer"
69770,1,0.41897756,Low-Engagement / Passive,"Re-engagement campaign: usage incentives, feature education, win-back offer"
57900,2,0.33485574,High-Usage / Handset-Gap,Device upgrade or contract-renewal incentive (heavy users on aging handsets)
57251,1,0.29930648,Low-Engagement / Passive,"Re-engagement campaign: usage incentives, feature education, win-back offer"
59898,1,0.28074074,Low-Engagement / Passive,"Re-engagement campaign: usage incentives, feature education, win-back offer"
60109,1,0.23265885,Low-Engagement / Passive,"Re-engagement campaign: usage incentives, feature education, win-back offer"
62335,2,0.24699254,High-Usage / Handset-Gap,Device upgrade or contract-renewal incentive (heavy users on aging handsets)
53951,1,0.3497673,Low-Engagement / Passive,"Re-engagement campaign: usage incentives, feature education, win-back offer"
64404,1,0.2874513,Low-Engagement / Passive,"Re-engagement campaign: usage incentives, feature education, win-back offer"
56982,1,0.3142121,Low-Engagement / Passive,"Re-engagement campaign: usage incentives, feature education, win-back offer"
63288,2,0.6144592,High-Usage / Handset-Gap,Device upgrade or contract-renewal incentive (heavy users on aging handsets)
64572,1,0.5397603,Low-Engagement / Passive,"Re-engagement campaign: usage incentives, feature education, win-back offer"
63889,1,0.11891534,Low-Engagement / Passive,"Re-engagement campaign: usage incentives, feature education, win-back offer"
61013,2,0.46671766,High-Usage / Handset-Gap,Device upgrade or contract-renewal incentive (heavy users on aging handsets)
55498,1,0.2728592,Low-Engagement / Passive,"Re-engagement campaign: usage incentives, feature education, win-back offer"
66816,1,0.3855726,Low-Engagement / Passive,"Re-engagement campaign: usage incentives, feature education, win-back offer"
59698,1,0.3057222,Low-Engagement / Passive,"Re-engagement campaign: usage incentives, feature education, win-back offer"
68645,2,0.46825778,High-Usage / Handset-Gap,Device upgrade or contract-renewal incentive (heavy users on aging handsets)
31046,1,0.46467385,Low-Engagement / Passive,"Re-engagement campaign: usage incentives, feature education, win-back offer"
70974,0,0.38965672,At-Risk / Retention-Contact,Priority retention outreach + service recovery (already contacted us)
57300,2,0.3702855,High-Usage / Handset-Gap,Device upgrade or contract-renewal incentive (heavy users on aging handsets)
51219,0,0.4190329,At-Risk / Retention-Contact,Priority retention outreach + service recovery (already contacted us)
54635,1,0.43266842,Low-Engagement / Passive,"Re-engagement campaign: usage incentives, feature education, win-back offer"
54808,2,0.71151996,High-Usage / Handset-Gap,Device upgrade or contract-renewal incentive (heavy users on aging handsets)
64478,1,0.36732414,Low-Engagement / Passive,"Re-engagement campaign: usage incentives, feature education, win-back offer"
68945,1,0.19685835,Low-Engagement / Passive,"Re-engagement campaign: usage incentives, feature education, win-back offer"
31036,1,0.32330382,Low-Engagement / Passive,"Re-engagement campaign: usage incentives, feature education, win-back offer"
64637,2,0.28904274,High-Usage / Handset-Gap,Device upgrade or contract-renewal incentive (heavy users on aging handsets)
64386,1,0.5556673,Low-Engagement / Passive,"Re-engagement campaign: usage incentives, feature education, win-back offer"
54722,1,0.1911583,Low-Engagement / Passive,"Re-engagement campaign: usage incentives, feature education, win-back offer"
61977,2,0.45914105,High-Usage / Handset-Gap,Device upgrade or contract-renewal incentive (heavy users on aging handsets)
67106,2,0.4097234,High-Usage / Handset-Gap,Device upgrade or contract-renewal incentive (heavy users on aging handsets)
62213,1,0.44485465,Low-Engagement / Passive,"Re-engagement campaign: usage incentives, feature education, win-back offer"
61137,1,0.41056386,Low-Engagement / Passive,"Re-engagement campaign: usage incentives, feature education, win-back offer"
59614,2,0.25980923,High-Usage / Handset-Gap,Device upgrade or contract-renewal incentive (heavy users on aging handsets)
30754,1,0.25375935,Low-Engagement / Passive,"Re-engagement campaign: usage incentives, feature education, win-back offer"
57450,2,0.38385925,High-Usage / Handset-Gap,Device upgrade or contract-renewal incentive (heavy users on aging handsets)
57758,1,0.21141666,Low-Engagement / Passive,"Re-engagement campaign: usage incentives, feature education, win-back offer"
57654,1,0.35378397,Low-Engagement / Passive,"Re-engagement campaign: usage incentives, feature education, win-back offer"
69013,0,0.87948453,At-Risk / Retention-Contact,Priority retention outreach + service recovery (already contacted us)
61719,0,0.4288374,At-Risk / Retention-Contact,Priority retention outreach + service recovery (already contacted us)
60499,1,0.37161785,Low-Engagement / Passive,"Re-engagement campaign: usage incentives, feature education, win-back offer"
56437,1,0.31765035,Low-Engagement / Passive,"Re-engagement campaign: usage incentives, feature education, win-back offer"
70333,1,0.20110312,Low-Engagement / Passive,"Re-engagement campaign: usage incentives, feature education, win-back offer"
65978,2,0.4002249,High-Usage / Handset-Gap,Device upgrade or contract-renewal incentive (heavy users on aging handsets)
52872,1,0.104459144,Low-Engagement / Passive,"Re-engagement campaign: usage incentives, feature education, win-back offer"
65137,1,0.33586353,Low-Engagement / Passive,"Re-engagement campaign: usage incentives, feature education, win-back offer"
66197,1,0.31220666,Low-Engagement / Passive,"Re-engagement campaign: usage incentives, feature education, win-back offer"
57390,1,0.1478243,Low-Engagement / Passive,"Re-engagement campaign: usage incentives, feature education, win-back offer"
70846,1,0.5944359,Low-Engagement / Passive,"Re-engagement campaign: usage incentives, feature education, win-back offer"
51201,2,0.37283304,High-Usage / Handset-Gap,Device upgrade or contract-renewal incentive (heavy users on aging handsets)
63271,2,0.6785248,High-Usage / Handset-Gap,Device upgrade or contract-renewal incentive (heavy users on aging handsets)
66422,1,0.26262045,Low-Engagement / Passive,"Re-engagement campaign: usage incentives, feature education, win-back offer"
68190,1,0.34776914,Low-Engagement / Passive,"Re-engagement campaign: usage incentives, feature education, win-back offer"
30684,1,0.45235965,Low-Engagement / Passive,"Re-engagement campaign: usage incentives, feature education, win-back offer"
58975,1,0.3798465,Low-Engagement / Passive,"Re-engagement campaign: usage incentives, feature education, win-back offer"
53623,1,0.16159895,Low-Engagement / Passive,"Re-engagement campaign: usage incentives, feature education, win-back offer"
63276,1,0.38968042,Low-Engagement / Passive,"Re-engagement campaign: usage incentives, feature education, win-back offer"
53279,2,0.20505054,High-Usage / Handset-Gap,Device upgrade or contract-renewal incentive (heavy users on aging handsets)
51173,1,0.25031075,Low-Engagement / Passive,"Re-engagement campaign: usage incentives, feature education, win-back offer"
52160,1,0.28522748,Low-Engagement / Passive,"Re-engagement campaign: usage incentives, feature education, win-back offer"
59732,1,0.16997942,Low-Engagement / Passive,"Re-engagement campaign: usage incentives, feature education, win-back offer"
58571,2,0.25031248,High-Usage / Handset-Gap,Device upgrade or contract-renewal incentive (heavy users on aging handsets)
57027,1,0.19698325,Low-Engagement / Passive,"Re-engagement campaign: usage incentives, feature education, win-back offer"
57534,2,0.25552014,High-Usage / Handset-Gap,Device upgrade or contract-renewal incentive (heavy users on aging handsets)
57664,2,0.31556872,High-Usage / Handset-Gap,Device upgrade or contract-renewal incentive (heavy users on aging handsets)
69700,2,0.07892084,High-Usage / Handset-Gap,Device upgrade or contract-renewal incentive (heavy users on aging handsets)
67178,1,0.51695174,Low-Engagement / Passive,"Re-engagement campaign: usage incentives, feature education, win-back offer"
64084,2,0.6025921,High-Usage / Handset-Gap,Device upgrade or contract-renewal incentive (heavy users on aging handsets)
69916,1,0.40429386,Low-Engagement / Passive,"Re-engagement campaign: usage incentives, feature education, win-back offer"
65990,2,0.18843924,High-Usage / Handset-Gap,Device upgrade or contract-renewal incentive (heavy users on aging handsets)
63043,0,0.44120854,At-Risk / Retention-Contact,Priority retention outreach + service recovery (already contacted us)
59172,1,0.26265752,Low-Engagement / Passive,"Re-engagement campaign: usage incentives, feature education, win-back offer"
57730,2,0.31606144,High-Usage / Handset-Gap,Device upgrade or contract-renewal incentive (heavy users on aging handsets)
62799,1,0.52334356,Low-Engagement / Passive,"Re-engagement campaign: usage incentives, feature education, win-back offer"
66801,1,0.22427155,Low-Engagement / Passive,"Re-engagement campaign: usage incentives, feature education, win-back offer"
67926,1,0.38893393,Low-Engagement / Passive,"Re-engagement campaign: usage incentives, feature education, win-back offer"
69236,1,0.18585837,Low-Engagement / Passive,"Re-engagement campaign: usage incentives, feature education, win-back offer"
68209,2,0.70081955,High-Usage / Handset-Gap,Device upgrade or contract-renewal incentive (heavy users on aging handsets)
57485,1,0.43188056,Low-Engagement / Passive,"Re-engagement campaign: usage incentives, feature education, win-back offer"
30595,2,0.34926948,High-Usage / Handset-Gap,Device upgrade or contract-renewal incentive (heavy users on aging handsets)
62221,2,0.2952865,High-Usage / Handset-Gap,Device upgrade or contract-renewal incentive (heavy users on aging handsets)
59791,1,0.23573115,Low-Engagement / Passive,"Re-engagement campaign: usage incentives, feature education, win-back offer"
65547,2,0.42672944,High-Usage / Handset-Gap,Device upgrade or contract-renewal incentive (heavy users on aging handsets)
52077,1,0.33040443,Low-Engagement / Passive,"Re-engagement campaign: usage incentives, feature education, win-back offer"
53905,2,0.36527586,High-Usage / Handset-Gap,Device upgrade or contract-renewal incentive (heavy users on aging handsets)
51205,1,0.3370864,Low-Engagement / Passive,"Re-engagement campaign: usage incentives, feature education, win-back offer"
55220,1,0.32887372,Low-Engagement / Passive,"Re-engagement campaign: usage incentives, feature education, win-back offer"
57619,1,0.28237528,Low-Engagement / Passive,"Re-engagement campaign: usage incentives, feature education, win-back offer"
65967,2,0.14718576,High-Usage / Handset-Gap,Device upgrade or contract-renewal incentive (heavy users on aging handsets)
57815,2,0.35494545,High-Usage / Handset-Gap,Device upgrade or contract-renewal incentive (heavy users on aging handsets)
68513,2,0.7072502,High-Usage / Handset-Gap,Device upgrade or contract-renewal incentive (heavy users on aging handsets)
52269,1,0.3777442,Low-Engagement / Passive,"Re-engagement campaign: usage incentives, feature education, win-back offer"
54587,2,0.16376956,High-Usage / Handset-Gap,Device upgrade or contract-renewal incentive (heavy users on aging handsets)
68544,1,0.21734484,Low-Engagement / Passive,"Re-engagement campaign: usage incentives, feature education, win-back offer"
53221,1,0.21822143,Low-Engagement / Passive,"Re-engagement campaign: usage incentives, feature education, win-back offer"
59335,2,0.3049719,High-Usage / Handset-Gap,Device upgrade or contract-renewal incentive (heavy users on aging handsets)
67933,2,0.652921,High-Usage / Handset-Gap,Device upgrade or contract-renewal incentive (heavy users on aging handsets)
62559,1,0.48803324,Low-Engagement / Passive,"Re-engagement campaign: usage incentives, feature education, win-back offer"
60779,0,0.33483136,At-Risk / Retention-Contact,Priority retention outreach + service recovery (already contacted us)
59420,1,0.37765926,Low-Engagement / Passive,"Re-engagement campaign: usage incentives, feature education, win-back offer"
60935,2,0.37354296,High-Usage / Handset-Gap,Device upgrade or contract-renewal incentive (heavy users on aging handsets)
64628,1,0.4237715,Low-Engagement / Passive,"Re-engagement campaign: usage incentives, feature education, win-back offer"
66848,2,0.67915386,High-Usage / Handset-Gap,Device upgrade or contract-renewal incentive (heavy users on aging handsets)
64308,1,0.37031034,Low-Engagement / Passive,"Re-engagement campaign: usage incentives, feature education, win-back offer"
69162,1,0.47472578,Low-Engagement / Passive,"Re-engagement campaign: usage incentives, feature education, win-back offer"
56531,2,0.3923738,High-Usage / Handset-Gap,Device upgrade or contract-renewal incentive (heavy users on aging handsets)
69523,1,0.46751055,Low-Engagement / Passive,"Re-engagement campaign: usage incentives, feature education, win-back offer"
61120,1,0.30731878,Low-Engagement / Passive,"Re-engagement campaign: usage incentives, feature education, win-back offer"
68216,1,0.2375847,Low-Engagement / Passive,"Re-engagement campaign: usage incentives, feature education, win-back offer"
70311,1,0.21636924,Low-Engagement / Passive,"Re-engagement campaign: usage incentives, feature education, win-back offer"
59408,2,0.22687763,High-Usage / Handset-Gap,Device upgrade or contract-renewal incentive (heavy users on aging handsets)
56001,1,0.08706471,Low-Engagement / Passive,"Re-engagement campaign: usage incentives, feature education, win-back offer"
69057,1,0.37660736,Low-Engagement / Passive,"Re-engagement campaign: usage incentives, feature education, win-back offer"
64524,1,0.42533353,Low-Engagement / Passive,"Re-engagement campaign: usage incentives, feature education, win-back offer"
68560,1,0.18481974,Low-Engagement / Passive,"Re-engagement campaign: usage incentives, feature education, win-back offer"
66734,1,0.19135274,Low-Engagement / Passive,"Re-engagement campaign: usage incentives, feature education, win-back offer"
51466,1,0.10417265,Low-Engagement / Passive,"Re-engagement campaign: usage incentives, feature education, win-back offer"
60138,1,0.44586402,Low-Engagement / Passive,"Re-engagement campaign: usage incentives, feature education, win-back offer"
54523,1,0.36743462,Low-Engagement / Passive,"Re-engagement campaign: usage incentives, feature education, win-back offer"
54612,2,0.28483215,High-Usage / Handset-Gap,Device upgrade or contract-renewal incentive (heavy users on aging handsets)
52740,2,0.3230638,High-Usage / Handset-Gap,Device upgrade or contract-renewal incentive (heavy users on aging handsets)
68088,1,0.42586082,Low-Engagement / Passive,"Re-engagement campaign: usage incentives, feature education, win-back offer"
68625,0,0.67637044,At-Risk / Retention-Contact,Priority retention outreach + service recovery (already contacted us)
64819,1,0.60195976,Low-Engagement / Passive,"Re-engagement campaign: usage incentives, feature education, win-back offer"
59896,1,0.34196663,Low-Engagement / Passive,"Re-engagement campaign: usage incentives, feature education, win-back offer"
70125,1,0.2727728,Low-Engagement / Passive,"Re-engagement campaign: usage incentives, feature education, win-back offer"
59413,2,0.34191042,High-Usage / Handset-Gap,Device upgrade or contract-renewal incentive (heavy users on aging handsets)
60474,1,0.3879572,Low-Engagement / Passive,"Re-engagement campaign: usage incentives, feature education, win-back offer"
59917,2,0.32685465,High-Usage / Handset-Gap,Device upgrade or contract-renewal incentive (heavy users on aging handsets)
62445,1,0.52468956,Low-Engagement / Passive,"Re-engagement campaign: usage incentives, feature education, win-back offer"
57630,1,0.5506888,Low-Engagement / Passive,"Re-engagement campaign: usage incentives, feature education, win-back offer"
51642,2,0.74730265,High-Usage / Handset-Gap,Device upgrade or contract-renewal incentive (heavy users on aging handsets)
62201,1,0.41360253,Low-Engagement / Passive,"Re-engagement campaign: usage incentives, feature education, win-back offer"
56014,1,0.19110407,Low-Engagement / Passive,"Re-engagement campaign: usage incentives, feature education, win-back offer"
61523,2,0.5290076,High-Usage / Handset-Gap,Device upgrade or contract-renewal incentive (heavy users on aging handsets)
51334,2,0.31326562,High-Usage / Handset-Gap,Device upgrade or contract-renewal incentive (heavy users on aging handsets)
70725,2,0.41560376,High-Usage / Handset-Gap,Device upgrade or contract-renewal incentive (heavy users on aging handsets)
55622,1,0.39535242,Low-Engagement / Passive,"Re-engagement campaign: usage incentives, feature education, win-back offer"
70149,1,0.106331356,Low-Engagement / Passive,"Re-engagement campaign: usage incentives, feature education, win-back offer"
68276,1,0.2574958,Low-Engagement / Passive,"Re-engagement campaign: usage incentives, feature education, win-back offer"
57812,1,0.33830526,Low-Engagement / Passive,"Re-engagement campaign: usage incentives, feature education, win-back offer"
51213,1,0.2808708,Low-Engagement / Passive,"Re-engagement campaign: usage incentives, feature education, win-back offer"
70796,2,0.28321636,High-Usage / Handset-Gap,Device upgrade or contract-renewal incentive (heavy users on aging handsets)
66898,2,0.31917438,High-Usage / Handset-Gap,Device upgrade or contract-renewal incentive (heavy users on aging handsets)
57994,2,0.35369122,High-Usage / Handset-Gap,Device upgrade or contract-renewal incentive (heavy users on aging handsets)
67332,1,0.2204673,Low-Engagement / Passive,"Re-engagement campaign: usage incentives, feature education, win-back offer"
62290,2,0.48020878,High-Usage / Handset-Gap,Device upgrade or contract-renewal incentive (heavy users on aging handsets)
64678,1,0.4863939,Low-Engagement / Passive,"Re-engagement campaign: usage incentives, feature education, win-back offer"
52469,2,0.51261353,High-Usage / Handset-Gap,Device upgrade or contract-renewal incentive (heavy users on aging handsets)
60380,1,0.13052198,Low-Engagement / Passive,"Re-engagement campaign: usage incentives, feature education, win-back offer"
65305,2,0.15473238,High-Usage / Handset-Gap,Device upgrade or contract-renewal incentive (heavy users on aging handsets)
60694,0,0.2678115,At-Risk / Retention-Contact,Priority retention outreach + service recovery (already contacted us)
60430,2,0.2826589,High-Usage / Handset-Gap,Device upgrade or contract-renewal incentive (heavy users on aging handsets)
59937,1,0.18938029,Low-Engagement / Passive,"Re-engagement campaign: usage incentives, feature education, win-back offer"
55522,1,0.10728879,Low-Engagement / Passive,"Re-engagement campaign: usage incentives, feature education, win-back offer"
66716,2,0.19853003,High-Usage / Handset-Gap,Device upgrade or contract-renewal incentive (heavy users on aging handsets)
30961,1,0.7379444,Low-Engagement / Passive,"Re-engagement campaign: usage incentives, feature education, win-back offer"
56235,1,0.40547547,Low-Engagement / Passive,"Re-engagement campaign: usage incentives, feature education, win-back offer"
70992,1,0.22495826,Low-Engagement / Passive,"Re-engagement campaign: usage incentives, feature education, win-back offer"
57780,1,0.2904447,Low-Engagement / Passive,"Re-engagement campaign: usage incentives, feature education, win-back offer"
53261,2,0.42381305,High-Usage / Handset-Gap,Device upgrade or contract-renewal incentive (heavy users on aging handsets)
56343,1,0.21303427,Low-Engagement / Passive,"Re-engagement campaign: usage incentives, feature education, win-back offer"
51079,2,0.378577,High-Usage / Handset-Gap,Device upgrade or contract-renewal incentive (heavy users on aging handsets)
55180,1,0.066441745,Low-Engagement / Passive,"Re-engagement campaign: usage incentives, feature education, win-back offer"
64614,2,0.3589941,High-Usage / Handset-Gap,Device upgrade or contract-renewal incentive (heavy users on aging handsets)
70435,2,0.16466558,High-Usage / Handset-Gap,Device upgrade or contract-renewal incentive (heavy users on aging handsets)
59501,2,0.22672029,High-Usage / Handset-Gap,Device upgrade or contract-renewal incentive (heavy users on aging handsets)
66842,1,0.375096,Low-Engagement / Passive,"Re-engagement campaign: usage incentives, feature education, win-back offer"
70797,1,0.087077364,Low-Engagement / Passive,"Re-engagement campaign: usage incentives, feature education, win-back offer"
56879,1,0.23338361,Low-Engagement / Passive,"Re-engagement campaign: usage incentives, feature education, win-back offer"
68357,1,0.37322095,Low-Engagement / Passive,"Re-engagement campaign: usage incentives, feature education, win-back offer"
68108,1,0.3432346,Low-Engagement / Passive,"Re-engagement campaign: usage incentives, feature education, win-back offer"
65284,1,0.13423435,Low-Engagement / Passive,"Re-engagement campaign: usage incentives, feature education, win-back offer"
56061,2,0.28493813,High-Usage / Handset-Gap,Device upgrade or contract-renewal incentive (heavy users on aging handsets)
64639,1,0.18670082,Low-Engagement / Passive,"Re-engagement campaign: usage incentives, feature education, win-back offer"
54908,2,0.36169878,High-Usage / Handset-Gap,Device upgrade or contract-renewal incentive (heavy users on aging handsets)
62726,2,0.21314396,High-Usage / Handset-Gap,Device upgrade or contract-renewal incentive (heavy users on aging handsets)
67050,1,0.20403789,Low-Engagement / Passive,"Re-engagement campaign: usage incentives, feature education, win-back offer"
61085,2,0.32367823,High-Usage / Handset-Gap,Device upgrade or contract-renewal incentive (heavy users on aging handsets)
61129,1,0.47343707,Low-Engagement / Passive,"Re-engagement campaign: usage incentives, feature education, win-back offer"
62391,1,0.45630625,Low-Engagement / Passive,"Re-engagement campaign: usage incentives, feature education, win-back offer"
68423,2,0.4595303,High-Usage / Handset-Gap,Device upgrade or contract-renewal incentive (heavy users on aging handsets)
70967,2,0.45932347,High-Usage / Handset-Gap,Device upgrade or contract-renewal incentive (heavy users on aging handsets)
59688,1,0.40149873,Low-Engagement / Passive,"Re-engagement campaign: usage incentives, feature education, win-back offer"
68223,1,0.4924056,Low-Engagement / Passive,"Re-engagement campaign: usage incentives, feature education, win-back offer"
60465,1,0.17511664,Low-Engagement / Passive,"Re-engagement campaign: usage incentives, feature education, win-back offer"
63706,2,0.43497494,High-Usage / Handset-Gap,Device upgrade or contract-renewal incentive (heavy users on aging handsets)
63586,2,0.43260592,High-Usage / Handset-Gap,Device upgrade or contract-renewal incentive (heavy users on aging handsets)
63739,2,0.43198732,High-Usage / Handset-Gap,Device upgrade or contract-renewal incentive (heavy users on aging handsets)
52964,2,0.36078906,High-Usage / Handset-Gap,Device upgrade or contract-renewal incentive (heavy users on aging handsets)
54204,2,0.347922,High-Usage / Handset-Gap,Device upgrade or contract-renewal incentive (heavy users on aging handsets)
69877,1,0.41101858,Low-Engagement / Passive,"Re-engagement campaign: usage incentives, feature education, win-back offer"
63299,2,0.68051505,High-Usage / Handset-Gap,Device upgrade or contract-renewal incentive (heavy users on aging handsets)
66591,2,0.39971834,High-Usage / Handset-Gap,Device upgrade or contract-renewal incentive (heavy users on aging handsets)
54424,2,0.8023949,High-Usage / Handset-Gap,Device upgrade or contract-renewal incentive (heavy users on aging handsets)
68194,2,0.37277466,High-Usage / Handset-Gap,Device upgrade or contract-renewal incentive (heavy users on aging handsets)
56915,0,0.5414356,At-Risk / Retention-Contact,Priority retention outreach + service recovery (already contacted us)
69948,2,0.081102386,High-Usage / Handset-Gap,Device upgrade or contract-renewal incentive (heavy users on aging handsets)
58876,2,0.339052,High-Usage / Handset-Gap,Device upgrade or contract-renewal incentive (heavy users on aging handsets)
61285,2,0.3982955,High-Usage / Handset-Gap,Device upgrade or contract-renewal incentive (heavy users on aging handsets)
68374,1,0.332444,Low-Engagement / Passive,"Re-engagement campaign: usage incentives, feature education, win-back offer"
66517,1,0.2996624,Low-Engagement / Passive,"Re-engagement campaign: usage incentives, feature education, win-back offer"
62198,2,0.4180976,High-Usage / Handset-Gap,Device upgrade or contract-renewal incentive (heavy users on aging handsets)
69455,2,0.38682657,High-Usage / Handset-Gap,Device upgrade or contract-renewal incentive (heavy users on aging handsets)
55109,1,0.13248971,Low-Engagement / Passive,"Re-engagement campaign: usage incentives, feature education, win-back offer"
57371,2,0.23583989,High-Usage / Handset-Gap,Device upgrade or contract-renewal incentive (heavy users on aging handsets)
52642,2,0.313787,High-Usage / Handset-Gap,Device upgrade or contract-renewal incentive (heavy users on aging handsets)
59658,1,0.3620044,Low-Engagement / Passive,"Re-engagement campaign: usage incentives, feature education, win-back offer"
63082,0,0.66108435,At-Risk / Retention-Contact,Priority retention outreach + service recovery (already contacted us)
61479,1,0.51125145,Low-Engagement / Passive,"Re-engagement campaign: usage incentives, feature education, win-back offer"
62487,2,0.40796483,High-Usage / Handset-Gap,Device upgrade or contract-renewal incentive (heavy users on aging handsets)
59231,2,0.2837585,High-Usage / Handset-Gap,Device upgrade or contract-renewal incentive (heavy users on aging handsets)
66942,2,0.28490365,High-Usage / Handset-Gap,Device upgrade or contract-renewal incentive (heavy users on aging handsets)
69015,1,0.25130653,Low-Engagement / Passive,"Re-engagement campaign: usage incentives, feature education, win-back offer"
61680,1,0.4551368,Low-Engagement / Passive,"Re-engagement campaign: usage incentives, feature education, win-back offer"
60884,1,0.27540764,Low-Engagement / Passive,"Re-engagement campaign: usage incentives, feature education, win-back offer"
52834,1,0.4814528,Low-Engagement / Passive,"Re-engagement campaign: usage incentives, feature education, win-back offer"
52050,1,0.3350706,Low-Engagement / Passive,"Re-engagement campaign: usage incentives, feature education, win-back offer"
69984,1,0.1557769,Low-Engagement / Passive,"Re-engagement campaign: usage incentives, feature education, win-back offer"
59634,2,0.40425515,High-Usage / Handset-Gap,Device upgrade or contract-renewal incentive (heavy users on aging handsets)
63470,1,0.4042251,Low-Engagement / Passive,"Re-engagement campaign: usage incentives, feature education, win-back offer"
70881,2,0.4303376,High-Usage / Handset-Gap,Device upgrade or contract-renewal incentive (heavy users on aging handsets)
56537,2,0.38941652,High-Usage / Handset-Gap,Device upgrade or contract-renewal incentive (heavy users on aging handsets)
66576,2,0.40221557,High-Usage / Handset-Gap,Device upgrade or contract-renewal incentive (heavy users on aging handsets)
60053,1,0.36330414,Low-Engagement / Passive,"Re-engagement campaign: usage incentives, feature education, win-back offer"
65168,2,0.5891293,High-Usage / Handset-Gap,Device upgrade or contract-renewal incentive (heavy users on aging handsets)
53775,1,0.37730327,Low-Engagement / Passive,"Re-engagement campaign: usage incentives, feature education, win-back offer"
58476,2,0.35186988,High-Usage / Handset-Gap,Device upgrade or contract-renewal incentive (heavy users on aging handsets)
64173,2,0.2768612,High-Usage / Handset-Gap,Device upgrade or contract-renewal incentive (heavy users on aging handsets)
53665,1,0.24283084,Low-Engagement / Passive,"Re-engagement campaign: usage incentives, feature education, win-back offer"
58521,1,0.26169044,Low-Engagement / Passive,"Re-engagement campaign: usage incentives, feature education, win-back offer"
62685,1,0.52615106,Low-Engagement / Passive,"Re-engagement campaign: usage incentives, feature education, win-back offer"
70127,2,0.2610788,High-Usage / Handset-Gap,Device upgrade or contract-renewal incentive (heavy users on aging handsets)
61103,2,0.21967965,High-Usage / Handset-Gap,Device upgrade or contract-renewal incentive (heavy users on aging handsets)
51895,1,0.12612104,Low-Engagement / Passive,"Re-engagement campaign: usage incentives, feature education, win-back offer"
65543,1,0.57263947,Low-Engagement / Passive,"Re-engagement campaign: usage incentives, feature education, win-back offer"
58004,1,0.2796188,Low-Engagement / Passive,"Re-engagement campaign: usage incentives, feature education, win-back offer"
57416,2,0.39029807,High-Usage / Handset-Gap,Device upgrade or contract-renewal incentive (heavy users on aging handsets)
52763,1,0.22924925,Low-Engagement / Passive,"Re-engagement campaign: usage incentives, feature education, win-back offer"
58446,1,0.3327674,Low-Engagement / Passive,"Re-engagement campaign: usage incentives, feature education, win-back offer"
65228,1,0.294171,Low-Engagement / Passive,"Re-engagement campaign: usage incentives, feature education, win-back offer"
69293,1,0.13199492,Low-Engagement / Passive,"Re-engagement campaign: usage incentives, feature education, win-back offer"
63839,1,0.3441217,Low-Engagement / Passive,"Re-engagement campaign: usage incentives, feature education, win-back offer"
58182,1,0.45410258,Low-Engagement / Passive,"Re-engagement campaign: usage incentives, feature education, win-back offer"
63097,1,0.3787004,Low-Engagement / Passive,"Re-engagement campaign: usage incentives, feature education, win-back offer"
61442,2,0.28439948,High-Usage / Handset-Gap,Device upgrade or contract-renewal incentive (heavy users on aging handsets)
62057,1,0.37429622,Low-Engagement / Passive,"Re-engagement campaign: usage incentives, feature education, win-back offer"
63823,1,0.5780063,Low-Engagement / Passive,"Re-engagement campaign: usage incentives, feature education, win-back offer"
64673,1,0.46159458,Low-Engagement / Passive,"Re-engagement campaign: usage incentives, feature education, win-back offer"
61625,0,0.56898767,At-Risk / Retention-Contact,Priority retention outreach + service recovery (already contacted us)
52328,2,0.3668645,High-Usage / Handset-Gap,Device upgrade or contract-renewal incentive (heavy users on aging handsets)
57955,1,0.42024255,Low-Engagement / Passive,"Re-engagement campaign: usage incentives, feature education, win-back offer"
68181,1,0.39828807,Low-Engagement / Passive,"Re-engagement campaign: usage incentives, feature education, win-back offer"
53060,1,0.29110667,Low-Engagement / Passive,"Re-engagement campaign: usage incentives, feature education, win-back offer"
54531,2,0.53270036,High-Usage / Handset-Gap,Device upgrade or contract-renewal incentive (heavy users on aging handsets)
56467,2,0.38375774,High-Usage / Handset-Gap,Device upgrade or contract-renewal incentive (heavy users on aging handsets)
55979,2,0.329639,High-Usage / Handset-Gap,Device upgrade or contract-renewal incentive (heavy users on aging handsets)
58308,1,0.3220869,Low-Engagement / Passive,"Re-engagement campaign: usage incentives, feature education, win-back offer"
59167,1,0.18082651,Low-Engagement / Passive,"Re-engagement campaign: usage incentives, feature education, win-back offer"
62900,1,0.35457993,Low-Engagement / Passive,"Re-engagement campaign: usage incentives, feature education, win-back offer"
58178,1,0.5379393,Low-Engagement / Passive,"Re-engagement campaign: usage incentives, feature education, win-back offer"
66454,1,0.3078642,Low-Engagement / Passive,"Re-engagement campaign: usage incentives, feature education, win-back offer"
58515,1,0.5123586,Low-Engagement / Passive,"Re-engagement campaign: usage incentives, feature education, win-back offer"
60064,1,0.3067248,Low-Engagement / Passive,"Re-engagement campaign: usage incentives, feature education, win-back offer"
52448,1,0.40320194,Low-Engagement / Passive,"Re-engagement campaign: usage incentives, feature education, win-back offer"
62979,1,0.1818858,Low-Engagement / Passive,"Re-engagement campaign: usage incentives, feature education, win-back offer"
51969,2,0.3437116,High-Usage / Handset-Gap,Device upgrade or contract-renewal incentive (heavy users on aging handsets)
53557,1,0.15823011,Low-Engagement / Passive,"Re-engagement campaign: usage incentives, feature education, win-back offer"
54922,1,0.744488,Low-Engagement / Passive,"Re-engagement campaign: usage incentives, feature education, win-back offer"
64649,2,0.37327147,High-Usage / Handset-Gap,Device upgrade or contract-renewal incentive (heavy users on aging handsets)
52623,2,0.31054458,High-Usage / Handset-Gap,Device upgrade or contract-renewal incentive (heavy users on aging handsets)
68980,2,0.2365998,High-Usage / Handset-Gap,Device upgrade or contract-renewal incentive (heavy users on aging handsets)
31025,1,0.10776109,Low-Engagement / Passive,"Re-engagement campaign: usage incentives, feature education, win-back offer"
58573,1,0.5838551,Low-Engagement / Passive,"Re-engagement campaign: usage incentives, feature education, win-back offer"
54243,1,0.479265,Low-Engagement / Passive,"Re-engagement campaign: usage incentives, feature education, win-back offer"
52795,1,0.28102705,Low-Engagement / Passive,"Re-engagement campaign: usage incentives, feature education, win-back offer"
63047,1,0.39097756,Low-Engagement / Passive,"Re-engagement campaign: usage incentives, feature education, win-back offer"
67550,2,0.40116358,High-Usage / Handset-Gap,Device upgrade or contract-renewal incentive (heavy users on aging handsets)
55559,1,0.39364892,Low-Engagement / Passive,"Re-engagement campaign: usage incentives, feature education, win-back offer"
64224,1,0.29165292,Low-Engagement / Passive,"Re-engagement campaign: usage incentives, feature education, win-back offer"
68553,1,0.26139897,Low-Engagement / Passive,"Re-engagement campaign: usage incentives, feature education, win-back offer"
69361,1,0.4134668,Low-Engagement / Passive,"Re-engagement campaign: usage incentives, feature education, win-back offer"
56380,1,0.41538748,Low-Engagement / Passive,"Re-engagement campaign: usage incentives, feature education, win-back offer"
66536,2,0.61283106,High-Usage / Handset-Gap,Device upgrade or contract-renewal incentive (heavy users on aging handsets)
68521,2,0.47469646,High-Usage / Handset-Gap,Device upgrade or contract-renewal incentive (heavy users on aging handsets)
61241,1,0.3100685,Low-Engagement / Passive,"Re-engagement campaign: usage incentives, feature education, win-back offer"
64795,2,0.613422,High-Usage / Handset-Gap,Device upgrade or contract-renewal incentive (heavy users on aging handsets)
57091,1,0.5028983,Low-Engagement / Passive,"Re-engagement campaign: usage incentives, feature education, win-back offer"
55108,1,0.48686182,Low-Engagement / Passive,"Re-engagement campaign: usage incentives, feature education, win-back offer"
69760,2,0.41618785,High-Usage / Handset-Gap,Device upgrade or contract-renewal incentive (heavy users on aging handsets)
59880,2,0.33768633,High-Usage / Handset-Gap,Device upgrade or contract-renewal incentive (heavy users on aging handsets)
60046,2,0.23096189,High-Usage / Handset-Gap,Device upgrade or contract-renewal incentive (heavy users on aging handsets)
66345,1,0.4009384,Low-Engagement / Passive,"Re-engagement campaign: usage incentives, feature education, win-back offer"
57299,1,0.5089291,Low-Engagement / Passive,"Re-engagement campaign: usage incentives, feature education, win-back offer"
60972,1,0.27461275,Low-Engagement / Passive,"Re-engagement campaign: usage incentives, feature education, win-back offer"
62637,1,0.4519767,Low-Engagement / Passive,"Re-engagement campaign: usage incentives, feature education, win-back offer"
65989,2,0.07567605,High-Usage / Handset-Gap,Device upgrade or contract-renewal incentive (heavy users on aging handsets)
66031,1,0.5377932,Low-Engagement / Passive,"Re-engagement campaign: usage incentives, feature education, win-back offer"
58295,1,0.19499683,Low-Engagement / Passive,"Re-engagement campaign: usage incentives, feature education, win-back offer"
57501,1,0.10308966,Low-Engagement / Passive,"Re-engagement campaign: usage incentives, feature education, win-back offer"
54847,2,0.29127532,High-Usage / Handset-Gap,Device upgrade or contract-renewal incentive (heavy users on aging handsets)
56659,2,0.3711678,High-Usage / Handset-Gap,Device upgrade or contract-renewal incentive (heavy users on aging handsets)
67295,1,0.36736625,Low-Engagement / Passive,"Re-engagement campaign: usage incentives, feature education, win-back offer"
63919,2,0.4467569,High-Usage / Handset-Gap,Device upgrade or contract-renewal incentive (heavy users on aging handsets)
63450,1,0.45628536,Low-Engagement / Passive,"Re-engagement campaign: usage incentives, feature education, win-back offer"
62202,1,0.11742183,Low-Engagement / Passive,"Re-engagement campaign: usage incentives, feature education, win-back offer"
64997,2,0.60258156,High-Usage / Handset-Gap,Device upgrade or contract-renewal incentive (heavy users on aging handsets)
68267,1,0.4907585,Low-Engagement / Passive,"Re-engagement campaign: usage incentives, feature education, win-back offer"
56944,2,0.34832865,High-Usage / Handset-Gap,Device upgrade or contract-renewal incentive (heavy users on aging handsets)
70145,1,0.28387323,Low-Engagement / Passive,"Re-engagement campaign: usage incentives, feature education, win-back offer"
69319,1,0.48073232,Low-Engagement / Passive,"Re-engagement campaign: usage incentives, feature education, win-back offer"
63023,1,0.32074708,Low-Engagement / Passive,"Re-engagement campaign: usage incentives, feature education, win-back offer"
69789,1,0.20164491,Low-Engagement / Passive,"Re-engagement campaign: usage incentives, feature education, win-back offer"
54162,1,0.30259603,Low-Engagement / Passive,"Re-engagement campaign: usage incentives, feature education, win-back offer"
66442,1,0.224882,Low-Engagement / Passive,"Re-engagement campaign: usage incentives, feature education, win-back offer"
70467,2,0.35679027,High-Usage / Handset-Gap,Device upgrade or contract-renewal incentive (heavy users on aging handsets)
60698,1,0.21959698,Low-Engagement / Passive,"Re-engagement campaign: usage incentives, feature education, win-back offer"
61964,1,0.50903213,Low-Engagement / Passive,"Re-engagement campaign: usage incentives, feature education, win-back offer"
58562,2,0.38281938,High-Usage / Handset-Gap,Device upgrade or contract-renewal incentive (heavy users on aging handsets)
57226,1,0.5053113,Low-Engagement / Passive,"Re-engagement campaign: usage incentives, feature education, win-back offer"
54376,2,0.4427365,High-Usage / Handset-Gap,Device upgrade or contract-renewal incentive (heavy users on aging handsets)
54035,1,0.4649753,Low-Engagement / Passive,"Re-engagement campaign: usage incentives, feature education, win-back offer"
59487,1,0.46332046,Low-Engagement / Passive,"Re-engagement campaign: usage incentives, feature education, win-back offer"
68703,1,0.38892767,Low-Engagement / Passive,"Re-engagement campaign: usage incentives, feature education, win-back offer"
55740,1,0.3726744,Low-Engagement / Passive,"Re-engagement campaign: usage incentives, feature education, win-back offer"
57043,2,0.21025847,High-Usage / Handset-Gap,Device upgrade or contract-renewal incentive (heavy users on aging handsets)
57542,1,0.3439455,Low-Engagement / Passive,"Re-engagement campaign: usage incentives, feature education, win-back offer"
66021,2,0.27381644,High-Usage / Handset-Gap,Device upgrade or contract-renewal incentive (heavy users on aging handsets)
69266,0,0.45763475,At-Risk / Retention-Contact,Priority retention outreach + service recovery (already contacted us)
64227,2,0.30913413,High-Usage / Handset-Gap,Device upgrade or contract-renewal incentive (heavy users on aging handsets)
65749,2,0.4151123,High-Usage / Handset-Gap,Device upgrade or contract-renewal incentive (heavy users on aging handsets)
65544,2,0.12211783,High-Usage / Handset-Gap,Device upgrade or contract-renewal incentive (heavy users on aging handsets)
51724,1,0.32742828,Low-Engagement / Passive,"Re-engagement campaign: usage incentives, feature education, win-back offer"
51147,2,0.20170455,High-Usage / Handset-Gap,Device upgrade or contract-renewal incentive (heavy users on aging handsets)
61634,1,0.46968374,Low-Engagement / Passive,"Re-engagement campaign: usage incentives, feature education, win-back offer"
31043,2,0.4488431,High-Usage / Handset-Gap,Device upgrade or contract-renewal incentive (heavy users on aging handsets)
62892,1,0.5933239,Low-Engagement / Passive,"Re-engagement campaign: usage incentives, feature education, win-back offer"
58490,1,0.3586481,Low-Engagement / Passive,"Re-engagement campaign: usage incentives, feature education, win-back offer"
62164,0,0.7972494,At-Risk / Retention-Contact,Priority retention outreach + service recovery (already contacted us)
59250,1,0.38818148,Low-Engagement / Passive,"Re-engagement campaign: usage incentives, feature education, win-back offer"
65459,2,0.48270628,High-Usage / Handset-Gap,Device upgrade or contract-renewal incentive (heavy users on aging handsets)
51407,2,0.59587526,High-Usage / Handset-Gap,Device upgrade or contract-renewal incentive (heavy users on aging handsets)
67387,1,0.44190526,Low-Engagement / Passive,"Re-engagement campaign: usage incentives, feature education, win-back offer"
53335,2,0.6112732,High-Usage / Handset-Gap,Device upgrade or contract-renewal incentive (heavy users on aging handsets)
30502,2,0.38147917,High-Usage / Handset-Gap,Device upgrade or contract-renewal incentive (heavy users on aging handsets)
62012,2,0.40842938,High-Usage / Handset-Gap,Device upgrade or contract-renewal incentive (heavy users on aging handsets)
58752,1,0.15836006,Low-Engagement / Passive,"Re-engagement campaign: usage incentives, feature education, win-back offer"
66458,1,0.3571301,Low-Engagement / Passive,"Re-engagement campaign: usage incentives, feature education, win-back offer"
55516,0,0.20209536,At-Risk / Retention-Contact,Priority retention outreach + service recovery (already contacted us)
62669,1,0.38215908,Low-Engagement / Passive,"Re-engagement campaign: usage incentives, feature education, win-back offer"
59603,1,0.40904427,Low-Engagement / Passive,"Re-engagement campaign: usage incentives, feature education, win-back offer"
62623,1,0.43227038,Low-Engagement / Passive,"Re-engagement campaign: usage incentives, feature education, win-back offer"
63269,1,0.25070953,Low-Engagement / Passive,"Re-engagement campaign: usage incentives, feature education, win-back offer"
57155,0,0.9096559,At-Risk / Retention-Contact,Priority retention outreach + service recovery (already contacted us)
51390,1,0.13177378,Low-Engagement / Passive,"Re-engagement campaign: usage incentives, feature education, win-back offer"
54723,1,0.21979707,Low-Engagement / Passive,"Re-engagement campaign: usage incentives, feature education, win-back offer"
63938,1,0.43781266,Low-Engagement / Passive,"Re-engagement campaign: usage incentives, feature education, win-back offer"
58691,2,0.3379987,High-Usage / Handset-Gap,Device upgrade or contract-renewal incentive (heavy users on aging handsets)
52017,2,0.33902168,High-Usage / Handset-Gap,Device upgrade or contract-renewal incentive (heavy users on aging handsets)
69775,1,0.32396862,Low-Engagement / Passive,"Re-engagement campaign: usage incentives, feature education, win-back offer"
69065,2,0.5053495,High-Usage / Handset-Gap,Device upgrade or contract-renewal incentive (heavy users on aging handsets)
52917,1,0.31678146,Low-Engagement / Passive,"Re-engagement campaign: usage incentives, feature education, win-back offer"
69201,1,0.40609407,Low-Engagement / Passive,"Re-engagement campaign: usage incentives, feature education, win-back offer"
57047,2,0.35105062,High-Usage / Handset-Gap,Device upgrade or contract-renewal incentive (heavy users on aging handsets)
53270,1,0.44525927,Low-Engagement / Passive,"Re-engagement campaign: usage incentives, feature education, win-back offer"
62440,1,0.387676,Low-Engagement / Passive,"Re-engagement campaign: usage incentives, feature education, win-back offer"
52301,1,0.25001916,Low-Engagement / Passive,"Re-engagement campaign: usage incentives, feature education, win-back offer"
53833,2,0.5144908,High-Usage / Handset-Gap,Device upgrade or contract-renewal incentive (heavy users on aging handsets)
68908,1,0.63661623,Low-Engagement / Passive,"Re-engagement campaign: usage incentives, feature education, win-back offer"
57904,1,0.4295148,Low-Engagement / Passive,"Re-engagement campaign: usage incentives, feature education, win-back offer"
63969,1,0.4268903,Low-Engagement / Passive,"Re-engagement campaign: usage incentives, feature education, win-back offer"
66652,2,0.3965019,High-Usage / Handset-Gap,Device upgrade or contract-renewal incentive (heavy users on aging handsets)
64033,2,0.30795664,High-Usage / Handset-Gap,Device upgrade or contract-renewal incentive (heavy users on aging handsets)
60555,1,0.31589186,Low-Engagement / Passive,"Re-engagement campaign: usage incentives, feature education, win-back offer"
64243,2,0.28830135,High-Usage / Handset-Gap,Device upgrade or contract-renewal incentive (heavy users on aging handsets)
61944,1,0.5672738,Low-Engagement / Passive,"Re-engagement campaign: usage incentives, feature education, win-back offer"
67949,2,0.116500445,High-Usage / Handset-Gap,Device upgrade or contract-renewal incentive (heavy users on aging handsets)
30909,1,0.58829075,Low-Engagement / Passive,"Re-engagement campaign: usage incentives, feature education, win-back offer"
55393,2,0.27403015,High-Usage / Handset-Gap,Device upgrade or contract-renewal incentive (heavy users on aging handsets)
61297,1,0.22771503,Low-Engagement / Passive,"Re-engagement campaign: usage incentives, feature education, win-back offer"
70308,1,0.0832624,Low-Engagement / Passive,"Re-engagement campaign: usage incentives, feature education, win-back offer"
54557,2,0.32508728,High-Usage / Handset-Gap,Device upgrade or contract-renewal incentive (heavy users on aging handsets)
54240,1,0.4077981,Low-Engagement / Passive,"Re-engagement campaign: usage incentives, feature education, win-back offer"
62523,1,0.2724087,Low-Engagement / Passive,"Re-engagement campaign: usage incentives, feature education, win-back offer"
61543,2,0.39801624,High-Usage / Handset-Gap,Device upgrade or contract-renewal incentive (heavy users on aging handsets)
62314,1,0.36517224,Low-Engagement / Passive,"Re-engagement campaign: usage incentives, feature education, win-back offer"
61809,2,0.2873992,High-Usage / Handset-Gap,Device upgrade or contract-renewal incentive (heavy users on aging handsets)
51617,2,0.33994243,High-Usage / Handset-Gap,Device upgrade or contract-renewal incentive (heavy users on aging handsets)
56119,1,0.35052162,Low-Engagement / Passive,"Re-engagement campaign: usage incentives, feature education, win-back offer"
69550,2,0.16014326,High-Usage / Handset-Gap,Device upgrade or contract-renewal incentive (heavy users on aging handsets)
55957,1,0.39699343,Low-Engagement / Passive,"Re-engagement campaign: usage incentives, feature education, win-back offer"
59131,1,0.17586988,Low-Engagement / Passive,"Re-engagement campaign: usage incentives, feature education, win-back offer"
68998,1,0.4980767,Low-Engagement / Passive,"Re-engagement campaign: usage incentives, feature education, win-back offer"
67634,1,0.5205568,Low-Engagement / Passive,"Re-engagement campaign: usage incentives, feature education, win-back offer"
30679,2,0.33772933,High-Usage / Handset-Gap,Device upgrade or contract-renewal incentive (heavy users on aging handsets)
59953,2,0.25630605,High-Usage / Handset-Gap,Device upgrade or contract-renewal incentive (heavy users on aging handsets)
51443,2,0.44385415,High-Usage / Handset-Gap,Device upgrade or contract-renewal incentive (heavy users on aging handsets)
62881,2,0.5650701,High-Usage / Handset-Gap,Device upgrade or contract-renewal incentive (heavy users on aging handsets)
68683,1,0.6305262,Low-Engagement / Passive,"Re-engagement campaign: usage incentives, feature education, win-back offer"
68042,1,0.28617606,Low-Engagement / Passive,"Re-engagement campaign: usage incentives, feature education, win-back offer"
58915,2,0.25290227,High-Usage / Handset-Gap,Device upgrade or contract-renewal incentive (heavy users on aging handsets)
55179,2,0.32477272,High-Usage / Handset-Gap,Device upgrade or contract-renewal incentive (heavy users on aging handsets)
61296,1,0.24928379,Low-Engagement / Passive,"Re-engagement campaign: usage incentives, feature education, win-back offer"
61355,2,0.48443007,High-Usage / Handset-Gap,Device upgrade or contract-renewal incentive (heavy users on aging handsets)
52458,2,0.41036564,High-Usage / Handset-Gap,Device upgrade or contract-renewal incentive (heavy users on aging handsets)
30703,2,0.3503903,High-Usage / Handset-Gap,Device upgrade or contract-renewal incentive (heavy users on aging handsets)
53864,1,0.22730847,Low-Engagement / Passive,"Re-engagement campaign: usage incentives, feature education, win-back offer"
52343,1,0.32242733,Low-Engagement / Passive,"Re-engagement campaign: usage incentives, feature education, win-back offer"
53765,2,0.33829316,High-Usage / Handset-Gap,Device upgrade or contract-renewal incentive (heavy users on aging handsets)
60384,1,0.49704343,Low-Engagement / Passive,"Re-engagement campaign: usage incentives, feature education, win-back offer"
68446,1,0.4666153,Low-Engagement / Passive,"Re-engagement campaign: usage incentives, feature education, win-back offer"
62296,1,0.35986784,Low-Engagement / Passive,"Re-engagement campaign: usage incentives, feature education, win-back offer"
57276,1,0.32270676,Low-Engagement / Passive,"Re-engagement campaign: usage incentives, feature education, win-back offer"
52454,2,0.27253827,High-Usage / Handset-Gap,Device upgrade or contract-renewal incentive (heavy users on aging handsets)
54329,2,0.356491,High-Usage / Handset-Gap,Device upgrade or contract-renewal incentive (heavy users on aging handsets)
70449,1,0.14007571,Low-Engagement / Passive,"Re-engagement campaign: usage incentives, feature education, win-back offer"
65126,2,0.53281647,High-Usage / Handset-Gap,Device upgrade or contract-renewal incentive (heavy users on aging handsets)
56753,2,0.23703656,High-Usage / Handset-Gap,Device upgrade or contract-renewal incentive (heavy users on aging handsets)
65212,2,0.35889176,High-Usage / Handset-Gap,Device upgrade or contract-renewal incentive (heavy users on aging handsets)
53992,1,0.23322026,Low-Engagement / Passive,"Re-engagement campaign: usage incentives, feature education, win-back offer"
64107,1,0.5035396,Low-Engagement / Passive,"Re-engagement campaign: usage incentives, feature education, win-back offer"
59763,2,0.2998996,High-Usage / Handset-Gap,Device upgrade or contract-renewal incentive (heavy users on aging handsets)
63110,2,0.61401296,High-Usage / Handset-Gap,Device upgrade or contract-renewal incentive (heavy users on aging handsets)
56553,2,0.6408208,High-Usage / Handset-Gap,Device upgrade or contract-renewal incentive (heavy users on aging handsets)
58992,1,0.14896533,Low-Engagement / Passive,"Re-engagement campaign: usage incentives, feature education, win-back offer"
51515,2,0.2877065,High-Usage / Handset-Gap,Device upgrade or contract-renewal incentive (heavy users on aging handsets)
62590,1,0.26553345,Low-Engagement / Passive,"Re-engagement campaign: usage incentives, feature education, win-back offer"
53587,2,0.45490566,High-Usage / Handset-Gap,Device upgrade or contract-renewal incentive (heavy users on aging handsets)
68163,1,0.36755943,Low-Engagement / Passive,"Re-engagement campaign: usage incentives, feature education, win-back offer"
62478,2,0.26968277,High-Usage / Handset-Gap,Device upgrade or contract-renewal incentive (heavy users on aging handsets)
64733,2,0.39379364,High-Usage / Handset-Gap,Device upgrade or contract-renewal incentive (heavy users on aging handsets)
62764,2,0.5728549,High-Usage / Handset-Gap,Device upgrade or contract-renewal incentive (heavy users on aging handsets)
63664,2,0.31102142,High-Usage / Handset-Gap,Device upgrade or contract-renewal incentive (heavy users on aging handsets)
69477,1,0.235214,Low-Engagement / Passive,"Re-engagement campaign: usage incentives, feature education, win-back offer"
65667,1,0.23989703,Low-Engagement / Passive,"Re-engagement campaign: usage incentives, feature education, win-back offer"
67958,2,0.487845,High-Usage / Handset-Gap,Device upgrade or contract-renewal incentive (heavy users on aging handsets)
67045,1,0.76908207,Low-Engagement / Passive,"Re-engagement campaign: usage incentives, feature education, win-back offer"
70979,1,0.10226957,Low-Engagement / Passive,"Re-engagement campaign: usage incentives, feature education, win-back offer"
54114,2,0.35576597,High-Usage / Handset-Gap,Device upgrade or contract-renewal incentive (heavy users on aging handsets)
51149,1,0.45421806,Low-Engagement / Passive,"Re-engagement campaign: usage incentives, feature education, win-back offer"
65070,1,0.30574203,Low-Engagement / Passive,"Re-engagement campaign: usage incentives, feature education, win-back offer"
66246,2,0.29131395,High-Usage / Handset-Gap,Device upgrade or contract-renewal incentive (heavy users on aging handsets)
56009,1,0.40406945,Low-Engagement / Passive,"Re-engagement campaign: usage incentives, feature education, win-back offer"
69690,1,0.41005522,Low-Engagement / Passive,"Re-engagement campaign: usage incentives, feature education, win-back offer"
54152,1,0.6090493,Low-Engagement / Passive,"Re-engagement campaign: usage incentives, feature education, win-back offer"
69599,1,0.50239295,Low-Engagement / Passive,"Re-engagement campaign: usage incentives, feature education, win-back offer"
62598,1,0.40630507,Low-Engagement / Passive,"Re-engagement campaign: usage incentives, feature education, win-back offer"
61292,0,0.5889184,At-Risk / Retention-Contact,Priority retention outreach + service recovery (already contacted us)
60425,1,0.40123558,Low-Engagement / Passive,"Re-engagement campaign: usage incentives, feature education, win-back offer"
57668,1,0.40042534,Low-Engagement / Passive,"Re-engagement campaign: usage incentives, feature education, win-back offer"
65435,2,0.39881632,High-Usage / Handset-Gap,Device upgrade or contract-renewal incentive (heavy users on aging handsets)
54522,2,0.47137657,High-Usage / Handset-Gap,Device upgrade or contract-renewal incentive (heavy users on aging handsets)
66092,2,0.2430506,High-Usage / Handset-Gap,Device upgrade or contract-renewal incentive (heavy users on aging handsets)
68054,1,0.19773786,Low-Engagement / Passive,"Re-engagement campaign: usage incentives, feature education, win-back offer"
64837,2,0.6330826,High-Usage / Handset-Gap,Device upgrade or contract-renewal incentive (heavy users on aging handsets)
53263,1,0.13632652,Low-Engagement / Passive,"Re-engagement campaign: usage incentives, feature education, win-back offer"
56528,1,0.17693716,Low-Engagement / Passive,"Re-engagement campaign: usage incentives, feature education, win-back offer"
54254,1,0.28582045,Low-Engagement / Passive,"Re-engagement campaign: usage incentives, feature education, win-back offer"
57796,2,0.3545996,High-Usage / Handset-Gap,Device upgrade or contract-renewal incentive (heavy users on aging handsets)
67509,1,0.119121656,Low-Engagement / Passive,"Re-engagement campaign: usage incentives, feature education, win-back offer"
54671,1,0.39260268,Low-Engagement / Passive,"Re-engagement campaign: usage incentives, feature education, win-back offer"
57788,1,0.30693907,Low-Engagement / Passive,"Re-engagement campaign: usage incentives, feature education, win-back offer"
64746,1,0.44657868,Low-Engagement / Passive,"Re-engagement campaign: usage incentives, feature education, win-back offer"
58056,2,0.7252461,High-Usage / Handset-Gap,Device upgrade or contract-renewal incentive (heavy users on aging handsets)
59362,1,0.16407311,Low-Engagement / Passive,"Re-engagement campaign: usage incentives, feature education, win-back offer"
65397,2,0.46499565,High-Usage / Handset-Gap,Device upgrade or contract-renewal incentive (heavy users on aging handsets)
55019,2,0.37224612,High-Usage / Handset-Gap,Device upgrade or contract-renewal incentive (heavy users on aging handsets)
55221,1,0.15342772,Low-Engagement / Passive,"Re-engagement campaign: usage incentives, feature education, win-back offer"
64723,1,0.25829035,Low-Engagement / Passive,"Re-engagement campaign: usage incentives, feature education, win-back offer"
52556,1,0.38748655,Low-Engagement / Passive,"Re-engagement campaign: usage incentives, feature education, win-back offer"
51571,2,0.40029877,High-Usage / Handset-Gap,Device upgrade or contract-renewal incentive (heavy users on aging handsets)
59107,2,0.3670902,High-Usage / Handset-Gap,Device upgrade or contract-renewal incentive (heavy users on aging handsets)
58597,1,0.22213596,Low-Engagement / Passive,"Re-engagement campaign: usage incentives, feature education, win-back offer"
70440,2,0.42399693,High-Usage / Handset-Gap,Device upgrade or contract-renewal incentive (heavy users on aging handsets)
68705,2,0.6526105,High-Usage / Handset-Gap,Device upgrade or contract-renewal incentive (heavy users on aging handsets)
52972,2,0.23617132,High-Usage / Handset-Gap,Device upgrade or contract-renewal incentive (heavy users on aging handsets)
65977,1,0.510489,Low-Engagement / Passive,"Re-engagement campaign: usage incentives, feature education, win-back offer"
30600,2,0.28889036,High-Usage / Handset-Gap,Device upgrade or contract-renewal incentive (heavy users on aging handsets)
66308,1,0.3421552,Low-Engagement / Passive,"Re-engagement campaign: usage incentives, feature education, win-back offer"
63545,1,0.32598284,Low-Engagement / Passive,"Re-engagement campaign: usage incentives, feature education, win-back offer"
51317,0,0.6977571,At-Risk / Retention-Contact,Priority retention outreach + service recovery (already contacted us)
58851,0,0.5292825,At-Risk / Retention-Contact,Priority retention outreach + service recovery (already contacted us)
66225,2,0.23796697,High-Usage / Handset-Gap,Device upgrade or contract-renewal incentive (heavy users on aging handsets)
53633,1,0.26061025,Low-Engagement / Passive,"Re-engagement campaign: usage incentives, feature education, win-back offer"
69216,1,0.42363814,Low-Engagement / Passive,"Re-engagement campaign: usage incentives, feature education, win-back offer"
65661,2,0.35027257,High-Usage / Handset-Gap,Device upgrade or contract-renewal incentive (heavy users on aging handsets)
68702,2,0.52569044,High-Usage / Handset-Gap,Device upgrade or contract-renewal incentive (heavy users on aging handsets)
59139,1,0.21274395,Low-Engagement / Passive,"Re-engagement campaign: usage incentives, feature education, win-back offer"
66676,1,0.3561413,Low-Engagement / Passive,"Re-engagement campaign: usage incentives, feature education, win-back offer"
56510,2,0.24675678,High-Usage / Handset-Gap,Device upgrade or contract-renewal incentive (heavy users on aging handsets)
69713,1,0.2292936,Low-Engagement / Passive,"Re-engagement campaign: usage incentives, feature education, win-back offer"
52158,2,0.52974945,High-Usage / Handset-Gap,Device upgrade or contract-renewal incentive (heavy users on aging handsets)
51884,1,0.15965511,Low-Engagement / Passive,"Re-engagement campaign: usage incentives, feature education, win-back offer"
69673,2,0.75479126,High-Usage / Handset-Gap,Device upgrade or contract-renewal incentive (heavy users on aging handsets)
66261,1,0.59905815,Low-Engagement / Passive,"Re-engagement campaign: usage incentives, feature education, win-back offer"
67041,2,0.531672,High-Usage / Handset-Gap,Device upgrade or contract-renewal incentive (heavy users on aging handsets)
69649,1,0.12063035,Low-Engagement / Passive,"Re-engagement campaign: usage incentives, feature education, win-back offer"
63128,1,0.43366718,Low-Engagement / Passive,"Re-engagement campaign: usage incentives, feature education, win-back offer"
55856,0,0.40619102,At-Risk / Retention-Contact,Priority retention outreach + service recovery (already contacted us)
51424,2,0.28352234,High-Usage / Handset-Gap,Device upgrade or contract-renewal incentive (heavy users on aging handsets)
66547,2,0.6775177,High-Usage / Handset-Gap,Device upgrade or contract-renewal incentive (heavy users on aging handsets)
53761,1,0.37949094,Low-Engagement / Passive,"Re-engagement campaign: usage incentives, feature education, win-back offer"
59846,2,0.34061366,High-Usage / Handset-Gap,Device upgrade or contract-renewal incentive (heavy users on aging handsets)
68868,1,0.21792024,Low-Engagement / Passive,"Re-engagement campaign: usage incentives, feature education, win-back offer"
60204,1,0.22835536,Low-Engagement / Passive,"Re-engagement campaign: usage incentives, feature education, win-back offer"
59029,0,0.563857,At-Risk / Retention-Contact,Priority retention outreach + service recovery (already contacted us)
30998,1,0.4014375,Low-Engagement / Passive,"Re-engagement campaign: usage incentives, feature education, win-back offer"
68055,0,0.5613045,At-Risk / Retention-Contact,Priority retention outreach + service recovery (already contacted us)
51099,1,0.100931644,Low-Engagement / Passive,"Re-engagement campaign: usage incentives, feature education, win-back offer"
66805,1,0.10536136,Low-Engagement / Passive,"Re-engagement campaign: usage incentives, feature education, win-back offer"
54130,2,0.3825151,High-Usage / Handset-Gap,Device upgrade or contract-renewal incentive (heavy users on aging handsets)
64699,2,0.37795013,High-Usage / Handset-Gap,Device upgrade or contract-renewal incentive (heavy users on aging handsets)
71007,2,0.48678726,High-Usage / Handset-Gap,Device upgrade or contract-renewal incentive (heavy users on aging handsets)
53459,2,0.46780723,High-Usage / Handset-Gap,Device upgrade or contract-renewal incentive (heavy users on aging handsets)
70279,1,0.20314083,Low-Engagement / Passive,"Re-engagement campaign: usage incentives, feature education, win-back offer"
54929,1,0.2612776,Low-Engagement / Passive,"Re-engagement campaign: usage incentives, feature education, win-back offer"
68483,2,0.25333506,High-Usage / Handset-Gap,Device upgrade or contract-renewal incentive (heavy users on aging handsets)
58681,1,0.36638707,Low-Engagement / Passive,"Re-engagement campaign: usage incentives, feature education, win-back offer"
69749,2,0.45200545,High-Usage / Handset-Gap,Device upgrade or contract-renewal incentive (heavy users on aging handsets)
57986,1,0.5101201,Low-Engagement / Passive,"Re-engagement campaign: usage incentives, feature education, win-back offer"
66883,1,0.5321731,Low-Engagement / Passive,"Re-engagement campaign: usage incentives, feature education, win-back offer"
53189,2,0.51517,High-Usage / Handset-Gap,Device upgrade or contract-renewal incentive (heavy users on aging handsets)
67264,1,0.41528532,Low-Engagement / Passive,"Re-engagement campaign: usage incentives, feature education, win-back offer"
56669,1,0.35669655,Low-Engagement / Passive,"Re-engagement campaign: usage incentives, feature education, win-back offer"
63273,1,0.5682027,Low-Engagement / Passive,"Re-engagement campaign: usage incentives, feature education, win-back offer"
61897,1,0.6084711,Low-Engagement / Passive,"Re-engagement campaign: usage incentives, feature education, win-back offer"
69662,1,0.07958096,Low-Engagement / Passive,"Re-engagement campaign: usage incentives, feature education, win-back offer"
60847,1,0.419569,Low-Engagement / Passive,"Re-engagement campaign: usage incentives, feature education, win-back offer"
66744,1,0.3977516,Low-Engagement / Passive,"Re-engagement campaign: usage incentives, feature education, win-back offer"
70206,2,0.28519103,High-Usage / Handset-Gap,Device upgrade or contract-renewal incentive (heavy users on aging handsets)
69838,1,0.11520599,Low-Engagement / Passive,"Re-engagement campaign: usage incentives, feature education, win-back offer"
61059,1,0.31490484,Low-Engagement / Passive,"Re-engagement campaign: usage incentives, feature education, win-back offer"
57631,1,0.2670401,Low-Engagement / Passive,"Re-engagement campaign: usage incentives, feature education, win-back offer"
58113,1,0.28595507,Low-Engagement / Passive,"Re-engagement campaign: usage incentives, feature education, win-back offer"
53834,1,0.4003294,Low-Engagement / Passive,"Re-engagement campaign: usage incentives, feature education, win-back offer"
62028,1,0.41656965,Low-Engagement / Passive,"Re-engagement campaign: usage incentives, feature education, win-back offer"
56562,2,0.38792822,High-Usage / Handset-Gap,Device upgrade or contract-renewal incentive (heavy users on aging handsets)
52272,1,0.2819754,Low-Engagement / Passive,"Re-engagement campaign: usage incentives, feature education, win-back offer"
30529,2,0.23460953,High-Usage / Handset-Gap,Device upgrade or contract-renewal incentive (heavy users on aging handsets)
68119,2,0.4429337,High-Usage / Handset-Gap,Device upgrade or contract-renewal incentive (heavy users on aging handsets)
60464,2,0.45023108,High-Usage / Handset-Gap,Device upgrade or contract-renewal incentive (heavy users on aging handsets)
53482,2,0.330959,High-Usage / Handset-Gap,Device upgrade or contract-renewal incentive (heavy users on aging handsets)
69002,1,0.2696961,Low-Engagement / Passive,"Re-engagement campaign: usage incentives, feature education, win-back offer"
53020,1,0.65492284,Low-Engagement / Passive,"Re-engagement campaign: usage incentives, feature education, win-back offer"
66541,2,0.3581012,High-Usage / Handset-Gap,Device upgrade or contract-renewal incentive (heavy users on aging handsets)
69823,1,0.2328858,Low-Engagement / Passive,"Re-engagement campaign: usage incentives, feature education, win-back offer"
52838,1,0.18098854,Low-Engagement / Passive,"Re-engagement campaign: usage incentives, feature education, win-back offer"
61381,1,0.40813217,Low-Engagement / Passive,"Re-engagement campaign: usage incentives, feature education, win-back offer"
61307,1,0.4346551,Low-Engagement / Passive,"Re-engagement campaign: usage incentives, feature education, win-back offer"
65996,1,0.4923389,Low-Engagement / Passive,"Re-engagement campaign: usage incentives, feature education, win-back offer"
65599,2,0.3811854,High-Usage / Handset-Gap,Device upgrade or contract-renewal incentive (heavy users on aging handsets)
64729,1,0.28742644,Low-Engagement / Passive,"Re-engagement campaign: usage incentives, feature education, win-back offer"
70198,1,0.15745494,Low-Engagement / Passive,"Re-engagement campaign: usage incentives, feature education, win-back offer"
52395,2,0.61869216,High-Usage / Handset-Gap,Device upgrade or contract-renewal incentive (heavy users on aging handsets)
59802,2,0.746372,High-Usage / Handset-Gap,Device upgrade or contract-renewal incentive (heavy users on aging handsets)
62931,1,0.28946847,Low-Engagement / Passive,"Re-engagement campaign: usage incentives, feature education, win-back offer"
60616,2,0.35530022,High-Usage / Handset-Gap,Device upgrade or contract-renewal incentive (heavy users on aging handsets)
59097,2,0.34102952,High-Usage / Handset-Gap,Device upgrade or contract-renewal incentive (heavy users on aging handsets)
64705,1,0.38305566,Low-Engagement / Passive,"Re-engagement campaign: usage incentives, feature education, win-back offer"
70406,1,0.20319587,Low-Engagement / Passive,"Re-engagement campaign: usage incentives, feature education, win-back offer"
58373,1,0.44963476,Low-Engagement / Passive,"Re-engagement campaign: usage incentives, feature education, win-back offer"
54463,1,0.37514338,Low-Engagement / Passive,"Re-engagement campaign: usage incentives, feature education, win-back offer"
68006,1,0.36752906,Low-Engagement / Passive,"Re-engagement campaign: usage incentives, feature education, win-back offer"
59123,1,0.08201205,Low-Engagement / Passive,"Re-engagement campaign: usage incentives, feature education, win-back offer"
67927,1,0.54171526,Low-Engagement / Passive,"Re-engagement campaign: usage incentives, feature education, win-back offer"
60689,1,0.3607766,Low-Engagement / Passive,"Re-engagement campaign: usage incentives, feature education, win-back offer"
68712,1,0.17435808,Low-Engagement / Passive,"Re-engagement campaign: usage incentives, feature education, win-back offer"
60253,0,0.6860396,At-Risk / Retention-Contact,Priority retention outreach + service recovery (already contacted us)
62224,0,0.3726683,At-Risk / Retention-Contact,Priority retention outreach + service recovery (already contacted us)
51932,2,0.33398175,High-Usage / Handset-Gap,Device upgrade or contract-renewal incentive (heavy users on aging handsets)
67081,1,0.13539949,Low-Engagement / Passive,"Re-engagement campaign: usage incentives, feature education, win-back offer"
69687,1,0.20374255,Low-Engagement / Passive,"Re-engagement campaign: usage incentives, feature education, win-back offer"
69887,1,0.452597,Low-Engagement / Passive,"Re-engagement campaign: usage incentives, feature education, win-back offer"
65145,2,0.42082477,High-Usage / Handset-Gap,Device upgrade or contract-renewal incentive (heavy users on aging handsets)
54980,1,0.4956079,Low-Engagement / Passive,"Re-engagement campaign: usage incentives, feature education, win-back offer"
68628,1,0.17109148,Low-Engagement / Passive,"Re-engagement campaign: usage incentives, feature education, win-back offer"
60878,1,0.41984558,Low-Engagement / Passive,"Re-engagement campaign: usage incentives, feature education, win-back offer"
63026,1,0.37763378,Low-Engagement / Passive,"Re-engagement campaign: usage incentives, feature education, win-back offer"
53167,2,0.46490005,High-Usage / Handset-Gap,Device upgrade or contract-renewal incentive (heavy users on aging handsets)
52136,2,0.17744955,High-Usage / Handset-Gap,Device upgrade or contract-renewal incentive (heavy users on aging handsets)
61127,1,0.2348681,Low-Engagement / Passive,"Re-engagement campaign: usage incentives, feature education, win-back offer"
62334,1,0.40989715,Low-Engagement / Passive,"Re-engagement campaign: usage incentives, feature education, win-back offer"
59679,2,0.20327914,High-Usage / Handset-Gap,Device upgrade or contract-renewal incentive (heavy users on aging handsets)
70624,2,0.37635168,High-Usage / Handset-Gap,Device upgrade or contract-renewal incentive (heavy users on aging handsets)
54046,1,0.34661916,Low-Engagement / Passive,"Re-engagement campaign: usage incentives, feature education, win-back offer"
30806,1,0.7690848,Low-Engagement / Passive,"Re-engagement campaign: usage incentives, feature education, win-back offer"
62448,1,0.34241477,Low-Engagement / Passive,"Re-engagement campaign: usage incentives, feature education, win-back offer"
57017,1,0.3344476,Low-Engagement / Passive,"Re-engagement campaign: usage incentives, feature education, win-back offer"
52681,1,0.1420156,Low-Engagement / Passive,"Re-engagement campaign: usage incentives, feature education, win-back offer"
51663,2,0.3060654,High-Usage / Handset-Gap,Device upgrade or contract-renewal incentive (heavy users on aging handsets)
30608,1,0.29966533,Low-Engagement / Passive,"Re-engagement campaign: usage incentives, feature education, win-back offer"
65719,1,0.3833641,Low-Engagement / Passive,"Re-engagement campaign: usage incentives, feature education, win-back offer"
60075,1,0.2184101,Low-Engagement / Passive,"Re-engagement campaign: usage incentives, feature education, win-back offer"
54550,1,0.36295077,Low-Engagement / Passive,"Re-engagement campaign: usage incentives, feature education, win-back offer"
54316,2,0.50442994,High-Usage / Handset-Gap,Device upgrade or contract-renewal incentive (heavy users on aging handsets)
53942,1,0.34099728,Low-Engagement / Passive,"Re-engagement campaign: usage incentives, feature education, win-back offer"
70034,2,0.22126193,High-Usage / Handset-Gap,Device upgrade or contract-renewal incentive (heavy users on aging handsets)
57622,2,0.3595822,High-Usage / Handset-Gap,Device upgrade or contract-renewal incentive (heavy users on aging handsets)
62629,2,0.31510624,High-Usage / Handset-Gap,Device upgrade or contract-renewal incentive (heavy users on aging handsets)
64768,1,0.27008215,Low-Engagement / Passive,"Re-engagement campaign: usage incentives, feature education, win-back offer"
63124,1,0.22427975,Low-Engagement / Passive,"Re-engagement campaign: usage incentives, feature education, win-back offer"
52362,2,0.30655512,High-Usage / Handset-Gap,Device upgrade or contract-renewal incentive (heavy users on aging handsets)
65540,2,0.39433166,High-Usage / Handset-Gap,Device upgrade or contract-renewal incentive (heavy users on aging handsets)
69194,2,0.5006356,High-Usage / Handset-Gap,Device upgrade or contract-renewal incentive (heavy users on aging handsets)
70324,1,0.20772894,Low-Engagement / Passive,"Re-engagement campaign: usage incentives, feature education, win-back offer"
67596,2,0.4619485,High-Usage / Handset-Gap,Device upgrade or contract-renewal incentive (heavy users on aging handsets)
61500,1,0.34013355,Low-Engagement / Passive,"Re-engagement campaign: usage incentives, feature education, win-back offer"
65881,1,0.41385055,Low-Engagement / Passive,"Re-engagement campaign: usage incentives, feature education, win-back offer"
70361,1,0.35200372,Low-Engagement / Passive,"Re-engagement campaign: usage incentives, feature education, win-back offer"
52443,1,0.13282332,Low-Engagement / Passive,"Re-engagement campaign: usage incentives, feature education, win-back offer"
69624,1,0.51722676,Low-Engagement / Passive,"Re-engagement campaign: usage incentives, feature education, win-back offer"
55491,1,0.28112593,Low-Engagement / Passive,"Re-engagement campaign: usage incentives, feature education, win-back offer"
62471,1,0.30868348,Low-Engagement / Passive,"Re-engagement campaign: usage incentives, feature education, win-back offer"
62011,1,0.29162478,Low-Engagement / Passive,"Re-engagement campaign: usage incentives, feature education, win-back offer"
51625,2,0.3329676,High-Usage / Handset-Gap,Device upgrade or contract-renewal incentive (heavy users on aging handsets)
57100,2,0.40352258,High-Usage / Handset-Gap,Device upgrade or contract-renewal incentive (heavy users on aging handsets)
56442,1,0.122861505,Low-Engagement / Passive,"Re-engagement campaign: usage incentives, feature education, win-back offer"
66546,2,0.45495266,High-Usage / Handset-Gap,Device upgrade or contract-renewal incentive (heavy users on aging handsets)
63461,2,0.5436324,High-Usage / Handset-Gap,Device upgrade or contract-renewal incentive (heavy users on aging handsets)
66920,1,0.5466283,Low-Engagement / Passive,"Re-engagement campaign: usage incentives, feature education, win-back offer"
66814,1,0.38232473,Low-Engagement / Passive,"Re-engagement campaign: usage incentives, feature education, win-back offer"
63948,1,0.29915774,Low-Engagement / Passive,"Re-engagement campaign: usage incentives, feature education, win-back offer"
66530,2,0.31868318,High-Usage / Handset-Gap,Device upgrade or contract-renewal incentive (heavy users on aging handsets)
63364,1,0.4799211,Low-Engagement / Passive,"Re-engagement campaign: usage incentives, feature education, win-back offer"
55985,2,0.43963027,High-Usage / Handset-Gap,Device upgrade or contract-renewal incentive (heavy users on aging handsets)
58094,2,0.07628596,High-Usage / Handset-Gap,Device upgrade or contract-renewal incentive (heavy users on aging handsets)
63679,2,0.3525782,High-Usage / Handset-Gap,Device upgrade or contract-renewal incentive (heavy users on aging handsets)
64191,2,0.42043242,High-Usage / Handset-Gap,Device upgrade or contract-renewal incentive (heavy users on aging handsets)
58717,1,0.4339502,Low-Engagement / Passive,"Re-engagement campaign: usage incentives, feature education, win-back offer"
53404,1,0.39466605,Low-Engagement / Passive,"Re-engagement campaign: usage incentives, feature education, win-back offer"
55695,0,0.67997503,At-Risk / Retention-Contact,Priority retention outreach + service recovery (already contacted us)
68384,2,0.5667551,High-Usage / Handset-Gap,Device upgrade or contract-renewal incentive (heavy users on aging handsets)
68019,2,0.28560182,High-Usage / Handset-Gap,Device upgrade or contract-renewal incentive (heavy users on aging handsets)
65333,2,0.4470528,High-Usage / Handset-Gap,Device upgrade or contract-renewal incentive (heavy users on aging handsets)
64582,2,0.5870776,High-Usage / Handset-Gap,Device upgrade or contract-renewal incentive (heavy users on aging handsets)
66766,1,0.3122182,Low-Engagement / Passive,"Re-engagement campaign: usage incentives, feature education, win-back offer"
51115,2,0.56463146,High-Usage / Handset-Gap,Device upgrade or contract-renewal incentive (heavy users on aging handsets)
59527,1,0.32066178,Low-Engagement / Passive,"Re-engagement campaign: usage incentives, feature education, win-back offer"
58443,1,0.32498533,Low-Engagement / Passive,"Re-engagement campaign: usage incentives, feature education, win-back offer"
64852,2,0.51910955,High-Usage / Handset-Gap,Device upgrade or contract-renewal incentive (heavy users on aging handsets)
54895,1,0.27215007,Low-Engagement / Passive,"Re-engagement campaign: usage incentives, feature education, win-back offer"
55729,2,0.10651118,High-Usage / Handset-Gap,Device upgrade or contract-renewal incentive (heavy users on aging handsets)
70181,1,0.08884845,Low-Engagement / Passive,"Re-engagement campaign: usage incentives, feature education, win-back offer"
60707,2,0.5994209,High-Usage / Handset-Gap,Device upgrade or contract-renewal incentive (heavy users on aging handsets)
60286,1,0.451016,Low-Engagement / Passive,"Re-engagement campaign: usage incentives, feature education, win-back offer"
65535,2,0.50808513,High-Usage / Handset-Gap,Device upgrade or contract-renewal incentive (heavy users on aging handsets)
67904,1,0.29825762,Low-Engagement / Passive,"Re-engagement campaign: usage incentives, feature education, win-back offer"
54234,0,0.52301484,At-Risk / Retention-Contact,Priority retention outreach + service recovery (already contacted us)
60765,1,0.39459252,Low-Engagement / Passive,"Re-engagement campaign: usage incentives, feature education, win-back offer"
60005,1,0.26470947,Low-Engagement / Passive,"Re-engagement campaign: usage incentives, feature education, win-back offer"
54327,0,0.39171457,At-Risk / Retention-Contact,Priority retention outreach + service recovery (already contacted us)
55724,1,0.22108783,Low-Engagement / Passive,"Re-engagement campaign: usage incentives, feature education, win-back offer"
61196,2,0.28496778,High-Usage / Handset-Gap,Device upgrade or contract-renewal incentive (heavy users on aging handsets)
64313,1,0.50417435,Low-Engagement / Passive,"Re-engagement campaign: usage incentives, feature education, win-back offer"
52515,2,0.38001722,High-Usage / Handset-Gap,Device upgrade or contract-renewal incentive (heavy users on aging handsets)
65772,2,0.5313595,High-Usage / Handset-Gap,Device upgrade or contract-renewal incentive (heavy users on aging handsets)
58454,1,0.3428604,Low-Engagement / Passive,"Re-engagement campaign: usage incentives, feature education, win-back offer"
51688,2,0.4445886,High-Usage / Handset-Gap,Device upgrade or contract-renewal incentive (heavy users on aging handsets)
69516,1,0.22163996,Low-Engagement / Passive,"Re-engagement campaign: usage incentives, feature education, win-back offer"
52299,1,0.20396395,Low-Engagement / Passive,"Re-engagement campaign: usage incentives, feature education, win-back offer"
51872,1,0.29022524,Low-Engagement / Passive,"Re-engagement campaign: usage incentives, feature education, win-back offer"
59874,1,0.18974954,Low-Engagement / Passive,"Re-engagement campaign: usage incentives, feature education, win-back offer"
66954,1,0.28582814,Low-Engagement / Passive,"Re-engagement campaign: usage incentives, feature education, win-back offer"
56020,1,0.38335228,Low-Engagement / Passive,"Re-engagement campaign: usage incentives, feature education, win-back offer"
55486,1,0.321596,Low-Engagement / Passive,"Re-engagement campaign: usage incentives, feature education, win-back offer"
64167,1,0.36162844,Low-Engagement / Passive,"Re-engagement campaign: usage incentives, feature education, win-back offer"
63916,2,0.33474842,High-Usage / Handset-Gap,Device upgrade or contract-renewal incentive (heavy users on aging handsets)
66178,1,0.39951953,Low-Engagement / Passive,"Re-engagement campaign: usage incentives, feature education, win-back offer"
63136,1,0.31007603,Low-Engagement / Passive,"Re-engagement campaign: usage incentives, feature education, win-back offer"
59656,1,0.34928435,Low-Engagement / Passive,"Re-engagement campaign: usage incentives, feature education, win-back offer"
60274,1,0.40510172,Low-Engagement / Passive,"Re-engagement campaign: usage incentives, feature education, win-back offer"
55229,2,0.56989795,High-Usage / Handset-Gap,Device upgrade or contract-renewal incentive (heavy users on aging handsets)
69500,1,0.32024965,Low-Engagement / Passive,"Re-engagement campaign: usage incentives, feature education, win-back offer"
65660,2,0.44822595,High-Usage / Handset-Gap,Device upgrade or contract-renewal incentive (heavy users on aging handsets)
57398,2,0.40259066,High-Usage / Handset-Gap,Device upgrade or contract-renewal incentive (heavy users on aging handsets)
53427,2,0.32929766,High-Usage / Handset-Gap,Device upgrade or contract-renewal incentive (heavy users on aging handsets)
66995,0,0.19030236,At-Risk / Retention-Contact,Priority retention outreach + service recovery (already contacted us)
67115,1,0.48170027,Low-Engagement / Passive,"Re-engagement campaign: usage incentives, feature education, win-back offer"
62654,1,0.42003688,Low-Engagement / Passive,"Re-engagement campaign: usage incentives, feature education, win-back offer"
51514,2,0.17875525,High-Usage / Handset-Gap,Device upgrade or contract-renewal incentive (heavy users on aging handsets)
60806,2,0.3216874,High-Usage / Handset-Gap,Device upgrade or contract-renewal incentive (heavy users on aging handsets)
63486,1,0.3498186,Low-Engagement / Passive,"Re-engagement campaign: usage incentives, feature education, win-back offer"
58888,1,0.16762762,Low-Engagement / Passive,"Re-engagement campaign: usage incentives, feature education, win-back offer"
69937,2,0.61170065,High-Usage / Handset-Gap,Device upgrade or contract-renewal incentive (heavy users on aging handsets)
57029,1,0.30026802,Low-Engagement / Passive,"Re-engagement campaign: usage incentives, feature education, win-back offer"
56358,2,0.35268912,High-Usage / Handset-Gap,Device upgrade or contract-renewal incentive (heavy users on aging handsets)
62353,2,0.38046187,High-Usage / Handset-Gap,Device upgrade or contract-renewal incentive (heavy users on aging handsets)
67253,1,0.5021975,Low-Engagement / Passive,"Re-engagement campaign: usage incentives, feature education, win-back offer"
70401,1,0.38115463,Low-Engagement / Passive,"Re-engagement campaign: usage incentives, feature education, win-back offer"
60852,1,0.4466574,Low-Engagement / Passive,"Re-engagement campaign: usage incentives, feature education, win-back offer"
60571,0,0.4842106,At-Risk / Retention-Contact,Priority retention outreach + service recovery (already contacted us)
64713,2,0.34935474,High-Usage / Handset-Gap,Device upgrade or contract-renewal incentive (heavy users on aging handsets)
53468,2,0.47407427,High-Usage / Handset-Gap,Device upgrade or contract-renewal incentive (heavy users on aging handsets)
70585,2,0.72657716,High-Usage / Handset-Gap,Device upgrade or contract-renewal incentive (heavy users on aging handsets)
70074,1,0.10596891,Low-Engagement / Passive,"Re-engagement campaign: usage incentives, feature education, win-back offer"
62457,1,0.4965147,Low-Engagement / Passive,"Re-engagement campaign: usage incentives, feature education, win-back offer"
70174,1,0.18691614,Low-Engagement / Passive,"Re-engagement campaign: usage incentives, feature education, win-back offer"
53885,2,0.3364704,High-Usage / Handset-Gap,Device upgrade or contract-renewal incentive (heavy users on aging handsets)
53597,2,0.3146194,High-Usage / Handset-Gap,Device upgrade or contract-renewal incentive (heavy users on aging handsets)
68723,1,0.56002766,Low-Engagement / Passive,"Re-engagement campaign: usage incentives, feature education, win-back offer"
53630,2,0.24447386,High-Usage / Handset-Gap,Device upgrade or contract-renewal incentive (heavy users on aging handsets)
69161,1,0.55562073,Low-Engagement / Passive,"Re-engagement campaign: usage incentives, feature education, win-back offer"
56460,2,0.47294638,High-Usage / Handset-Gap,Device upgrade or contract-renewal incentive (heavy users on aging handsets)
70896,1,0.40323326,Low-Engagement / Passive,"Re-engagement campaign: usage incentives, feature education, win-back offer"
52718,2,0.6151188,High-Usage / Handset-Gap,Device upgrade or contract-renewal incentive (heavy users on aging handsets)
59276,1,0.6229098,Low-Engagement / Passive,"Re-engagement campaign: usage incentives, feature education, win-back offer"
53753,2,0.4063896,High-Usage / Handset-Gap,Device upgrade or contract-renewal incentive (heavy users on aging handsets)
63827,1,0.332497,Low-Engagement / Passive,"Re-engagement campaign: usage incentives, feature education, win-back offer"
62576,2,0.46995404,High-Usage / Handset-Gap,Device upgrade or contract-renewal incentive (heavy users on aging handsets)
68178,1,0.17208526,Low-Engagement / Passive,"Re-engagement campaign: usage incentives, feature education, win-back offer"
63336,2,0.4725797,High-Usage / Handset-Gap,Device upgrade or contract-renewal incentive (heavy users on aging handsets)
60969,2,0.35642615,High-Usage / Handset-Gap,Device upgrade or contract-renewal incentive (heavy users on aging handsets)
66632,1,0.20697276,Low-Engagement / Passive,"Re-engagement campaign: usage incentives, feature education, win-back offer"
68268,2,0.51189363,High-Usage / Handset-Gap,Device upgrade or contract-renewal incentive (heavy users on aging handsets)
60192,1,0.27041286,Low-Engagement / Passive,"Re-engagement campaign: usage incentives, feature education, win-back offer"
69499,1,0.4530479,Low-Engagement / Passive,"Re-engagement campaign: usage incentives, feature education, win-back offer"
52610,2,0.46827987,High-Usage / Handset-Gap,Device upgrade or contract-renewal incentive (heavy users on aging handsets)
56239,2,0.7325836,High-Usage / Handset-Gap,Device upgrade or contract-renewal incentive (heavy users on aging handsets)
62771,1,0.44840202,Low-Engagement / Passive,"Re-engagement campaign: usage incentives, feature education, win-back offer"
58917,2,0.7195795,High-Usage / Handset-Gap,Device upgrade or contract-renewal incentive (heavy users on aging handsets)
70432,1,0.3128958,Low-Engagement / Passive,"Re-engagement campaign: usage incentives, feature education, win-back offer"
64324,1,0.21139868,Low-Engagement / Passive,"Re-engagement campaign: usage incentives, feature education, win-back offer"
55786,2,0.48781222,High-Usage / Handset-Gap,Device upgrade or contract-renewal incentive (heavy users on aging handsets)
54810,1,0.21694787,Low-Engagement / Passive,"Re-engagement campaign: usage incentives, feature education, win-back offer"
30605,0,0.66357356,At-Risk / Retention-Contact,Priority retention outreach + service recovery (already contacted us)
55728,1,0.30718544,Low-Engagement / Passive,"Re-engagement campaign: usage incentives, feature education, win-back offer"
55269,2,0.1781593,High-Usage / Handset-Gap,Device upgrade or contract-renewal incentive (heavy users on aging handsets)
62137,1,0.40809506,Low-Engagement / Passive,"Re-engagement campaign: usage incentives, feature education, win-back offer"
59653,1,0.41084063,Low-Engagement / Passive,"Re-engagement campaign: usage incentives, feature education, win-back offer"
68309,1,0.43999732,Low-Engagement / Passive,"Re-engagement campaign: usage incentives, feature education, win-back offer"
54588,1,0.36562833,Low-Engagement / Passive,"Re-engagement campaign: usage incentives, feature education, win-back offer"
65066,1,0.39790562,Low-Engagement / Passive,"Re-engagement campaign: usage incentives, feature education, win-back offer"
56536,1,0.4798912,Low-Engagement / Passive,"Re-engagement campaign: usage incentives, feature education, win-back offer"
52792,1,0.036547367,Low-Engagement / Passive,"Re-engagement campaign: usage incentives, feature education, win-back offer"
64329,1,0.3960576,Low-Engagement / Passive,"Re-engagement campaign: usage incentives, feature education, win-back offer"
54602,2,0.3724112,High-Usage / Handset-Gap,Device upgrade or contract-renewal incentive (heavy users on aging handsets)
62529,1,0.47077352,Low-Engagement / Passive,"Re-engagement campaign: usage incentives, feature education, win-back offer"
68649,1,0.44026756,Low-Engagement / Passive,"Re-engagement campaign: usage incentives, feature education, win-back offer"
56485,2,0.43864912,High-Usage / Handset-Gap,Device upgrade or contract-renewal incentive (heavy users on aging handsets)
59983,1,0.5277627,Low-Engagement / Passive,"Re-engagement campaign: usage incentives, feature education, win-back offer"
63670,1,0.30601868,Low-Engagement / Passive,"Re-engagement campaign: usage incentives, feature education, win-back offer"
63663,2,0.42024443,High-Usage / Handset-Gap,Device upgrade or contract-renewal incentive (heavy users on aging handsets)
58043,2,0.5899352,High-Usage / Handset-Gap,Device upgrade or contract-renewal incentive (heavy users on aging handsets)
68138,1,0.49260285,Low-Engagement / Passive,"Re-engagement campaign: usage incentives, feature education, win-back offer"
62987,1,0.42293587,Low-Engagement / Passive,"Re-engagement campaign: usage incentives, feature education, win-back offer"
56118,2,0.6368401,High-Usage / Handset-Gap,Device upgrade or contract-renewal incentive (heavy users on aging handsets)
62713,2,0.26200223,High-Usage / Handset-Gap,Device upgrade or contract-renewal incentive (heavy users on aging handsets)
56441,1,0.40524873,Low-Engagement / Passive,"Re-engagement campaign: usage incentives, feature education, win-back offer"
62283,0,0.5549073,At-Risk / Retention-Contact,Priority retention outreach + service recovery (already contacted us)
61086,2,0.37447193,High-Usage / Handset-Gap,Device upgrade or contract-renewal incentive (heavy users on aging handsets)
60446,1,0.25807568,Low-Engagement / Passive,"Re-engagement campaign: usage incentives, feature education, win-back offer"
63624,1,0.29722247,Low-Engagement / Passive,"Re-engagement campaign: usage incentives, feature education, win-back offer"
66633,1,0.28583404,Low-Engagement / Passive,"Re-engagement campaign: usage incentives, feature education, win-back offer"
64379,2,0.17621315,High-Usage / Handset-Gap,Device upgrade or contract-renewal incentive (heavy users on aging handsets)
65622,1,0.23064592,Low-Engagement / Passive,"Re-engagement campaign: usage incentives, feature education, win-back offer"
62897,1,0.29583848,Low-Engagement / Passive,"Re-engagement campaign: usage incentives, feature education, win-back offer"
64482,1,0.3768769,Low-Engagement / Passive,"Re-engagement campaign: usage incentives, feature education, win-back offer"
51850,2,0.5377086,High-Usage / Handset-Gap,Device upgrade or contract-renewal incentive (heavy users on aging handsets)
51489,1,0.14669508,Low-Engagement / Passive,"Re-engagement campaign: usage incentives, feature education, win-back offer"
52744,0,0.6451839,At-Risk / Retention-Contact,Priority retention outreach + service recovery (already contacted us)
60738,1,0.502346,Low-Engagement / Passive,"Re-engagement campaign: usage incentives, feature education, win-back offer"
30644,0,0.40819174,At-Risk / Retention-Contact,Priority retention outreach + service recovery (already contacted us)
56482,1,0.21042961,Low-Engagement / Passive,"Re-engagement campaign: usage incentives, feature education, win-back offer"
51740,2,0.41674978,High-Usage / Handset-Gap,Device upgrade or contract-renewal incentive (heavy users on aging handsets)
67578,1,0.34934992,Low-Engagement / Passive,"Re-engagement campaign: usage incentives, feature education, win-back offer"
61995,1,0.35640278,Low-Engagement / Passive,"Re-engagement campaign: usage incentives, feature education, win-back offer"
60343,1,0.60470474,Low-Engagement / Passive,"Re-engagement campaign: usage incentives, feature education, win-back offer"
60605,1,0.15752289,Low-Engagement / Passive,"Re-engagement campaign: usage incentives, feature education, win-back offer"
61635,1,0.40382612,Low-Engagement / Passive,"Re-engagement campaign: usage incentives, feature education, win-back offer"
67251,1,0.09451318,Low-Engagement / Passive,"Re-engagement campaign: usage incentives, feature education, win-back offer"
69953,1,0.22607522,Low-Engagement / Passive,"Re-engagement campaign: usage incentives, feature education, win-back offer"
30786,2,0.28923926,High-Usage / Handset-Gap,Device upgrade or contract-renewal incentive (heavy users on aging handsets)
62185,1,0.48900962,Low-Engagement / Passive,"Re-engagement campaign: usage incentives, feature education, win-back offer"
58560,2,0.22221424,High-Usage / Handset-Gap,Device upgrade or contract-renewal incentive (heavy users on aging handsets)
68381,1,0.16496263,Low-Engagement / Passive,"Re-engagement campaign: usage incentives, feature education, win-back offer"
65822,2,0.22887206,High-Usage / Handset-Gap,Device upgrade or contract-renewal incentive (heavy users on aging handsets)
54900,0,0.2446004,At-Risk / Retention-Contact,Priority retention outreach + service recovery (already contacted us)
54596,2,0.30071062,High-Usage / Handset-Gap,Device upgrade or contract-renewal incentive (heavy users on aging handsets)
55597,2,0.30189154,High-Usage / Handset-Gap,Device upgrade or contract-renewal incentive (heavy users on aging handsets)
53968,1,0.35401413,Low-Engagement / Passive,"Re-engagement campaign: usage incentives, feature education, win-back offer"
67150,2,0.47867233,High-Usage / Handset-Gap,Device upgrade or contract-renewal incentive (heavy users on aging handsets)
69592,1,0.40251836,Low-Engagement / Passive,"Re-engagement campaign: usage incentives, feature education, win-back offer"
51163,1,0.2842514,Low-Engagement / Passive,"Re-engagement campaign: usage incentives, feature education, win-back offer"
54218,2,0.26000643,High-Usage / Handset-Gap,Device upgrade or contract-renewal incentive (heavy users on aging handsets)
58403,2,0.40588766,High-Usage / Handset-Gap,Device upgrade or contract-renewal incentive (heavy users on aging handsets)
52522,2,0.42421725,High-Usage / Handset-Gap,Device upgrade or contract-renewal incentive (heavy users on aging handsets)
63194,2,0.3781321,High-Usage / Handset-Gap,Device upgrade or contract-renewal incentive (heavy users on aging handsets)
60665,2,0.20759597,High-Usage / Handset-Gap,Device upgrade or contract-renewal incentive (heavy users on aging handsets)
56934,1,0.5114009,Low-Engagement / Passive,"Re-engagement campaign: usage incentives, feature education, win-back offer"
60226,1,0.5136211,Low-Engagement / Passive,"Re-engagement campaign: usage incentives, feature education, win-back offer"
55194,2,0.44391346,High-Usage / Handset-Gap,Device upgrade or contract-renewal incentive (heavy users on aging handsets)
59901,1,0.3152445,Low-Engagement / Passive,"Re-engagement campaign: usage incentives, feature education, win-back offer"
63575,2,0.3366768,High-Usage / Handset-Gap,Device upgrade or contract-renewal incentive (heavy users on aging handsets)
57670,2,0.27793428,High-Usage / Handset-Gap,Device upgrade or contract-renewal incentive (heavy users on aging handsets)
63319,1,0.27127936,Low-Engagement / Passive,"Re-engagement campaign: usage incentives, feature education, win-back offer"
51088,2,0.45775828,High-Usage / Handset-Gap,Device upgrade or contract-renewal incentive (heavy users on aging handsets)
70326,1,0.12258854,Low-Engagement / Passive,"Re-engagement campaign: usage incentives, feature education, win-back offer"
56372,2,0.8400561,High-Usage / Handset-Gap,Device upgrade or contract-renewal incentive (heavy users on aging handsets)
56739,1,0.73941,Low-Engagement / Passive,"Re-engagement campaign: usage incentives, feature education, win-back offer"
61692,1,0.43613896,Low-Engagement / Passive,"Re-engagement campaign: usage incentives, feature education, win-back offer"
70472,1,0.06897958,Low-Engagement / Passive,"Re-engagement campaign: usage incentives, feature education, win-back offer"
61309,2,0.54549265,High-Usage / Handset-Gap,Device upgrade or contract-renewal incentive (heavy users on aging handsets)
51555,2,0.27630574,High-Usage / Handset-Gap,Device upgrade or contract-renewal incentive (heavy users on aging handsets)
55399,1,0.27972415,Low-Engagement / Passive,"Re-engagement campaign: usage incentives, feature education, win-back offer"
57491,2,0.15875834,High-Usage / Handset-Gap,Device upgrade or contract-renewal incentive (heavy users on aging handsets)
53457,0,0.2512111,At-Risk / Retention-Contact,Priority retention outreach + service recovery (already contacted us)
30615,2,0.25937742,High-Usage / Handset-Gap,Device upgrade or contract-renewal incentive (heavy users on aging handsets)
58191,1,0.21478246,Low-Engagement / Passive,"Re-engagement campaign: usage incentives, feature education, win-back offer"
57306,2,0.72175664,High-Usage / Handset-Gap,Device upgrade or contract-renewal incentive (heavy users on aging handsets)
68987,1,0.54390013,Low-Engagement / Passive,"Re-engagement campaign: usage incentives, feature education, win-back offer"
60494,1,0.31223804,Low-Engagement / Passive,"Re-engagement campaign: usage incentives, feature education, win-back offer"
57247,2,0.26845038,High-Usage / Handset-Gap,Device upgrade or contract-renewal incentive (heavy users on aging handsets)
61486,1,0.3811738,Low-Engagement / Passive,"Re-engagement campaign: usage incentives, feature education, win-back offer"
66797,1,0.3114424,Low-Engagement / Passive,"Re-engagement campaign: usage incentives, feature education, win-back offer"
55079,2,0.3793665,High-Usage / Handset-Gap,Device upgrade or contract-renewal incentive (heavy users on aging handsets)
53136,1,0.2851503,Low-Engagement / Passive,"Re-engagement campaign: usage incentives, feature education, win-back offer"
56304,2,0.39708042,High-Usage / Handset-Gap,Device upgrade or contract-renewal incentive (heavy users on aging handsets)
63384,2,0.5775944,High-Usage / Handset-Gap,Device upgrade or contract-renewal incentive (heavy users on aging handsets)
56594,2,0.29158628,High-Usage / Handset-Gap,Device upgrade or contract-renewal incentive (heavy users on aging handsets)
68618,1,0.2037244,Low-Engagement / Passive,"Re-engagement campaign: usage incentives, feature education, win-back offer"
70153,1,0.2037453,Low-Engagement / Passive,"Re-engagement campaign: usage incentives, feature education, win-back offer"
57022,1,0.50019246,Low-Engagement / Passive,"Re-engagement campaign: usage incentives, feature education, win-back offer"
62618,1,0.25240025,Low-Engagement / Passive,"Re-engagement campaign: usage incentives, feature education, win-back offer"
61167,1,0.2611744,Low-Engagement / Passive,"Re-engagement campaign: usage incentives, feature education, win-back offer"
67016,1,0.54010594,Low-Engagement / Passive,"Re-engagement campaign: usage incentives, feature education, win-back offer"
55932,1,0.27324745,Low-Engagement / Passive,"Re-engagement campaign: usage incentives, feature education, win-back offer"
70084,1,0.18032704,Low-Engagement / Passive,"Re-engagement campaign: usage incentives, feature education, win-back offer"
51056,1,0.25739577,Low-Engagement / Passive,"Re-engagement campaign: usage incentives, feature education, win-back offer"
56636,2,0.50503963,High-Usage / Handset-Gap,Device upgrade or contract-renewal incentive (heavy users on aging handsets)
59125,2,0.22797321,High-Usage / Handset-Gap,Device upgrade or contract-renewal incentive (heavy users on aging handsets)
67325,2,0.41188273,High-Usage / Handset-Gap,Device upgrade or contract-renewal incentive (heavy users on aging handsets)
59851,1,0.5461626,Low-Engagement / Passive,"Re-engagement campaign: usage incentives, feature education, win-back offer"
69946,2,0.20327677,High-Usage / Handset-Gap,Device upgrade or contract-renewal incentive (heavy users on aging handsets)
67413,1,0.34261352,Low-Engagement / Passive,"Re-engagement campaign: usage incentives, feature education, win-back offer"
54413,2,0.34668145,High-Usage / Handset-Gap,Device upgrade or contract-renewal incentive (heavy users on aging handsets)
57987,1,0.23606528,Low-Engagement / Passive,"Re-engagement campaign: usage incentives, feature education, win-back offer"
54493,1,0.4134553,Low-Engagement / Passive,"Re-engagement campaign: usage incentives, feature education, win-back offer"
69813,2,0.46134782,High-Usage / Handset-Gap,Device upgrade or contract-renewal incentive (heavy users on aging handsets)
62386,2,0.32912725,High-Usage / Handset-Gap,Device upgrade or contract-renewal incentive (heavy users on aging handsets)
67674,1,0.13574982,Low-Engagement / Passive,"Re-engagement campaign: usage incentives, feature education, win-back offer"
65796,2,0.4310652,High-Usage / Handset-Gap,Device upgrade or contract-renewal incentive (heavy users on aging handsets)
53807,2,0.3815785,High-Usage / Handset-Gap,Device upgrade or contract-renewal incentive (heavy users on aging handsets)
58947,2,0.5196672,High-Usage / Handset-Gap,Device upgrade or contract-renewal incentive (heavy users on aging handsets)
56630,2,0.42106134,High-Usage / Handset-Gap,Device upgrade or contract-renewal incentive (heavy users on aging handsets)
55739,1,0.25312772,Low-Engagement / Passive,"Re-engagement campaign: usage incentives, feature education, win-back offer"
51653,1,0.09860118,Low-Engagement / Passive,"Re-engagement campaign: usage incentives, feature education, win-back offer"
67312,1,0.2641511,Low-Engagement / Passive,"Re-engagement campaign: usage incentives, feature education, win-back offer"
64706,1,0.3100785,Low-Engagement / Passive,"Re-engagement campaign: usage incentives, feature education, win-back offer"
58676,1,0.35034344,Low-Engagement / Passive,"Re-engagement campaign: usage incentives, feature education, win-back offer"
56121,2,0.48190826,High-Usage / Handset-Gap,Device upgrade or contract-renewal incentive (heavy users on aging handsets)
66890,1,0.6537934,Low-Engagement / Passive,"Re-engagement campaign: usage incentives, feature education, win-back offer"
52141,2,0.46526268,High-Usage / Handset-Gap,Device upgrade or contract-renewal incentive (heavy users on aging handsets)
70996,1,0.24948251,Low-Engagement / Passive,"Re-engagement campaign: usage incentives, feature education, win-back offer"
30688,2,0.74694014,High-Usage / Handset-Gap,Device upgrade or contract-renewal incentive (heavy users on aging handsets)
69449,1,0.49106735,Low-Engagement / Passive,"Re-engagement campaign: usage incentives, feature education, win-back offer"
65005,2,0.54097503,High-Usage / Handset-Gap,Device upgrade or contract-renewal incentive (heavy users on aging handsets)
66115,1,0.1434239,Low-Engagement / Passive,"Re-engagement campaign: usage incentives, feature education, win-back offer"
60331,1,0.36308655,Low-Engagement / Passive,"Re-engagement campaign: usage incentives, feature education, win-back offer"
55811,1,0.27982837,Low-Engagement / Passive,"Re-engagement campaign: usage incentives, feature education, win-back offer"
52445,2,0.47831467,High-Usage / Handset-Gap,Device upgrade or contract-renewal incentive (heavy users on aging handsets)
66283,1,0.22043224,Low-Engagement / Passive,"Re-engagement campaign: usage incentives, feature education, win-back offer"
57059,1,0.3195096,Low-Engagement / Passive,"Re-engagement campaign: usage incentives, feature education, win-back offer"
66096,2,0.36452436,High-Usage / Handset-Gap,Device upgrade or contract-renewal incentive (heavy users on aging handsets)
62187,1,0.36109754,Low-Engagement / Passive,"Re-engagement campaign: usage incentives, feature education, win-back offer"
66311,1,0.11080292,Low-Engagement / Passive,"Re-engagement campaign: usage incentives, feature education, win-back offer"
55208,2,0.36775625,High-Usage / Handset-Gap,Device upgrade or contract-renewal incentive (heavy users on aging handsets)
62605,2,0.3883818,High-Usage / Handset-Gap,Device upgrade or contract-renewal incentive (heavy users on aging handsets)
56043,1,0.16267292,Low-Engagement / Passive,"Re-engagement campaign: usage incentives, feature education, win-back offer"
66750,1,0.35262966,Low-Engagement / Passive,"Re-engagement campaign: usage incentives, feature education, win-back offer"
66214,2,0.32478496,High-Usage / Handset-Gap,Device upgrade or contract-renewal incentive (heavy users on aging handsets)
61780,1,0.67218715,Low-Engagement / Passive,"Re-engagement campaign: usage incentives, feature education, win-back offer"
63040,1,0.46605474,Low-Engagement / Passive,"Re-engagement campaign: usage incentives, feature education, win-back offer"
66654,1,0.15685591,Low-Engagement / Passive,"Re-engagement campaign: usage incentives, feature education, win-back offer"
51788,1,0.17347148,Low-Engagement / Passive,"Re-engagement campaign: usage incentives, feature education, win-back offer"
70250,1,0.20072612,Low-Engagement / Passive,"Re-engagement campaign: usage incentives, feature education, win-back offer"
55561,2,0.675833,High-Usage / Handset-Gap,Device upgrade or contract-renewal incentive (heavy users on aging handsets)
52985,2,0.33871815,High-Usage / Handset-Gap,Device upgrade or contract-renewal incentive (heavy users on aging handsets)
52326,2,0.5842371,High-Usage / Handset-Gap,Device upgrade or contract-renewal incentive (heavy users on aging handsets)
66320,2,0.392315,High-Usage / Handset-Gap,Device upgrade or contract-renewal incentive (heavy users on aging handsets)
62943,1,0.3505699,Low-Engagement / Passive,"Re-engagement campaign: usage incentives, feature education, win-back offer"
55988,1,0.22051367,Low-Engagement / Passive,"Re-engagement campaign: usage incentives, feature education, win-back offer"
63080,1,0.52784044,Low-Engagement / Passive,"Re-engagement campaign: usage incentives, feature education, win-back offer"
55366,1,0.3764935,Low-Engagement / Passive,"Re-engagement campaign: usage incentives, feature education, win-back offer"
59442,2,0.2858086,High-Usage / Handset-Gap,Device upgrade or contract-renewal incentive (heavy users on aging handsets)
55300,2,0.5157277,High-Usage / Handset-Gap,Device upgrade or contract-renewal incentive (heavy users on aging handsets)
62301,1,0.17138714,Low-Engagement / Passive,"Re-engagement campaign: usage incentives, feature education, win-back offer"
68497,1,0.326153,Low-Engagement / Passive,"Re-engagement campaign: usage incentives, feature education, win-back offer"
59798,2,0.32792032,High-Usage / Handset-Gap,Device upgrade or contract-renewal incentive (heavy users on aging handsets)
56798,2,0.35119858,High-Usage / Handset-Gap,Device upgrade or contract-renewal incentive (heavy users on aging handsets)
62805,1,0.30222848,Low-Engagement / Passive,"Re-engagement campaign: usage incentives, feature education, win-back offer"
69088,1,0.31067693,Low-Engagement / Passive,"Re-engagement campaign: usage incentives, feature education, win-back offer"
69061,0,0.69238853,At-Risk / Retention-Contact,Priority retention outreach + service recovery (already contacted us)
66369,2,0.8485833,High-Usage / Handset-Gap,Device upgrade or contract-renewal incentive (heavy users on aging handsets)
61935,2,0.64297014,High-Usage / Handset-Gap,Device upgrade or contract-renewal incentive (heavy users on aging handsets)
53290,1,0.3771205,Low-Engagement / Passive,"Re-engagement campaign: usage incentives, feature education, win-back offer"
53104,1,0.51875484,Low-Engagement / Passive,"Re-engagement campaign: usage incentives, feature education, win-back offer"
64737,2,0.29830432,High-Usage / Handset-Gap,Device upgrade or contract-renewal incentive (heavy users on aging handsets)
66980,2,0.7602197,High-Usage / Handset-Gap,Device upgrade or contract-renewal incentive (heavy users on aging handsets)
67060,1,0.21777071,Low-Engagement / Passive,"Re-engagement campaign: usage incentives, feature education, win-back offer"
70963,2,0.43251565,High-Usage / Handset-Gap,Device upgrade or contract-renewal incentive (heavy users on aging handsets)
63594,1,0.41893122,Low-Engagement / Passive,"Re-engagement campaign: usage incentives, feature education, win-back offer"
57870,1,0.29606587,Low-Engagement / Passive,"Re-engagement campaign: usage incentives, feature education, win-back offer"
57782,1,0.51069343,Low-Engagement / Passive,"Re-engagement campaign: usage incentives, feature education, win-back offer"
57258,1,0.14955646,Low-Engagement / Passive,"Re-engagement campaign: usage incentives, feature education, win-back offer"
63301,1,0.55445915,Low-Engagement / Passive,"Re-engagement campaign: usage incentives, feature education, win-back offer"
64188,1,0.54537463,Low-Engagement / Passive,"Re-engagement campaign: usage incentives, feature education, win-back offer"
61019,1,0.31250647,Low-Engagement / Passive,"Re-engagement campaign: usage incentives, feature education, win-back offer"
63794,2,0.30371913,High-Usage / Handset-Gap,Device upgrade or contract-renewal incentive (heavy users on aging handsets)
54636,1,0.28363022,Low-Engagement / Passive,"Re-engagement campaign: usage incentives, feature education, win-back offer"
51670,1,0.23884861,Low-Engagement / Passive,"Re-engagement campaign: usage incentives, feature education, win-back offer"
64307,0,0.29469466,At-Risk / Retention-Contact,Priority retention outreach + service recovery (already contacted us)
60977,2,0.39830396,High-Usage / Handset-Gap,Device upgrade or contract-renewal incentive (heavy users on aging handsets)
66101,1,0.1978835,Low-Engagement / Passive,"Re-engagement campaign: usage incentives, feature education, win-back offer"
70134,1,0.29845193,Low-Engagement / Passive,"Re-engagement campaign: usage incentives, feature education, win-back offer"
60898,2,0.28725374,High-Usage / Handset-Gap,Device upgrade or contract-renewal incentive (heavy users on aging handsets)
54736,1,0.31508482,Low-Engagement / Passive,"Re-engagement campaign: usage incentives, feature education, win-back offer"
60487,1,0.31847164,Low-Engagement / Passive,"Re-engagement campaign: usage incentives, feature education, win-back offer"
69101,1,0.57673866,Low-Engagement / Passive,"Re-engagement campaign: usage incentives, feature education, win-back offer"
65650,1,0.5362026,Low-Engagement / Passive,"Re-engagement campaign: usage incentives, feature education, win-back offer"
60288,2,0.33853495,High-Usage / Handset-Gap,Device upgrade or contract-renewal incentive (heavy users on aging handsets)
65295,2,0.4231148,High-Usage / Handset-Gap,Device upgrade or contract-renewal incentive (heavy users on aging handsets)
56290,2,0.22695632,High-Usage / Handset-Gap,Device upgrade or contract-renewal incentive (heavy users on aging handsets)
59534,2,0.28299734,High-Usage / Handset-Gap,Device upgrade or contract-renewal incentive (heavy users on aging handsets)
56128,2,0.2277601,High-Usage / Handset-Gap,Device upgrade or contract-renewal incentive (heavy users on aging handsets)
67010,2,0.3216222,High-Usage / Handset-Gap,Device upgrade or contract-renewal incentive (heavy users on aging handsets)
70780,2,0.29651096,High-Usage / Handset-Gap,Device upgrade or contract-renewal incentive (heavy users on aging handsets)
69405,2,0.81270254,High-Usage / Handset-Gap,Device upgrade or contract-renewal incentive (heavy users on aging handsets)
55212,1,0.31031987,Low-Engagement / Passive,"Re-engagement campaign: usage incentives, feature education, win-back offer"
69941,0,0.21424437,At-Risk / Retention-Contact,Priority retention outreach + service recovery (already contacted us)
52010,2,0.38576123,High-Usage / Handset-Gap,Device upgrade or contract-renewal incentive (heavy users on aging handsets)
56954,2,0.30837753,High-Usage / Handset-Gap,Device upgrade or contract-renewal incentive (heavy users on aging handsets)
68892,1,0.57029325,Low-Engagement / Passive,"Re-engagement campaign: usage incentives, feature education, win-back offer"
58850,1,0.40470016,Low-Engagement / Passive,"Re-engagement campaign: usage incentives, feature education, win-back offer"
66727,1,0.26825544,Low-Engagement / Passive,"Re-engagement campaign: usage incentives, feature education, win-back offer"
56866,2,0.53731376,High-Usage / Handset-Gap,Device upgrade or contract-renewal incentive (heavy users on aging handsets)
65443,2,0.4973456,High-Usage / Handset-Gap,Device upgrade or contract-renewal incentive (heavy users on aging handsets)
55941,2,0.21803351,High-Usage / Handset-Gap,Device upgrade or contract-renewal incentive (heavy users on aging handsets)
58711,0,0.52651966,At-Risk / Retention-Contact,Priority retention outreach + service recovery (already contacted us)
53205,1,0.1570803,Low-Engagement / Passive,"Re-engagement campaign: usage incentives, feature education, win-back offer"
68976,1,0.64261055,Low-Engagement / Passive,"Re-engagement campaign: usage incentives, feature education, win-back offer"
51844,1,0.35372862,Low-Engagement / Passive,"Re-engagement campaign: usage incentives, feature education, win-back offer"
61084,1,0.37728676,Low-Engagement / Passive,"Re-engagement campaign: usage incentives, feature education, win-back offer"
52729,1,0.59903514,Low-Engagement / Passive,"Re-engagement campaign: usage incentives, feature education, win-back offer"
64051,1,0.4380304,Low-Engagement / Passive,"Re-engagement campaign: usage incentives, feature education, win-back offer"
58070,1,0.35179707,Low-Engagement / Passive,"Re-engagement campaign: usage incentives, feature education, win-back offer"
52055,2,0.37880316,High-Usage / Handset-Gap,Device upgrade or contract-renewal incentive (heavy users on aging handsets)
59612,0,0.6117373,At-Risk / Retention-Contact,Priority retention outreach + service recovery (already contacted us)
68141,1,0.36514744,Low-Engagement / Passive,"Re-engagement campaign: usage incentives, feature education, win-back offer"
70282,2,0.120213754,High-Usage / Handset-Gap,Device upgrade or contract-renewal incentive (heavy users on aging handsets)
61575,2,0.32786202,High-Usage / Handset-Gap,Device upgrade or contract-renewal incentive (heavy users on aging handsets)
67090,1,0.35160962,Low-Engagement / Passive,"Re-engagement campaign: usage incentives, feature education, win-back offer"
51393,1,0.35906497,Low-Engagement / Passive,"Re-engagement campaign: usage incentives, feature education, win-back offer"
65576,1,0.39558226,Low-Engagement / Passive,"Re-engagement campaign: usage incentives, feature education, win-back offer"
68196,1,0.2506076,Low-Engagement / Passive,"Re-engagement campaign: usage incentives, feature education, win-back offer"
68563,1,0.26535958,Low-Engagement / Passive,"Re-engagement campaign: usage incentives, feature education, win-back offer"
66775,1,0.3137751,Low-Engagement / Passive,"Re-engagement campaign: usage incentives, feature education, win-back offer"
30730,1,0.37371182,Low-Engagement / Passive,"Re-engagement campaign: usage incentives, feature education, win-back offer"
68682,2,0.22981898,High-Usage / Handset-Gap,Device upgrade or contract-renewal incentive (heavy users on aging handsets)
63801,1,0.5460457,Low-Engagement / Passive,"Re-engagement campaign: usage incentives, feature education, win-back offer"
68120,1,0.5878432,Low-Engagement / Passive,"Re-engagement campaign: usage incentives, feature education, win-back offer"
57943,2,0.30777138,High-Usage / Handset-Gap,Device upgrade or contract-renewal incentive (heavy users on aging handsets)
68304,1,0.35549355,Low-Engagement / Passive,"Re-engagement campaign: usage incentives, feature education, win-back offer"
63596,2,0.7666547,High-Usage / Handset-Gap,Device upgrade or contract-renewal incentive (heavy users on aging handsets)
57461,2,0.40307647,High-Usage / Handset-Gap,Device upgrade or contract-renewal incentive (heavy users on aging handsets)
56977,1,0.47658136,Low-Engagement / Passive,"Re-engagement campaign: usage incentives, feature education, win-back offer"
66518,2,0.118438944,High-Usage / Handset-Gap,Device upgrade or contract-renewal incentive (heavy users on aging handsets)
63996,1,0.25411814,Low-Engagement / Passive,"Re-engagement campaign: usage incentives, feature education, win-back offer"
62754,1,0.44764358,Low-Engagement / Passive,"Re-engagement campaign: usage incentives, feature education, win-back offer"
56832,1,0.44587427,Low-Engagement / Passive,"Re-engagement campaign: usage incentives, feature education, win-back offer"
55815,1,0.62001395,Low-Engagement / Passive,"Re-engagement campaign: usage incentives, feature education, win-back offer"
68965,1,0.53242713,Low-Engagement / Passive,"Re-engagement campaign: usage incentives, feature education, win-back offer"
65214,2,0.27622876,High-Usage / Handset-Gap,Device upgrade or contract-renewal incentive (heavy users on aging handsets)
61854,2,0.64169264,High-Usage / Handset-Gap,Device upgrade or contract-renewal incentive (heavy users on aging handsets)
58606,2,0.28490412,High-Usage / Handset-Gap,Device upgrade or contract-renewal incentive (heavy users on aging handsets)
55039,2,0.79338455,High-Usage / Handset-Gap,Device upgrade or contract-renewal incentive (heavy users on aging handsets)
65340,1,0.09220213,Low-Engagement / Passive,"Re-engagement campaign: usage incentives, feature education, win-back offer"
55286,1,0.4263869,Low-Engagement / Passive,"Re-engagement campaign: usage incentives, feature education, win-back offer"
54700,2,0.45236263,High-Usage / Handset-Gap,Device upgrade or contract-renewal incentive (heavy users on aging handsets)
58622,1,0.5304961,Low-Engagement / Passive,"Re-engagement campaign: usage incentives, feature education, win-back offer"
62896,1,0.52137023,Low-Engagement / Passive,"Re-engagement campaign: usage incentives, feature education, win-back offer"
68143,0,0.7848706,At-Risk / Retention-Contact,Priority retention outreach + service recovery (already contacted us)
66689,2,0.07296339,High-Usage / Handset-Gap,Device upgrade or contract-renewal incentive (heavy users on aging handsets)
71022,2,0.30829138,High-Usage / Handset-Gap,Device upgrade or contract-renewal incentive (heavy users on aging handsets)
61411,2,0.48375094,High-Usage / Handset-Gap,Device upgrade or contract-renewal incentive (heavy users on aging handsets)
65651,2,0.6348679,High-Usage / Handset-Gap,Device upgrade or contract-renewal incentive (heavy users on aging handsets)
55375,1,0.25712588,Low-Engagement / Passive,"Re-engagement campaign: usage incentives, feature education, win-back offer"
54027,2,0.58064574,High-Usage / Handset-Gap,Device upgrade or contract-renewal incentive (heavy users on aging handsets)
59217,2,0.21012326,High-Usage / Handset-Gap,Device upgrade or contract-renewal incentive (heavy users on aging handsets)
57480,1,0.5200799,Low-Engagement / Passive,"Re-engagement campaign: usage incentives, feature education, win-back offer"
60063,1,0.5266412,Low-Engagement / Passive,"Re-engagement campaign: usage incentives, feature education, win-back offer"
56139,2,0.42107123,High-Usage / Handset-Gap,Device upgrade or contract-renewal incentive (heavy users on aging handsets)
59378,2,0.3141445,High-Usage / Handset-Gap,Device upgrade or contract-renewal incentive (heavy users on aging handsets)
60295,0,0.44464818,At-Risk / Retention-Contact,Priority retention outreach + service recovery (already contacted us)
53720,2,0.40271828,High-Usage / Handset-Gap,Device upgrade or contract-renewal incentive (heavy users on aging handsets)
56274,2,0.44047543,High-Usage / Handset-Gap,Device upgrade or contract-renewal incentive (heavy users on aging handsets)
56280,2,0.28269157,High-Usage / Handset-Gap,Device upgrade or contract-renewal incentive (heavy users on aging handsets)
65432,2,0.36068955,High-Usage / Handset-Gap,Device upgrade or contract-renewal incentive (heavy users on aging handsets)
60185,2,0.32545888,High-Usage / Handset-Gap,Device upgrade or contract-renewal incentive (heavy users on aging handsets)
63172,1,0.62957126,Low-Engagement / Passive,"Re-engagement campaign: usage incentives, feature education, win-back offer"
59448,1,0.36921808,Low-Engagement / Passive,"Re-engagement campaign: usage incentives, feature education, win-back offer"
53262,1,0.09351237,Low-Engagement / Passive,"Re-engagement campaign: usage incentives, feature education, win-back offer"
65716,2,0.1961939,High-Usage / Handset-Gap,Device upgrade or contract-renewal incentive (heavy users on aging handsets)
53550,2,0.45098558,High-Usage / Handset-Gap,Device upgrade or contract-renewal incentive (heavy users on aging handsets)
54743,1,0.30450785,Low-Engagement / Passive,"Re-engagement campaign: usage incentives, feature education, win-back offer"
60339,2,0.82414675,High-Usage / Handset-Gap,Device upgrade or contract-renewal incentive (heavy users on aging handsets)
69529,0,0.5777573,At-Risk / Retention-Contact,Priority retention outreach + service recovery (already contacted us)
64933,1,0.3125906,Low-Engagement / Passive,"Re-engagement campaign: usage incentives, feature education, win-back offer"
60377,1,0.35203636,Low-Engagement / Passive,"Re-engagement campaign: usage incentives, feature education, win-back offer"
52392,1,0.23114349,Low-Engagement / Passive,"Re-engagement campaign: usage incentives, feature education, win-back offer"
65047,1,0.20647714,Low-Engagement / Passive,"Re-engagement campaign: usage incentives, feature education, win-back offer"
30507,2,0.43080446,High-Usage / Handset-Gap,Device upgrade or contract-renewal incentive (heavy users on aging handsets)
58062,2,0.38891605,High-Usage / Handset-Gap,Device upgrade or contract-renewal incentive (heavy users on aging handsets)
51092,1,0.41514388,Low-Engagement / Passive,"Re-engagement campaign: usage incentives, feature education, win-back offer"
53155,1,0.36226705,Low-Engagement / Passive,"Re-engagement campaign: usage incentives, feature education, win-back offer"
62014,0,0.3644238,At-Risk / Retention-Contact,Priority retention outreach + service recovery (already contacted us)
54831,1,0.29107612,Low-Engagement / Passive,"Re-engagement campaign: usage incentives, feature education, win-back offer"
61821,1,0.26526704,Low-Engagement / Passive,"Re-engagement campaign: usage incentives, feature education, win-back offer"
68534,2,0.21073863,High-Usage / Handset-Gap,Device upgrade or contract-renewal incentive (heavy users on aging handsets)
51975,2,0.4519832,High-Usage / Handset-Gap,Device upgrade or contract-renewal incentive (heavy users on aging handsets)
57081,1,0.6435854,Low-Engagement / Passive,"Re-engagement campaign: usage incentives, feature education, win-back offer"
52439,1,0.3756311,Low-Engagement / Passive,"Re-engagement campaign: usage incentives, feature education, win-back offer"
52400,0,0.57009274,At-Risk / Retention-Contact,Priority retention outreach + service recovery (already contacted us)
64405,1,0.32711428,Low-Engagement / Passive,"Re-engagement campaign: usage incentives, feature education, win-back offer"
60111,1,0.21806847,Low-Engagement / Passive,"Re-engagement campaign: usage incentives, feature education, win-back offer"
30819,2,0.14039962,High-Usage / Handset-Gap,Device upgrade or contract-renewal incentive (heavy users on aging handsets)
56845,2,0.26292446,High-Usage / Handset-Gap,Device upgrade or contract-renewal incentive (heavy users on aging handsets)
58959,1,0.19606993,Low-Engagement / Passive,"Re-engagement campaign: usage incentives, feature education, win-back offer"
55523,1,0.2240863,Low-Engagement / Passive,"Re-engagement campaign: usage incentives, feature education, win-back offer"
63669,1,0.5202645,Low-Engagement / Passive,"Re-engagement campaign: usage incentives, feature education, win-back offer"
52827,0,0.5010751,At-Risk / Retention-Contact,Priority retention outreach + service recovery (already contacted us)
51540,0,0.58431524,At-Risk / Retention-Contact,Priority retention outreach + service recovery (already contacted us)
64091,1,0.24671943,Low-Engagement / Passive,"Re-engagement campaign: usage incentives, feature education, win-back offer"
52675,2,0.37686712,High-Usage / Handset-Gap,Device upgrade or contract-renewal incentive (heavy users on aging handsets)
66399,2,0.5021871,High-Usage / Handset-Gap,Device upgrade or contract-renewal incentive (heavy users on aging handsets)
63064,1,0.64397115,Low-Engagement / Passive,"Re-engagement campaign: usage incentives, feature education, win-back offer"
57446,1,0.29568288,Low-Engagement / Passive,"Re-engagement campaign: usage incentives, feature education, win-back offer"
57871,2,0.39715475,High-Usage / Handset-Gap,Device upgrade or contract-renewal incentive (heavy users on aging handsets)
59643,1,0.39528129,Low-Engagement / Passive,"Re-engagement campaign: usage incentives, feature education, win-back offer"
53650,1,0.27197182,Low-Engagement / Passive,"Re-engagement campaign: usage incentives, feature education, win-back offer"
65583,1,0.46338686,Low-Engagement / Passive,"Re-engagement campaign: usage incentives, feature education, win-back offer"
55813,1,0.43920565,Low-Engagement / Passive,"Re-engagement campaign: usage incentives, feature education, win-back offer"
65706,1,0.50802964,Low-Engagement / Passive,"Re-engagement campaign: usage incentives, feature education, win-back offer"
61589,2,0.33511147,High-Usage / Handset-Gap,Device upgrade or contract-renewal incentive (heavy users on aging handsets)
66958,1,0.32094595,Low-Engagement / Passive,"Re-engagement campaign: usage incentives, feature education, win-back offer"
52785,1,0.094090074,Low-Engagement / Passive,"Re-engagement campaign: usage incentives, feature education, win-back offer"
63576,1,0.41031566,Low-Engagement / Passive,"Re-engagement campaign: usage incentives, feature education, win-back offer"
61685,1,0.5187158,Low-Engagement / Passive,"Re-engagement campaign: usage incentives, feature education, win-back offer"
30483,1,0.33077824,Low-Engagement / Passive,"Re-engagement campaign: usage incentives, feature education, win-back offer"
62422,2,0.70881855,High-Usage / Handset-Gap,Device upgrade or contract-renewal incentive (heavy users on aging handsets)
70621,2,0.3307053,High-Usage / Handset-Gap,Device upgrade or contract-renewal incentive (heavy users on aging handsets)
60640,2,0.45892856,High-Usage / Handset-Gap,Device upgrade or contract-renewal incentive (heavy users on aging handsets)
70950,1,0.57350826,Low-Engagement / Passive,"Re-engagement campaign: usage incentives, feature education, win-back offer"
58645,1,0.20457062,Low-Engagement / Passive,"Re-engagement campaign: usage incentives, feature education, win-back offer"
62826,1,0.5096531,Low-Engagement / Passive,"Re-engagement campaign: usage incentives, feature education, win-back offer"
57207,2,0.20800902,High-Usage / Handset-Gap,Device upgrade or contract-renewal incentive (heavy users on aging handsets)
55331,2,0.4330679,High-Usage / Handset-Gap,Device upgrade or contract-renewal incentive (heavy users on aging handsets)
66183,1,0.43787688,Low-Engagement / Passive,"Re-engagement campaign: usage incentives, feature education, win-back offer"
51778,1,0.1767301,Low-Engagement / Passive,"Re-engagement campaign: usage incentives, feature education, win-back offer"
65526,2,0.32777986,High-Usage / Handset-Gap,Device upgrade or contract-renewal incentive (heavy users on aging handsets)
52552,2,0.6678727,High-Usage / Handset-Gap,Device upgrade or contract-renewal incentive (heavy users on aging handsets)
65290,2,0.3938534,High-Usage / Handset-Gap,Device upgrade or contract-renewal incentive (heavy users on aging handsets)
60284,2,0.25709355,High-Usage / Handset-Gap,Device upgrade or contract-renewal incentive (heavy users on aging handsets)
65045,2,0.63214546,High-Usage / Handset-Gap,Device upgrade or contract-renewal incentive (heavy users on aging handsets)
62175,2,0.3874627,High-Usage / Handset-Gap,Device upgrade or contract-renewal incentive (heavy users on aging handsets)
69418,2,0.4894107,High-Usage / Handset-Gap,Device upgrade or contract-renewal incentive (heavy users on aging handsets)
68952,2,0.19150929,High-Usage / Handset-Gap,Device upgrade or contract-renewal incentive (heavy users on aging handsets)
51789,1,0.38260683,Low-Engagement / Passive,"Re-engagement campaign: usage incentives, feature education, win-back offer"
57724,1,0.37500405,Low-Engagement / Passive,"Re-engagement campaign: usage incentives, feature education, win-back offer"
51594,2,0.4520572,High-Usage / Handset-Gap,Device upgrade or contract-renewal incentive (heavy users on aging handsets)
70711,2,0.2853097,High-Usage / Handset-Gap,Device upgrade or contract-renewal incentive (heavy users on aging handsets)
61725,1,0.39826623,Low-Engagement / Passive,"Re-engagement campaign: usage incentives, feature education, win-back offer"
68204,1,0.2335628,Low-Engagement / Passive,"Re-engagement campaign: usage incentives, feature education, win-back offer"
69156,1,0.30314833,Low-Engagement / Passive,"Re-engagement campaign: usage incentives, feature education, win-back offer"
69447,0,0.65814227,At-Risk / Retention-Contact,Priority retention outreach + service recovery (already contacted us)
67704,0,0.5214632,At-Risk / Retention-Contact,Priority retention outreach + service recovery (already contacted us)
61954,1,0.19039443,Low-Engagement / Passive,"Re-engagement campaign: usage incentives, feature education, win-back offer"
67467,0,0.6670528,At-Risk / Retention-Contact,Priority retention outreach + service recovery (already contacted us)
54455,2,0.6783396,High-Usage / Handset-Gap,Device upgrade or contract-renewal incentive (heavy users on aging handsets)
65631,1,0.26975554,Low-Engagement / Passive,"Re-engagement campaign: usage incentives, feature education, win-back offer"
61837,1,0.52954745,Low-Engagement / Passive,"Re-engagement campaign: usage incentives, feature education, win-back offer"
63168,1,0.7422889,Low-Engagement / Passive,"Re-engagement campaign: usage incentives, feature education, win-back offer"
53808,1,0.24250484,Low-Engagement / Passive,"Re-engagement campaign: usage incentives, feature education, win-back offer"
61446,1,0.2962852,Low-Engagement / Passive,"Re-engagement campaign: usage incentives, feature education, win-back offer"
63306,0,0.63728064,At-Risk / Retention-Contact,Priority retention outreach + service recovery (already contacted us)
64431,2,0.21829553,High-Usage / Handset-Gap,Device upgrade or contract-renewal incentive (heavy users on aging handsets)
68898,1,0.33707604,Low-Engagement / Passive,"Re-engagement campaign: usage incentives, feature education, win-back offer"
64018,1,0.3972153,Low-Engagement / Passive,"Re-engagement campaign: usage incentives, feature education, win-back offer"
56647,2,0.22975065,High-Usage / Handset-Gap,Device upgrade or contract-renewal incentive (heavy users on aging handsets)
69899,1,0.5509624,Low-Engagement / Passive,"Re-engagement campaign: usage incentives, feature education, win-back offer"
52523,1,0.48724145,Low-Engagement / Passive,"Re-engagement campaign: usage incentives, feature education, win-back offer"
63359,1,0.5204832,Low-Engagement / Passive,"Re-engagement campaign: usage incentives, feature education, win-back offer"
55662,1,0.17196544,Low-Engagement / Passive,"Re-engagement campaign: usage incentives, feature education, win-back offer"
67195,2,0.43432966,High-Usage / Handset-Gap,Device upgrade or contract-renewal incentive (heavy users on aging handsets)
59410,2,0.44124928,High-Usage / Handset-Gap,Device upgrade or contract-renewal incentive (heavy users on aging handsets)
57343,1,0.36975974,Low-Engagement / Passive,"Re-engagement campaign: usage incentives, feature education, win-back offer"
68361,2,0.5130674,High-Usage / Handset-Gap,Device upgrade or contract-renewal incentive (heavy users on aging handsets)
60461,1,0.26341075,Low-Engagement / Passive,"Re-engagement campaign: usage incentives, feature education, win-back offer"
65530,2,0.40419757,High-Usage / Handset-Gap,Device upgrade or contract-renewal incentive (heavy users on aging handsets)
69985,2,0.29329056,High-Usage / Handset-Gap,Device upgrade or contract-renewal incentive (heavy users on aging handsets)
51530,1,0.18063718,Low-Engagement / Passive,"Re-engagement campaign: usage incentives, feature education, win-back offer"
66290,1,0.26614186,Low-Engagement / Passive,"Re-engagement campaign: usage incentives, feature education, win-back offer"
68638,2,0.042364415,High-Usage / Handset-Gap,Device upgrade or contract-renewal incentive (heavy users on aging handsets)
68879,2,0.39707303,High-Usage / Handset-Gap,Device upgrade or contract-renewal incentive (heavy users on aging handsets)
65853,2,0.4944266,High-Usage / Handset-Gap,Device upgrade or contract-renewal incentive (heavy users on aging handsets)
56174,1,0.3380827,Low-Engagement / Passive,"Re-engagement campaign: usage incentives, feature education, win-back offer"
52790,2,0.16169773,High-Usage / Handset-Gap,Device upgrade or contract-renewal incentive (heavy users on aging handsets)
57261,2,0.47203577,High-Usage / Handset-Gap,Device upgrade or contract-renewal incentive (heavy users on aging handsets)
58021,1,0.26640013,Low-Engagement / Passive,"Re-engagement campaign: usage incentives, feature education, win-back offer"
65674,2,0.1280621,High-Usage / Handset-Gap,Device upgrade or contract-renewal incentive (heavy users on aging handsets)
68575,2,0.34257507,High-Usage / Handset-Gap,Device upgrade or contract-renewal incentive (heavy users on aging handsets)
64993,2,0.34912577,High-Usage / Handset-Gap,Device upgrade or contract-renewal incentive (heavy users on aging handsets)
69417,1,0.30796823,Low-Engagement / Passive,"Re-engagement campaign: usage incentives, feature education, win-back offer"
69665,2,0.28692982,High-Usage / Handset-Gap,Device upgrade or contract-renewal incentive (heavy users on aging handsets)
65876,2,0.17317973,High-Usage / Handset-Gap,Device upgrade or contract-renewal incentive (heavy users on aging handsets)
58970,2,0.42235488,High-Usage / Handset-Gap,Device upgrade or contract-renewal incentive (heavy users on aging handsets)
67711,1,0.34568664,Low-Engagement / Passive,"Re-engagement campaign: usage incentives, feature education, win-back offer"
58866,1,0.3141278,Low-Engagement / Passive,"Re-engagement campaign: usage incentives, feature education, win-back offer"
69166,2,0.7056438,High-Usage / Handset-Gap,Device upgrade or contract-renewal incentive (heavy users on aging handsets)
64272,1,0.49096555,Low-Engagement / Passive,"Re-engagement campaign: usage incentives, feature education, win-back offer"
63228,0,0.6509922,At-Risk / Retention-Contact,Priority retention outreach + service recovery (already contacted us)
53015,1,0.39330268,Low-Engagement / Passive,"Re-engagement campaign: usage incentives, feature education, win-back offer"
55923,1,0.2382694,Low-Engagement / Passive,"Re-engagement campaign: usage incentives, feature education, win-back offer"
58644,1,0.44325963,Low-Engagement / Passive,"Re-engagement campaign: usage incentives, feature education, win-back offer"
70392,2,0.16256037,High-Usage / Handset-Gap,Device upgrade or contract-renewal incentive (heavy users on aging handsets)
56453,1,0.31218097,Low-Engagement / Passive,"Re-engagement campaign: usage incentives, feature education, win-back offer"
64460,1,0.4681614,Low-Engagement / Passive,"Re-engagement campaign: usage incentives, feature education, win-back offer"
65868,1,0.2014149,Low-Engagement / Passive,"Re-engagement campaign: usage incentives, feature education, win-back offer"
63270,2,0.43582293,High-Usage / Handset-Gap,Device upgrade or contract-renewal incentive (heavy users on aging handsets)
61647,1,0.69133663,Low-Engagement / Passive,"Re-engagement campaign: usage incentives, feature education, win-back offer"
68291,1,0.41610977,Low-Engagement / Passive,"Re-engagement campaign: usage incentives, feature education, win-back offer"
57877,1,0.1591779,Low-Engagement / Passive,"Re-engagement campaign: usage incentives, feature education, win-back offer"
63009,2,0.48474258,High-Usage / Handset-Gap,Device upgrade or contract-renewal incentive (heavy users on aging handsets)
64022,1,0.21990083,Low-Engagement / Passive,"Re-engagement campaign: usage incentives, feature education, win-back offer"
57702,1,0.20379594,Low-Engagement / Passive,"Re-engagement campaign: usage incentives, feature education, win-back offer"
65767,2,0.41488308,High-Usage / Handset-Gap,Device upgrade or contract-renewal incentive (heavy users on aging handsets)
60361,2,0.43512717,High-Usage / Handset-Gap,Device upgrade or contract-renewal incentive (heavy users on aging handsets)
56840,2,0.46080607,High-Usage / Handset-Gap,Device upgrade or contract-renewal incentive (heavy users on aging handsets)
51379,0,0.5391035,At-Risk / Retention-Contact,Priority retention outreach + service recovery (already contacted us)
67911,1,0.38003454,Low-Engagement / Passive,"Re-engagement campaign: usage incentives, feature education, win-back offer"
56596,2,0.39172545,High-Usage / Handset-Gap,Device upgrade or contract-renewal incentive (heavy users on aging handsets)
66994,2,0.6647796,High-Usage / Handset-Gap,Device upgrade or contract-renewal incentive (heavy users on aging handsets)
59609,1,0.16527613,Low-Engagement / Passive,"Re-engagement campaign: usage incentives, feature education, win-back offer"
62324,1,0.39676285,Low-Engagement / Passive,"Re-engagement campaign: usage incentives, feature education, win-back offer"
69358,1,0.21693784,Low-Engagement / Passive,"Re-engagement campaign: usage incentives, feature education, win-back offer"
59451,1,0.18217304,Low-Engagement / Passive,"Re-engagement campaign: usage incentives, feature education, win-back offer"
54478,1,0.52527773,Low-Engagement / Passive,"Re-engagement campaign: usage incentives, feature education, win-back offer"
59624,1,0.24102397,Low-Engagement / Passive,"Re-engagement campaign: usage incentives, feature education, win-back offer"
59005,1,0.389564,Low-Engagement / Passive,"Re-engagement campaign: usage incentives, feature education, win-back offer"
51278,2,0.23880641,High-Usage / Handset-Gap,Device upgrade or contract-renewal incentive (heavy users on aging handsets)
68966,2,0.8517432,High-Usage / Handset-Gap,Device upgrade or contract-renewal incentive (heavy users on aging handsets)
60055,1,0.6567459,Low-Engagement / Passive,"Re-engagement campaign: usage incentives, feature education, win-back offer"
64180,2,0.5505246,High-Usage / Handset-Gap,Device upgrade or contract-renewal incentive (heavy users on aging handsets)
66437,1,0.4045039,Low-Engagement / Passive,"Re-engagement campaign: usage incentives, feature education, win-back offer"
59021,1,0.23567046,Low-Engagement / Passive,"Re-engagement campaign: usage incentives, feature education, win-back offer"
62840,2,0.4166645,High-Usage / Handset-Gap,Device upgrade or contract-renewal incentive (heavy users on aging handsets)
67994,1,0.2898126,Low-Engagement / Passive,"Re-engagement campaign: usage incentives, feature education, win-back offer"
69312,2,0.42878994,High-Usage / Handset-Gap,Device upgrade or contract-renewal incentive (heavy users on aging handsets)
51830,2,0.32957637,High-Usage / Handset-Gap,Device upgrade or contract-renewal incentive (heavy users on aging handsets)
53391,2,0.38210103,High-Usage / Handset-Gap,Device upgrade or contract-renewal incentive (heavy users on aging handsets)
61476,1,0.37023863,Low-Engagement / Passive,"Re-engagement campaign: usage incentives, feature education, win-back offer"
60903,1,0.30630666,Low-Engagement / Passive,"Re-engagement campaign: usage incentives, feature education, win-back offer"
68659,1,0.2069452,Low-Engagement / Passive,"Re-engagement campaign: usage incentives, feature education, win-back offer"
54068,2,0.29763836,High-Usage / Handset-Gap,Device upgrade or contract-renewal incentive (heavy users on aging handsets)
69154,1,0.3495169,Low-Engagement / Passive,"Re-engagement campaign: usage incentives, feature education, win-back offer"
65613,1,0.35943544,Low-Engagement / Passive,"Re-engagement campaign: usage incentives, feature education, win-back offer"
61966,1,0.49690264,Low-Engagement / Passive,"Re-engagement campaign: usage incentives, feature education, win-back offer"
30778,1,0.44891554,Low-Engagement / Passive,"Re-engagement campaign: usage incentives, feature education, win-back offer"
58394,2,0.36312526,High-Usage / Handset-Gap,Device upgrade or contract-renewal incentive (heavy users on aging handsets)
66232,1,0.6566204,Low-Engagement / Passive,"Re-engagement campaign: usage incentives, feature education, win-back offer"
67380,1,0.49789307,Low-Engagement / Passive,"Re-engagement campaign: usage incentives, feature education, win-back offer"
54359,2,0.24375996,High-Usage / Handset-Gap,Device upgrade or contract-renewal incentive (heavy users on aging handsets)
70664,2,0.46401182,High-Usage / Handset-Gap,Device upgrade or contract-renewal incentive (heavy users on aging handsets)
51182,1,0.20826276,Low-Engagement / Passive,"Re-engagement campaign: usage incentives, feature education, win-back offer"
59488,1,0.6306767,Low-Engagement / Passive,"Re-engagement campaign: usage incentives, feature education, win-back offer"
60696,1,0.33014932,Low-Engagement / Passive,"Re-engagement campaign: usage incentives, feature education, win-back offer"
52802,2,0.49234763,High-Usage / Handset-Gap,Device upgrade or contract-renewal incentive (heavy users on aging handsets)
56135,2,0.26680973,High-Usage / Handset-Gap,Device upgrade or contract-renewal incentive (heavy users on aging handsets)
67406,1,0.3269764,Low-Engagement / Passive,"Re-engagement campaign: usage incentives, feature education, win-back offer"
68967,2,0.2736589,High-Usage / Handset-Gap,Device upgrade or contract-renewal incentive (heavy users on aging handsets)
70688,2,0.25572252,High-Usage / Handset-Gap,Device upgrade or contract-renewal incentive (heavy users on aging handsets)
68995,1,0.4668949,Low-Engagement / Passive,"Re-engagement campaign: usage incentives, feature education, win-back offer"
56435,1,0.61696154,Low-Engagement / Passive,"Re-engagement campaign: usage incentives, feature education, win-back offer"
67092,1,0.21347275,Low-Engagement / Passive,"Re-engagement campaign: usage incentives, feature education, win-back offer"
55504,1,0.5409018,Low-Engagement / Passive,"Re-engagement campaign: usage incentives, feature education, win-back offer"
64337,1,0.3597769,Low-Engagement / Passive,"Re-engagement campaign: usage incentives, feature education, win-back offer"
70491,1,0.1450134,Low-Engagement / Passive,"Re-engagement campaign: usage incentives, feature education, win-back offer"
54950,1,0.23167042,Low-Engagement / Passive,"Re-engagement campaign: usage incentives, feature education, win-back offer"
70011,2,0.06700642,High-Usage / Handset-Gap,Device upgrade or contract-renewal incentive (heavy users on aging handsets)
66871,2,0.3568266,High-Usage / Handset-Gap,Device upgrade or contract-renewal incentive (heavy users on aging handsets)
65468,2,0.29761824,High-Usage / Handset-Gap,Device upgrade or contract-renewal incentive (heavy users on aging handsets)
58950,2,0.22974043,High-Usage / Handset-Gap,Device upgrade or contract-renewal incentive (heavy users on aging handsets)
66166,0,0.54991704,At-Risk / Retention-Contact,Priority retention outreach + service recovery (already contacted us)
30454,2,0.5057549,High-Usage / Handset-Gap,Device upgrade or contract-renewal incentive (heavy users on aging handsets)
52801,2,0.45174995,High-Usage / Handset-Gap,Device upgrade or contract-renewal incentive (heavy users on aging handsets)
55954,2,0.38880724,High-Usage / Handset-Gap,Device upgrade or contract-renewal incentive (heavy users on aging handsets)
60545,1,0.18137997,Low-Engagement / Passive,"Re-engagement campaign: usage incentives, feature education, win-back offer"
53517,2,0.59501225,High-Usage / Handset-Gap,Device upgrade or contract-renewal incentive (heavy users on aging handsets)
66777,1,0.5396638,Low-Engagement / Passive,"Re-engagement campaign: usage incentives, feature education, win-back offer"
56255,1,0.4638016,Low-Engagement / Passive,"Re-engagement campaign: usage incentives, feature education, win-back offer"
58929,2,0.59048337,High-Usage / Handset-Gap,Device upgrade or contract-renewal incentive (heavy users on aging handsets)
55877,2,0.25805378,High-Usage / Handset-Gap,Device upgrade or contract-renewal incentive (heavy users on aging handsets)
70000,1,0.17901616,Low-Engagement / Passive,"Re-engagement campaign: usage incentives, feature education, win-back offer"
59872,1,0.52498835,Low-Engagement / Passive,"Re-engagement campaign: usage incentives, feature education, win-back offer"
30823,1,0.358353,Low-Engagement / Passive,"Re-engagement campaign: usage incentives, feature education, win-back offer"
61992,1,0.3014373,Low-Engagement / Passive,"Re-engagement campaign: usage incentives, feature education, win-back offer"
51641,2,0.17025022,High-Usage / Handset-Gap,Device upgrade or contract-renewal incentive (heavy users on aging handsets)
54298,1,0.48677704,Low-Engagement / Passive,"Re-engagement campaign: usage incentives, feature education, win-back offer"
58088,1,0.39967358,Low-Engagement / Passive,"Re-engagement campaign: usage incentives, feature education, win-back offer"
70551,2,0.07663459,High-Usage / Handset-Gap,Device upgrade or contract-renewal incentive (heavy users on aging handsets)
71034,2,0.3628702,High-Usage / Handset-Gap,Device upgrade or contract-renewal incentive (heavy users on aging handsets)
61521,2,0.2344542,High-Usage / Handset-Gap,Device upgrade or contract-renewal incentive (heavy users on aging handsets)
54192,2,0.5167751,High-Usage / Handset-Gap,Device upgrade or contract-renewal incentive (heavy users on aging handsets)
67079,1,0.30613762,Low-Engagement / Passive,"Re-engagement campaign: usage incentives, feature education, win-back offer"
66951,1,0.28016925,Low-Engagement / Passive,"Re-engagement campaign: usage incentives, feature education, win-back offer"
60777,2,0.19663885,High-Usage / Handset-Gap,Device upgrade or contract-renewal incentive (heavy users on aging handsets)
59839,0,0.29741737,At-Risk / Retention-Contact,Priority retention outreach + service recovery (already contacted us)
53367,1,0.3429135,Low-Engagement / Passive,"Re-engagement campaign: usage incentives, feature education, win-back offer"
61991,2,0.5661168,High-Usage / Handset-Gap,Device upgrade or contract-renewal incentive (heavy users on aging handsets)
60888,2,0.34174106,High-Usage / Handset-Gap,Device upgrade or contract-renewal incentive (heavy users on aging handsets)
52904,1,0.22748575,Low-Engagement / Passive,"Re-engagement campaign: usage incentives, feature education, win-back offer"
64576,1,0.407997,Low-Engagement / Passive,"Re-engagement campaign: usage incentives, feature education, win-back offer"
59583,2,0.32420364,High-Usage / Handset-Gap,Device upgrade or contract-renewal incentive (heavy users on aging handsets)
65640,1,0.19734918,Low-Engagement / Passive,"Re-engagement campaign: usage incentives, feature education, win-back offer"
70194,2,0.12824991,High-Usage / Handset-Gap,Device upgrade or contract-renewal incentive (heavy users on aging handsets)
56138,1,0.24198359,Low-Engagement / Passive,"Re-engagement campaign: usage incentives, feature education, win-back offer"
70830,2,0.41097355,High-Usage / Handset-Gap,Device upgrade or contract-renewal incentive (heavy users on aging handsets)
67277,2,0.45561358,High-Usage / Handset-Gap,Device upgrade or contract-renewal incentive (heavy users on aging handsets)
59214,1,0.11612981,Low-Engagement / Passive,"Re-engagement campaign: usage incentives, feature education, win-back offer"
68289,1,0.49486354,Low-Engagement / Passive,"Re-engagement campaign: usage incentives, feature education, win-back offer"
58845,2,0.06640158,High-Usage / Handset-Gap,Device upgrade or contract-renewal incentive (heavy users on aging handsets)
70982,2,0.5146423,High-Usage / Handset-Gap,Device upgrade or contract-renewal incentive (heavy users on aging handsets)
66753,1,0.44906482,Low-Engagement / Passive,"Re-engagement campaign: usage incentives, feature education, win-back offer"
65261,2,0.56255174,High-Usage / Handset-Gap,Device upgrade or contract-renewal incentive (heavy users on aging handsets)
53033,2,0.38678756,High-Usage / Handset-Gap,Device upgrade or contract-renewal incentive (heavy users on aging handsets)
66421,1,0.30546752,Low-Engagement / Passive,"Re-engagement campaign: usage incentives, feature education, win-back offer"
70321,2,0.17451485,High-Usage / Handset-Gap,Device upgrade or contract-renewal incentive (heavy users on aging handsets)
58874,2,0.25142407,High-Usage / Handset-Gap,Device upgrade or contract-renewal incentive (heavy users on aging handsets)
57021,1,0.35065132,Low-Engagement / Passive,"Re-engagement campaign: usage incentives, feature education, win-back offer"
69761,2,0.58436954,High-Usage / Handset-Gap,Device upgrade or contract-renewal incentive (heavy users on aging handsets)
58002,1,0.56696075,Low-Engagement / Passive,"Re-engagement campaign: usage incentives, feature education, win-back offer"
54485,2,0.33229896,High-Usage / Handset-Gap,Device upgrade or contract-renewal incentive (heavy users on aging handsets)
63630,1,0.3182388,Low-Engagement / Passive,"Re-engagement campaign: usage incentives, feature education, win-back offer"
65337,1,0.4576447,Low-Engagement / Passive,"Re-engagement campaign: usage incentives, feature education, win-back offer"
58884,1,0.40856805,Low-Engagement / Passive,"Re-engagement campaign: usage incentives, feature education, win-back offer"
70969,1,0.1749599,Low-Engagement / Passive,"Re-engagement campaign: usage incentives, feature education, win-back offer"
62746,2,0.3628665,High-Usage / Handset-Gap,Device upgrade or contract-renewal incentive (heavy users on aging handsets)
52923,2,0.40766525,High-Usage / Handset-Gap,Device upgrade or contract-renewal incentive (heavy users on aging handsets)
59852,2,0.60289055,High-Usage / Handset-Gap,Device upgrade or contract-renewal incentive (heavy users on aging handsets)
65114,1,0.29223385,Low-Engagement / Passive,"Re-engagement campaign: usage incentives, feature education, win-back offer"
66288,1,0.46238384,Low-Engagement / Passive,"Re-engagement campaign: usage incentives, feature education, win-back offer"
57925,2,0.3697655,High-Usage / Handset-Gap,Device upgrade or contract-renewal incentive (heavy users on aging handsets)
54803,0,0.5071209,At-Risk / Retention-Contact,Priority retention outreach + service recovery (already contacted us)
58769,2,0.4136587,High-Usage / Handset-Gap,Device upgrade or contract-renewal incentive (heavy users on aging handsets)
57805,2,0.27000672,High-Usage / Handset-Gap,Device upgrade or contract-renewal incentive (heavy users on aging handsets)
59777,1,0.379641,Low-Engagement / Passive,"Re-engagement campaign: usage incentives, feature education, win-back offer"
58190,1,0.38057327,Low-Engagement / Passive,"Re-engagement campaign: usage incentives, feature education, win-back offer"
61308,2,0.4039921,High-Usage / Handset-Gap,Device upgrade or contract-renewal incentive (heavy users on aging handsets)
65738,2,0.26283744,High-Usage / Handset-Gap,Device upgrade or contract-renewal incentive (heavy users on aging handsets)
57141,1,0.3780698,Low-Engagement / Passive,"Re-engagement campaign: usage incentives, feature education, win-back offer"
56127,1,0.17646164,Low-Engagement / Passive,"Re-engagement campaign: usage incentives, feature education, win-back offer"
66445,2,0.26551837,High-Usage / Handset-Gap,Device upgrade or contract-renewal incentive (heavy users on aging handsets)
66249,0,0.7858082,At-Risk / Retention-Contact,Priority retention outreach + service recovery (already contacted us)
59142,1,0.3477786,Low-Engagement / Passive,"Re-engagement campaign: usage incentives, feature education, win-back offer"
55564,1,0.39975032,Low-Engagement / Passive,"Re-engagement campaign: usage incentives, feature education, win-back offer"
64427,2,0.7586496,High-Usage / Handset-Gap,Device upgrade or contract-renewal incentive (heavy users on aging handsets)
57419,2,0.41386637,High-Usage / Handset-Gap,Device upgrade or contract-renewal incentive (heavy users on aging handsets)
55369,1,0.11582426,Low-Engagement / Passive,"Re-engagement campaign: usage incentives, feature education, win-back offer"
64143,2,0.29315177,High-Usage / Handset-Gap,Device upgrade or contract-renewal incentive (heavy users on aging handsets)
58196,0,0.6790904,At-Risk / Retention-Contact,Priority retention outreach + service recovery (already contacted us)
58006,2,0.1983042,High-Usage / Handset-Gap,Device upgrade or contract-renewal incentive (heavy users on aging handsets)
65255,1,0.14934064,Low-Engagement / Passive,"Re-engagement campaign: usage incentives, feature education, win-back offer"
55254,2,0.31558457,High-Usage / Handset-Gap,Device upgrade or contract-renewal incentive (heavy users on aging handsets)
65220,2,0.48009115,High-Usage / Handset-Gap,Device upgrade or contract-renewal incentive (heavy users on aging handsets)
61374,1,0.43078628,Low-Engagement / Passive,"Re-engagement campaign: usage incentives, feature education, win-back offer"
56104,1,0.27906737,Low-Engagement / Passive,"Re-engagement campaign: usage incentives, feature education, win-back offer"
53662,1,0.23676701,Low-Engagement / Passive,"Re-engagement campaign: usage incentives, feature education, win-back offer"
30931,1,0.45863777,Low-Engagement / Passive,"Re-engagement campaign: usage incentives, feature education, win-back offer"
57353,2,0.50774693,High-Usage / Handset-Gap,Device upgrade or contract-renewal incentive (heavy users on aging handsets)
60264,1,0.27390832,Low-Engagement / Passive,"Re-engagement campaign: usage incentives, feature education, win-back offer"
54220,1,0.29683682,Low-Engagement / Passive,"Re-engagement campaign: usage incentives, feature education, win-back offer"
64142,1,0.36843485,Low-Engagement / Passive,"Re-engagement campaign: usage incentives, feature education, win-back offer"
30742,2,0.37370193,High-Usage / Handset-Gap,Device upgrade or contract-renewal incentive (heavy users on aging handsets)
67552,2,0.30171987,High-Usage / Handset-Gap,Device upgrade or contract-renewal incentive (heavy users on aging handsets)
63585,2,0.40770972,High-Usage / Handset-Gap,Device upgrade or contract-renewal incentive (heavy users on aging handsets)
68578,1,0.21536292,Low-Engagement / Passive,"Re-engagement campaign: usage incentives, feature education, win-back offer"
68161,1,0.3147894,Low-Engagement / Passive,"Re-engagement campaign: usage incentives, feature education, win-back offer"
57280,1,0.40468433,Low-Engagement / Passive,"Re-engagement campaign: usage incentives, feature education, win-back offer"
53627,1,0.32337913,Low-Engagement / Passive,"Re-engagement campaign: usage incentives, feature education, win-back offer"
56690,1,0.24964763,Low-Engagement / Passive,"Re-engagement campaign: usage incentives, feature education, win-back offer"
69834,1,0.5912054,Low-Engagement / Passive,"Re-engagement campaign: usage incentives, feature education, win-back offer"
67436,1,0.47601238,Low-Engagement / Passive,"Re-engagement campaign: usage incentives, feature education, win-back offer"
64136,2,0.46740925,High-Usage / Handset-Gap,Device upgrade or contract-renewal incentive (heavy users on aging handsets)
70407,1,0.1609751,Low-Engagement / Passive,"Re-engagement campaign: usage incentives, feature education, win-back offer"
65453,2,0.28694457,High-Usage / Handset-Gap,Device upgrade or contract-renewal incentive (heavy users on aging handsets)
52595,1,0.31492737,Low-Engagement / Passive,"Re-engagement campaign: usage incentives, feature education, win-back offer"
66081,2,0.32540718,High-Usage / Handset-Gap,Device upgrade or contract-renewal incentive (heavy users on aging handsets)
70254,1,0.13555129,Low-Engagement / Passive,"Re-engagement campaign: usage incentives, feature education, win-back offer"
53620,2,0.3939153,High-Usage / Handset-Gap,Device upgrade or contract-renewal incentive (heavy users on aging handsets)
55156,2,0.41364777,High-Usage / Handset-Gap,Device upgrade or contract-renewal incentive (heavy users on aging handsets)
69290,1,0.16224355,Low-Engagement / Passive,"Re-engagement campaign: usage incentives, feature education, win-back offer"
54223,1,0.3730149,Low-Engagement / Passive,"Re-engagement campaign: usage incentives, feature education, win-back offer"
54111,2,0.46787888,High-Usage / Handset-Gap,Device upgrade or contract-renewal incentive (heavy users on aging handsets)
54181,1,0.41075918,Low-Engagement / Passive,"Re-engagement campaign: usage incentives, feature education, win-back offer"
69437,2,0.6038915,High-Usage / Handset-Gap,Device upgrade or contract-renewal incentive (heavy users on aging handsets)
69080,1,0.29110298,Low-Engagement / Passive,"Re-engagement campaign: usage incentives, feature education, win-back offer"
65686,1,0.47955555,Low-Engagement / Passive,"Re-engagement campaign: usage incentives, feature education, win-back offer"
66540,2,0.51516837,High-Usage / Handset-Gap,Device upgrade or contract-renewal incentive (heavy users on aging handsets)
65143,1,0.29922116,Low-Engagement / Passive,"Re-engagement campaign: usage incentives, feature education, win-back offer"
69485,1,0.3787505,Low-Engagement / Passive,"Re-engagement campaign: usage incentives, feature education, win-back offer"
59827,1,0.2946708,Low-Engagement / Passive,"Re-engagement campaign: usage incentives, feature education, win-back offer"
59330,2,0.27310878,High-Usage / Handset-Gap,Device upgrade or contract-renewal incentive (heavy users on aging handsets)
58138,2,0.7150496,High-Usage / Handset-Gap,Device upgrade or contract-renewal incentive (heavy users on aging handsets)
54609,1,0.48247942,Low-Engagement / Passive,"Re-engagement campaign: usage incentives, feature education, win-back offer"
66443,1,0.61716616,Low-Engagement / Passive,"Re-engagement campaign: usage incentives, feature education, win-back offer"
64648,1,0.45942348,Low-Engagement / Passive,"Re-engagement campaign: usage incentives, feature education, win-back offer"
63066,0,0.5625177,At-Risk / Retention-Contact,Priority retention outreach + service recovery (already contacted us)
61699,2,0.21940996,High-Usage / Handset-Gap,Device upgrade or contract-renewal incentive (heavy users on aging handsets)
64738,1,0.26049304,Low-Engagement / Passive,"Re-engagement campaign: usage incentives, feature education, win-back offer"
61747,0,0.44865334,At-Risk / Retention-Contact,Priority retention outreach + service recovery (already contacted us)
67345,1,0.36128393,Low-Engagement / Passive,"Re-engagement campaign: usage incentives, feature education, win-back offer"
54568,0,0.3733819,At-Risk / Retention-Contact,Priority retention outreach + service recovery (already contacted us)
65074,2,0.52012295,High-Usage / Handset-Gap,Device upgrade or contract-renewal incentive (heavy users on aging handsets)
53112,2,0.54379934,High-Usage / Handset-Gap,Device upgrade or contract-renewal incentive (heavy users on aging handsets)
53712,1,0.41704866,Low-Engagement / Passive,"Re-engagement campaign: usage incentives, feature education, win-back offer"
62005,1,0.4896473,Low-Engagement / Passive,"Re-engagement campaign: usage incentives, feature education, win-back offer"
52128,2,0.4785666,High-Usage / Handset-Gap,Device upgrade or contract-renewal incentive (heavy users on aging handsets)
70954,2,0.3110725,High-Usage / Handset-Gap,Device upgrade or contract-renewal incentive (heavy users on aging handsets)
60934,1,0.46829852,Low-Engagement / Passive,"Re-engagement campaign: usage incentives, feature education, win-back offer"
59479,1,0.24216536,Low-Engagement / Passive,"Re-engagement campaign: usage incentives, feature education, win-back offer"
57912,0,0.3368691,At-Risk / Retention-Contact,Priority retention outreach + service recovery (already contacted us)
51852,1,0.1203231,Low-Engagement / Passive,"Re-engagement campaign: usage incentives, feature education, win-back offer"
58212,2,0.44295582,High-Usage / Handset-Gap,Device upgrade or contract-renewal incentive (heavy users on aging handsets)
70958,2,0.21264002,High-Usage / Handset-Gap,Device upgrade or contract-renewal incentive (heavy users on aging handsets)
54318,2,0.42284453,High-Usage / Handset-Gap,Device upgrade or contract-renewal incentive (heavy users on aging handsets)
63309,1,0.39194673,Low-Engagement / Passive,"Re-engagement campaign: usage incentives, feature education, win-back offer"
52200,2,0.32901886,High-Usage / Handset-Gap,Device upgrade or contract-renewal incentive (heavy users on aging handsets)
65426,1,0.14567614,Low-Engagement / Passive,"Re-engagement campaign: usage incentives, feature education, win-back offer"
52863,2,0.24485435,High-Usage / Handset-Gap,Device upgrade or contract-renewal incentive (heavy users on aging handsets)
60941,1,0.34199354,Low-Engagement / Passive,"Re-engagement campaign: usage incentives, feature education, win-back offer"
58846,1,0.42305633,Low-Engagement / Passive,"Re-engagement campaign: usage incentives, feature education, win-back offer"
64216,1,0.28597787,Low-Engagement / Passive,"Re-engagement campaign: usage incentives, feature education, win-back offer"
58493,1,0.3269013,Low-Engagement / Passive,"Re-engagement campaign: usage incentives, feature education, win-back offer"
70625,1,0.12077792,Low-Engagement / Passive,"Re-engagement campaign: usage incentives, feature education, win-back offer"
58223,1,0.27838343,Low-Engagement / Passive,"Re-engagement campaign: usage incentives, feature education, win-back offer"
53686,1,0.42776555,Low-Engagement / Passive,"Re-engagement campaign: usage incentives, feature education, win-back offer"
69615,2,0.23259063,High-Usage / Handset-Gap,Device upgrade or contract-renewal incentive (heavy users on aging handsets)
55493,2,0.23276947,High-Usage / Handset-Gap,Device upgrade or contract-renewal incentive (heavy users on aging handsets)
52340,2,0.2041839,High-Usage / Handset-Gap,Device upgrade or contract-renewal incentive (heavy users on aging handsets)
69187,2,0.79728216,High-Usage / Handset-Gap,Device upgrade or contract-renewal incentive (heavy users on aging handsets)
61437,1,0.34039432,Low-Engagement / Passive,"Re-engagement campaign: usage incentives, feature education, win-back offer"
59452,1,0.21147992,Low-Engagement / Passive,"Re-engagement campaign: usage incentives, feature education, win-back offer"
56518,2,0.3740575,High-Usage / Handset-Gap,Device upgrade or contract-renewal incentive (heavy users on aging handsets)
51450,2,0.28159782,High-Usage / Handset-Gap,Device upgrade or contract-renewal incentive (heavy users on aging handsets)
69272,1,0.28740105,Low-Engagement / Passive,"Re-engagement campaign: usage incentives, feature education, win-back offer"
30885,2,0.33363226,High-Usage / Handset-Gap,Device upgrade or contract-renewal incentive (heavy users on aging handsets)
69374,1,0.3599816,Low-Engagement / Passive,"Re-engagement campaign: usage incentives, feature education, win-back offer"
64803,1,0.14064214,Low-Engagement / Passive,"Re-engagement campaign: usage incentives, feature education, win-back offer"
64780,0,0.5362173,At-Risk / Retention-Contact,Priority retention outreach + service recovery (already contacted us)
64781,1,0.49119923,Low-Engagement / Passive,"Re-engagement campaign: usage incentives, feature education, win-back offer"
69400,1,0.54778606,Low-Engagement / Passive,"Re-engagement campaign: usage incentives, feature education, win-back offer"
55295,1,0.4347359,Low-Engagement / Passive,"Re-engagement campaign: usage incentives, feature education, win-back offer"
52573,1,0.25630346,Low-Engagement / Passive,"Re-engagement campaign: usage incentives, feature education, win-back offer"
30511,1,0.24196173,Low-Engagement / Passive,"Re-engagement campaign: usage incentives, feature education, win-back offer"
56034,1,0.5145932,Low-Engagement / Passive,"Re-engagement campaign: usage incentives, feature education, win-back offer"
63609,2,0.41852522,High-Usage / Handset-Gap,Device upgrade or contract-renewal incentive (heavy users on aging handsets)
68919,2,0.48869362,High-Usage / Handset-Gap,Device upgrade or contract-renewal incentive (heavy users on aging handsets)
58189,2,0.3518337,High-Usage / Handset-Gap,Device upgrade or contract-renewal incentive (heavy users on aging handsets)
60997,1,0.33724648,Low-Engagement / Passive,"Re-engagement campaign: usage incentives, feature education, win-back offer"
62048,0,0.632861,At-Risk / Retention-Contact,Priority retention outreach + service recovery (already contacted us)
52258,2,0.36974534,High-Usage / Handset-Gap,Device upgrade or contract-renewal incentive (heavy users on aging handsets)
63230,1,0.5288575,Low-Engagement / Passive,"Re-engagement campaign: usage incentives, feature education, win-back offer"
67218,1,0.22813992,Low-Engagement / Passive,"Re-engagement campaign: usage incentives, feature education, win-back offer"
57627,2,0.39367366,High-Usage / Handset-Gap,Device upgrade or contract-renewal incentive (heavy users on aging handsets)
70078,0,0.7347526,At-Risk / Retention-Contact,Priority retention outreach + service recovery (already contacted us)
68331,1,0.28372884,Low-Engagement / Passive,"Re-engagement campaign: usage incentives, feature education, win-back offer"
51193,1,0.51300883,Low-Engagement / Passive,"Re-engagement campaign: usage incentives, feature education, win-back offer"
58913,1,0.43327644,Low-Engagement / Passive,"Re-engagement campaign: usage incentives, feature education, win-back offer"
53398,0,0.25473723,At-Risk / Retention-Contact,Priority retention outreach + service recovery (already contacted us)
64688,0,0.40706044,At-Risk / Retention-Contact,Priority retention outreach + service recovery (already contacted us)
66655,1,0.33532742,Low-Engagement / Passive,"Re-engagement campaign: usage incentives, feature education, win-back offer"
67313,0,0.70431423,At-Risk / Retention-Contact,Priority retention outreach + service recovery (already contacted us)
61993,1,0.39666063,Low-Engagement / Passive,"Re-engagement campaign: usage incentives, feature education, win-back offer"
68211,1,0.5151239,Low-Engagement / Passive,"Re-engagement campaign: usage incentives, feature education, win-back offer"
54348,2,0.66530293,High-Usage / Handset-Gap,Device upgrade or contract-renewal incentive (heavy users on aging handsets)
63587,1,0.3058334,Low-Engagement / Passive,"Re-engagement campaign: usage incentives, feature education, win-back offer"
56480,1,0.29286486,Low-Engagement / Passive,"Re-engagement campaign: usage incentives, feature education, win-back offer"
53402,1,0.34252095,Low-Engagement / Passive,"Re-engagement campaign: usage incentives, feature education, win-back offer"
69906,1,0.15864979,Low-Engagement / Passive,"Re-engagement campaign: usage incentives, feature education, win-back offer"
66772,2,0.088087894,High-Usage / Handset-Gap,Device upgrade or contract-renewal incentive (heavy users on aging handsets)
67191,2,0.115920134,High-Usage / Handset-Gap,Device upgrade or contract-renewal incentive (heavy users on aging handsets)
51826,1,0.13834907,Low-Engagement / Passive,"Re-engagement campaign: usage incentives, feature education, win-back offer"
54022,2,0.48660055,High-Usage / Handset-Gap,Device upgrade or contract-renewal incentive (heavy users on aging handsets)
65007,1,0.331313,Low-Engagement / Passive,"Re-engagement campaign: usage incentives, feature education, win-back offer"
55681,1,0.25880277,Low-Engagement / Passive,"Re-engagement campaign: usage incentives, feature education, win-back offer"
59790,2,0.44978186,High-Usage / Handset-Gap,Device upgrade or contract-renewal incentive (heavy users on aging handsets)
70142,2,0.23917495,High-Usage / Handset-Gap,Device upgrade or contract-renewal incentive (heavy users on aging handsets)
30920,1,0.5952703,Low-Engagement / Passive,"Re-engagement campaign: usage incentives, feature education, win-back offer"
65678,1,0.28206465,Low-Engagement / Passive,"Re-engagement campaign: usage incentives, feature education, win-back offer"
63108,1,0.44548652,Low-Engagement / Passive,"Re-engagement campaign: usage incentives, feature education, win-back offer"
69020,2,0.4621128,High-Usage / Handset-Gap,Device upgrade or contract-renewal incentive (heavy users on aging handsets)
30445,2,0.52800584,High-Usage / Handset-Gap,Device upgrade or contract-renewal incentive (heavy users on aging handsets)
65895,1,0.42936754,Low-Engagement / Passive,"Re-engagement campaign: usage incentives, feature education, win-back offer"
57030,0,0.5212051,At-Risk / Retention-Contact,Priority retention outreach + service recovery (already contacted us)
55890,2,0.28613508,High-Usage / Handset-Gap,Device upgrade or contract-renewal incentive (heavy users on aging handsets)
70209,1,0.30562454,Low-Engagement / Passive,"Re-engagement campaign: usage incentives, feature education, win-back offer"
56006,2,0.1373449,High-Usage / Handset-Gap,Device upgrade or contract-renewal incentive (heavy users on aging handsets)
69241,0,0.63756514,At-Risk / Retention-Contact,Priority retention outreach + service recovery (already contacted us)
54028,1,0.38752222,Low-Engagement / Passive,"Re-engagement campaign: usage incentives, feature education, win-back offer"
61333,2,0.41286495,High-Usage / Handset-Gap,Device upgrade or contract-renewal incentive (heavy users on aging handsets)
58909,1,0.35985342,Low-Engagement / Passive,"Re-engagement campaign: usage incentives, feature education, win-back offer"
60601,1,0.4044359,Low-Engagement / Passive,"Re-engagement campaign: usage incentives, feature education, win-back offer"
51900,2,0.37604308,High-Usage / Handset-Gap,Device upgrade or contract-renewal incentive (heavy users on aging handsets)
70079,1,0.09611404,Low-Engagement / Passive,"Re-engagement campaign: usage incentives, feature education, win-back offer"
30666,0,0.34692684,At-Risk / Retention-Contact,Priority retention outreach + service recovery (already contacted us)
64217,2,0.50333536,High-Usage / Handset-Gap,Device upgrade or contract-renewal incentive (heavy users on aging handsets)
66733,1,0.445195,Low-Engagement / Passive,"Re-engagement campaign: usage incentives, feature education, win-back offer"
66663,1,0.46695524,Low-Engagement / Passive,"Re-engagement campaign: usage incentives, feature education, win-back offer"
67600,1,0.5492388,Low-Engagement / Passive,"Re-engagement campaign: usage incentives, feature education, win-back offer"
53532,2,0.2939453,High-Usage / Handset-Gap,Device upgrade or contract-renewal incentive (heavy users on aging handsets)
52104,2,0.39799133,High-Usage / Handset-Gap,Device upgrade or contract-renewal incentive (heavy users on aging handsets)
64177,1,0.3993319,Low-Engagement / Passive,"Re-engagement campaign: usage incentives, feature education, win-back offer"
63141,1,0.26498783,Low-Engagement / Passive,"Re-engagement campaign: usage incentives, feature education, win-back offer"
54407,1,0.38103884,Low-Engagement / Passive,"Re-engagement campaign: usage incentives, feature education, win-back offer"
56938,2,0.37851825,High-Usage / Handset-Gap,Device upgrade or contract-renewal incentive (heavy users on aging handsets)
62179,1,0.43505776,Low-Engagement / Passive,"Re-engagement campaign: usage incentives, feature education, win-back offer"
52884,2,0.3432592,High-Usage / Handset-Gap,Device upgrade or contract-renewal incentive (heavy users on aging handsets)
58734,1,0.3698191,Low-Engagement / Passive,"Re-engagement campaign: usage incentives, feature education, win-back offer"
64300,1,0.5323199,Low-Engagement / Passive,"Re-engagement campaign: usage incentives, feature education, win-back offer"
63402,1,0.26917326,Low-Engagement / Passive,"Re-engagement campaign: usage incentives, feature education, win-back offer"
55696,1,0.277524,Low-Engagement / Passive,"Re-engagement campaign: usage incentives, feature education, win-back offer"
59418,1,0.18567833,Low-Engagement / Passive,"Re-engagement campaign: usage incentives, feature education, win-back offer"
52296,2,0.46092367,High-Usage / Handset-Gap,Device upgrade or contract-renewal incentive (heavy users on aging handsets)
67024,2,0.42643753,High-Usage / Handset-Gap,Device upgrade or contract-renewal incentive (heavy users on aging handsets)
51993,2,0.78678197,High-Usage / Handset-Gap,Device upgrade or contract-renewal incentive (heavy users on aging handsets)
61076,1,0.20407148,Low-Engagement / Passive,"Re-engagement campaign: usage incentives, feature education, win-back offer"
65001,2,0.38862914,High-Usage / Handset-Gap,Device upgrade or contract-renewal incentive (heavy users on aging handsets)
58096,1,0.36634395,Low-Engagement / Passive,"Re-engagement campaign: usage incentives, feature education, win-back offer"
60919,2,0.632482,High-Usage / Handset-Gap,Device upgrade or contract-renewal incentive (heavy users on aging handsets)
59820,1,0.29589283,Low-Engagement / Passive,"Re-engagement campaign: usage incentives, feature education, win-back offer"
55483,2,0.1509833,High-Usage / Handset-Gap,Device upgrade or contract-renewal incentive (heavy users on aging handsets)
69207,1,0.251287,Low-Engagement / Passive,"Re-engagement campaign: usage incentives, feature education, win-back offer"
56559,2,0.2857628,High-Usage / Handset-Gap,Device upgrade or contract-renewal incentive (heavy users on aging handsets)
55341,1,0.3300734,Low-Engagement / Passive,"Re-engagement campaign: usage incentives, feature education, win-back offer"
52714,2,0.266914,High-Usage / Handset-Gap,Device upgrade or contract-renewal incentive (heavy users on aging handsets)
56740,1,0.33551618,Low-Engagement / Passive,"Re-engagement campaign: usage incentives, feature education, win-back offer"
60896,1,0.492203,Low-Engagement / Passive,"Re-engagement campaign: usage incentives, feature education, win-back offer"
52007,2,0.69249886,High-Usage / Handset-Gap,Device upgrade or contract-renewal incentive (heavy users on aging handsets)
55670,1,0.17043917,Low-Engagement / Passive,"Re-engagement campaign: usage incentives, feature education, win-back offer"
67836,1,0.31890345,Low-Engagement / Passive,"Re-engagement campaign: usage incentives, feature education, win-back offer"
68389,1,0.2377187,Low-Engagement / Passive,"Re-engagement campaign: usage incentives, feature education, win-back offer"
64906,1,0.52852464,Low-Engagement / Passive,"Re-engagement campaign: usage incentives, feature education, win-back offer"
52208,0,0.42428413,At-Risk / Retention-Contact,Priority retention outreach + service recovery (already contacted us)
65606,2,0.5553276,High-Usage / Handset-Gap,Device upgrade or contract-renewal incentive (heavy users on aging handsets)
57751,1,0.3848174,Low-Engagement / Passive,"Re-engagement campaign: usage incentives, feature education, win-back offer"
66571,1,0.51992947,Low-Engagement / Passive,"Re-engagement campaign: usage incentives, feature education, win-back offer"
67872,1,0.2730071,Low-Engagement / Passive,"Re-engagement campaign: usage incentives, feature education, win-back offer"
69964,1,0.30526012,Low-Engagement / Passive,"Re-engagement campaign: usage incentives, feature education, win-back offer"
56766,1,0.36787754,Low-Engagement / Passive,"Re-engagement campaign: usage incentives, feature education, win-back offer"
56340,1,0.3865528,Low-Engagement / Passive,"Re-engagement campaign: usage incentives, feature education, win-back offer"
62772,2,0.4028352,High-Usage / Handset-Gap,Device upgrade or contract-renewal incentive (heavy users on aging handsets)
56037,2,0.30837747,High-Usage / Handset-Gap,Device upgrade or contract-renewal incentive (heavy users on aging handsets)
68732,1,0.32571495,Low-Engagement / Passive,"Re-engagement campaign: usage incentives, feature education, win-back offer"
69533,1,0.2161381,Low-Engagement / Passive,"Re-engagement campaign: usage incentives, feature education, win-back offer"
63557,1,0.32816932,Low-Engagement / Passive,"Re-engagement campaign: usage incentives, feature education, win-back offer"
30460,2,0.22037458,High-Usage / Handset-Gap,Device upgrade or contract-renewal incentive (heavy users on aging handsets)
51935,2,0.44401854,High-Usage / Handset-Gap,Device upgrade or contract-renewal incentive (heavy users on aging handsets)
68068,1,0.27026024,Low-Engagement / Passive,"Re-engagement campaign: usage incentives, feature education, win-back offer"
67646,1,0.16231656,Low-Engagement / Passive,"Re-engagement campaign: usage incentives, feature education, win-back offer"
51962,1,0.09180776,Low-Engagement / Passive,"Re-engagement campaign: usage incentives, feature education, win-back offer"
56749,1,0.33941945,Low-Engagement / Passive,"Re-engagement campaign: usage incentives, feature education, win-back offer"
51454,1,0.17667058,Low-Engagement / Passive,"Re-engagement campaign: usage incentives, feature education, win-back offer"
57382,2,0.42207012,High-Usage / Handset-Gap,Device upgrade or contract-renewal incentive (heavy users on aging handsets)
65954,2,0.2384005,High-Usage / Handset-Gap,Device upgrade or contract-renewal incentive (heavy users on aging handsets)
67018,1,0.17857632,Low-Engagement / Passive,"Re-engagement campaign: usage incentives, feature education, win-back offer"
65301,2,0.26260552,High-Usage / Handset-Gap,Device upgrade or contract-renewal incentive (heavy users on aging handsets)
70379,1,0.46557504,Low-Engagement / Passive,"Re-engagement campaign: usage incentives, feature education, win-back offer"
54283,2,0.32082698,High-Usage / Handset-Gap,Device upgrade or contract-renewal incentive (heavy users on aging handsets)
55919,2,0.46825653,High-Usage / Handset-Gap,Device upgrade or contract-renewal incentive (heavy users on aging handsets)
52629,1,0.32417843,Low-Engagement / Passive,"Re-engagement campaign: usage incentives, feature education, win-back offer"
58083,0,0.59560186,At-Risk / Retention-Contact,Priority retention outreach + service recovery (already contacted us)
70141,1,0.3898086,Low-Engagement / Passive,"Re-engagement campaign: usage incentives, feature education, win-back offer"
67014,2,0.70091325,High-Usage / Handset-Gap,Device upgrade or contract-renewal incentive (heavy users on aging handsets)
30845,2,0.6045044,High-Usage / Handset-Gap,Device upgrade or contract-renewal incentive (heavy users on aging handsets)
61421,1,0.59920025,Low-Engagement / Passive,"Re-engagement campaign: usage incentives, feature education, win-back offer"
51632,2,0.66275877,High-Usage / Handset-Gap,Device upgrade or contract-renewal incentive (heavy users on aging handsets)
68096,1,0.36554274,Low-Engagement / Passive,"Re-engagement campaign: usage incentives, feature education, win-back offer"
62720,1,0.19937496,Low-Engagement / Passive,"Re-engagement campaign: usage incentives, feature education, win-back offer"
59388,1,0.3805858,Low-Engagement / Passive,"Re-engagement campaign: usage incentives, feature education, win-back offer"
63103,1,0.4948275,Low-Engagement / Passive,"Re-engagement campaign: usage incentives, feature education, win-back offer"
64092,1,0.68130803,Low-Engagement / Passive,"Re-engagement campaign: usage incentives, feature education, win-back offer"
62119,1,0.28950426,Low-Engagement / Passive,"Re-engagement campaign: usage incentives, feature education, win-back offer"
64854,1,0.2105373,Low-Engagement / Passive,"Re-engagement campaign: usage incentives, feature education, win-back offer"
51104,1,0.17769286,Low-Engagement / Passive,"Re-engagement campaign: usage incentives, feature education, win-back offer"
53764,2,0.40617827,High-Usage / Handset-Gap,Device upgrade or contract-renewal incentive (heavy users on aging handsets)
51972,1,0.2448925,Low-Engagement / Passive,"Re-engagement campaign: usage incentives, feature education, win-back offer"
57882,1,0.35508776,Low-Engagement / Passive,"Re-engagement campaign: usage incentives, feature education, win-back offer"
57271,2,0.19669664,High-Usage / Handset-Gap,Device upgrade or contract-renewal incentive (heavy users on aging handsets)
63512,1,0.3838088,Low-Engagement / Passive,"Re-engagement campaign: usage incentives, feature education, win-back offer"
53825,1,0.43331623,Low-Engagement / Passive,"Re-engagement campaign: usage incentives, feature education, win-back offer"
62147,1,0.36831823,Low-Engagement / Passive,"Re-engagement campaign: usage incentives, feature education, win-back offer"
61212,1,0.4037278,Low-Engagement / Passive,"Re-engagement campaign: usage incentives, feature education, win-back offer"
64266,2,0.29855257,High-Usage / Handset-Gap,Device upgrade or contract-renewal incentive (heavy users on aging handsets)
61782,2,0.43748468,High-Usage / Handset-Gap,Device upgrade or contract-renewal incentive (heavy users on aging handsets)
69408,1,0.34396592,Low-Engagement / Passive,"Re-engagement campaign: usage incentives, feature education, win-back offer"
52713,2,0.5476333,High-Usage / Handset-Gap,Device upgrade or contract-renewal incentive (heavy users on aging handsets)
58499,2,0.36071378,High-Usage / Handset-Gap,Device upgrade or contract-renewal incentive (heavy users on aging handsets)
59620,1,0.25041556,Low-Engagement / Passive,"Re-engagement campaign: usage incentives, feature education, win-back offer"
56487,1,0.28925788,Low-Engagement / Passive,"Re-engagement campaign: usage incentives, feature education, win-back offer"
64574,2,0.49706677,High-Usage / Handset-Gap,Device upgrade or contract-renewal incentive (heavy users on aging handsets)
54289,2,0.38927227,High-Usage / Handset-Gap,Device upgrade or contract-renewal incentive (heavy users on aging handsets)
59400,1,0.18110338,Low-Engagement / Passive,"Re-engagement campaign: usage incentives, feature education, win-back offer"
52001,2,0.47540927,High-Usage / Handset-Gap,Device upgrade or contract-renewal incentive (heavy users on aging handsets)
64233,2,0.2831004,High-Usage / Handset-Gap,Device upgrade or contract-renewal incentive (heavy users on aging handsets)
56122,2,0.44969186,High-Usage / Handset-Gap,Device upgrade or contract-renewal incentive (heavy users on aging handsets)
66613,1,0.21179469,Low-Engagement / Passive,"Re-engagement campaign: usage incentives, feature education, win-back offer"
54615,2,0.34506607,High-Usage / Handset-Gap,Device upgrade or contract-renewal incentive (heavy users on aging handsets)
69412,1,0.16613476,Low-Engagement / Passive,"Re-engagement campaign: usage incentives, feature education, win-back offer"
58225,1,0.41506457,Low-Engagement / Passive,"Re-engagement campaign: usage incentives, feature education, win-back offer"
68441,2,0.2613459,High-Usage / Handset-Gap,Device upgrade or contract-renewal incentive (heavy users on aging handsets)
52292,2,0.3715137,High-Usage / Handset-Gap,Device upgrade or contract-renewal incentive (heavy users on aging handsets)
53374,1,0.3947891,Low-Engagement / Passive,"Re-engagement campaign: usage incentives, feature education, win-back offer"
67669,1,0.21589088,Low-Engagement / Passive,"Re-engagement campaign: usage incentives, feature education, win-back offer"
67866,1,0.088840015,Low-Engagement / Passive,"Re-engagement campaign: usage incentives, feature education, win-back offer"
63419,1,0.52303296,Low-Engagement / Passive,"Re-engagement campaign: usage incentives, feature education, win-back offer"
68744,1,0.54704565,Low-Engagement / Passive,"Re-engagement campaign: usage incentives, feature education, win-back offer"
70120,1,0.45856968,Low-Engagement / Passive,"Re-engagement campaign: usage incentives, feature education, win-back offer"
54317,1,0.37512612,Low-Engagement / Passive,"Re-engagement campaign: usage incentives, feature education, win-back offer"
62501,1,0.49558374,Low-Engagement / Passive,"Re-engagement campaign: usage incentives, feature education, win-back offer"
68979,1,0.45697695,Low-Engagement / Passive,"Re-engagement campaign: usage incentives, feature education, win-back offer"
56591,2,0.48350316,High-Usage / Handset-Gap,Device upgrade or contract-renewal incentive (heavy users on aging handsets)
67080,2,0.2525979,High-Usage / Handset-Gap,Device upgrade or contract-renewal incentive (heavy users on aging handsets)
53809,1,0.5113006,Low-Engagement / Passive,"Re-engagement campaign: usage incentives, feature education, win-back offer"
60404,1,0.3891219,Low-Engagement / Passive,"Re-engagement campaign: usage incentives, feature education, win-back offer"
70833,2,0.49161053,High-Usage / Handset-Gap,Device upgrade or contract-renewal incentive (heavy users on aging handsets)
30488,1,0.17330189,Low-Engagement / Passive,"Re-engagement campaign: usage incentives, feature education, win-back offer"
53714,2,0.33720598,High-Usage / Handset-Gap,Device upgrade or contract-renewal incentive (heavy users on aging handsets)
53576,0,0.38164842,At-Risk / Retention-Contact,Priority retention outreach + service recovery (already contacted us)
67103,1,0.5697606,Low-Engagement / Passive,"Re-engagement campaign: usage incentives, feature education, win-back offer"
52547,2,0.43354714,High-Usage / Handset-Gap,Device upgrade or contract-renewal incentive (heavy users on aging handsets)
65984,2,0.65640205,High-Usage / Handset-Gap,Device upgrade or contract-renewal incentive (heavy users on aging handsets)
53010,1,0.20752521,Low-Engagement / Passive,"Re-engagement campaign: usage incentives, feature education, win-back offer"
59879,1,0.5363095,Low-Engagement / Passive,"Re-engagement campaign: usage incentives, feature education, win-back offer"
51142,1,0.18727267,Low-Engagement / Passive,"Re-engagement campaign: usage incentives, feature education, win-back offer"
58434,2,0.45563155,High-Usage / Handset-Gap,Device upgrade or contract-renewal incentive (heavy users on aging handsets)
66008,2,0.72120947,High-Usage / Handset-Gap,Device upgrade or contract-renewal incentive (heavy users on aging handsets)
30746,1,0.39778924,Low-Engagement / Passive,"Re-engagement campaign: usage incentives, feature education, win-back offer"
59890,0,0.39670053,At-Risk / Retention-Contact,Priority retention outreach + service recovery (already contacted us)
51821,1,0.2791148,Low-Engagement / Passive,"Re-engagement campaign: usage incentives, feature education, win-back offer"
69645,2,0.4346466,High-Usage / Handset-Gap,Device upgrade or contract-renewal incentive (heavy users on aging handsets)
57909,1,0.40181002,Low-Engagement / Passive,"Re-engagement campaign: usage incentives, feature education, win-back offer"
64325,1,0.18991122,Low-Engagement / Passive,"Re-engagement campaign: usage incentives, feature education, win-back offer"
63688,1,0.4236298,Low-Engagement / Passive,"Re-engagement campaign: usage incentives, feature education, win-back offer"
63243,1,0.6075119,Low-Engagement / Passive,"Re-engagement campaign: usage incentives, feature education, win-back offer"
68837,1,0.49300975,Low-Engagement / Passive,"Re-engagement campaign: usage incentives, feature education, win-back offer"
53078,1,0.34547317,Low-Engagement / Passive,"Re-engagement campaign: usage incentives, feature education, win-back offer"
30863,2,0.7163617,High-Usage / Handset-Gap,Device upgrade or contract-renewal incentive (heavy users on aging handsets)
63118,1,0.50001353,Low-Engagement / Passive,"Re-engagement campaign: usage incentives, feature education, win-back offer"
65113,2,0.15871532,High-Usage / Handset-Gap,Device upgrade or contract-renewal incentive (heavy users on aging handsets)
60626,2,0.28633976,High-Usage / Handset-Gap,Device upgrade or contract-renewal incentive (heavy users on aging handsets)
66144,1,0.558502,Low-Engagement / Passive,"Re-engagement campaign: usage incentives, feature education, win-back offer"
59417,2,0.40540993,High-Usage / Handset-Gap,Device upgrade or contract-renewal incentive (heavy users on aging handsets)
62844,2,0.36819252,High-Usage / Handset-Gap,Device upgrade or contract-renewal incentive (heavy users on aging handsets)
60607,2,0.2569386,High-Usage / Handset-Gap,Device upgrade or contract-renewal incentive (heavy users on aging handsets)
70221,1,0.27700907,Low-Engagement / Passive,"Re-engagement campaign: usage incentives, feature education, win-back offer"
53507,0,0.48304334,At-Risk / Retention-Contact,Priority retention outreach + service recovery (already contacted us)
57046,2,0.25997663,High-Usage / Handset-Gap,Device upgrade or contract-renewal incentive (heavy users on aging handsets)
63310,1,0.44396573,Low-Engagement / Passive,"Re-engagement campaign: usage incentives, feature education, win-back offer"
30441,1,0.4616029,Low-Engagement / Passive,"Re-engagement campaign: usage incentives, feature education, win-back offer"
51920,2,0.38128698,High-Usage / Handset-Gap,Device upgrade or contract-renewal incentive (heavy users on aging handsets)
53384,2,0.18700004,High-Usage / Handset-Gap,Device upgrade or contract-renewal incentive (heavy users on aging handsets)
60435,2,0.301983,High-Usage / Handset-Gap,Device upgrade or contract-renewal incentive (heavy users on aging handsets)
59941,1,0.2722815,Low-Engagement / Passive,"Re-engagement campaign: usage incentives, feature education, win-back offer"
69763,1,0.35735658,Low-Engagement / Passive,"Re-engagement campaign: usage incentives, feature education, win-back offer"
58485,1,0.24491663,Low-Engagement / Passive,"Re-engagement campaign: usage incentives, feature education, win-back offer"
62908,1,0.23733217,Low-Engagement / Passive,"Re-engagement campaign: usage incentives, feature education, win-back offer"
60243,1,0.644621,Low-Engagement / Passive,"Re-engagement campaign: usage incentives, feature education, win-back offer"
54816,1,0.22683826,Low-Engagement / Passive,"Re-engagement campaign: usage incentives, feature education, win-back offer"
30717,1,0.16303033,Low-Engagement / Passive,"Re-engagement campaign: usage incentives, feature education, win-back offer"
60254,1,0.2894069,Low-Engagement / Passive,"Re-engagement campaign: usage incentives, feature education, win-back offer"
57352,1,0.3726383,Low-Engagement / Passive,"Re-engagement campaign: usage incentives, feature education, win-back offer"
56491,1,0.57832474,Low-Engagement / Passive,"Re-engagement campaign: usage incentives, feature education, win-back offer"
51795,2,0.46988827,High-Usage / Handset-Gap,Device upgrade or contract-renewal incentive (heavy users on aging handsets)
67891,2,0.21212938,High-Usage / Handset-Gap,Device upgrade or contract-renewal incentive (heavy users on aging handsets)
58452,0,0.56514174,At-Risk / Retention-Contact,Priority retention outreach + service recovery (already contacted us)
65292,1,0.2354315,Low-Engagement / Passive,"Re-engagement campaign: usage incentives, feature education, win-back offer"
54099,2,0.28588533,High-Usage / Handset-Gap,Device upgrade or contract-renewal incentive (heavy users on aging handsets)
66759,1,0.47186318,Low-Engagement / Passive,"Re-engagement campaign: usage incentives, feature education, win-back offer"
67214,2,0.46313986,High-Usage / Handset-Gap,Device upgrade or contract-renewal incentive (heavy users on aging handsets)
51833,2,0.5501976,High-Usage / Handset-Gap,Device upgrade or contract-renewal incentive (heavy users on aging handsets)
62953,2,0.22294618,High-Usage / Handset-Gap,Device upgrade or contract-renewal incentive (heavy users on aging handsets)
62382,1,0.27892455,Low-Engagement / Passive,"Re-engagement campaign: usage incentives, feature education, win-back offer"
65696,2,0.36975628,High-Usage / Handset-Gap,Device upgrade or contract-renewal incentive (heavy users on aging handsets)
51151,2,0.22608307,High-Usage / Handset-Gap,Device upgrade or contract-renewal incentive (heavy users on aging handsets)
55577,1,0.1941015,Low-Engagement / Passive,"Re-engagement campaign: usage incentives, feature education, win-back offer"
60266,1,0.38577038,Low-Engagement / Passive,"Re-engagement campaign: usage incentives, feature education, win-back offer"
54439,0,0.42170134,At-Risk / Retention-Contact,Priority retention outreach + service recovery (already contacted us)
53277,2,0.30427074,High-Usage / Handset-Gap,Device upgrade or contract-renewal incentive (heavy users on aging handsets)
66391,2,0.4432011,High-Usage / Handset-Gap,Device upgrade or contract-renewal incentive (heavy users on aging handsets)
55818,1,0.14863351,Low-Engagement / Passive,"Re-engagement campaign: usage incentives, feature education, win-back offer"
67752,2,0.35078454,High-Usage / Handset-Gap,Device upgrade or contract-renewal incentive (heavy users on aging handsets)
60050,1,0.17047344,Low-Engagement / Passive,"Re-engagement campaign: usage incentives, feature education, win-back offer"
61868,1,0.17642538,Low-Engagement / Passive,"Re-engagement campaign: usage incentives, feature education, win-back offer"
70368,1,0.2802017,Low-Engagement / Passive,"Re-engagement campaign: usage incentives, feature education, win-back offer"
60576,1,0.6466722,Low-Engagement / Passive,"Re-engagement campaign: usage incentives, feature education, win-back offer"
65870,2,0.1721424,High-Usage / Handset-Gap,Device upgrade or contract-renewal incentive (heavy users on aging handsets)
57673,2,0.25548777,High-Usage / Handset-Gap,Device upgrade or contract-renewal incentive (heavy users on aging handsets)
51976,2,0.69212866,High-Usage / Handset-Gap,Device upgrade or contract-renewal incentive (heavy users on aging handsets)
51697,1,0.29454985,Low-Engagement / Passive,"Re-engagement campaign: usage incentives, feature education, win-back offer"
62962,1,0.5799173,Low-Engagement / Passive,"Re-engagement campaign: usage incentives, feature education, win-back offer"
67293,1,0.2418061,Low-Engagement / Passive,"Re-engagement campaign: usage incentives, feature education, win-back offer"
67769,1,0.17815077,Low-Engagement / Passive,"Re-engagement campaign: usage incentives, feature education, win-back offer"
70755,2,0.41246843,High-Usage / Handset-Gap,Device upgrade or contract-renewal incentive (heavy users on aging handsets)
55377,1,0.51731,Low-Engagement / Passive,"Re-engagement campaign: usage incentives, feature education, win-back offer"
64662,2,0.13329133,High-Usage / Handset-Gap,Device upgrade or contract-renewal incentive (heavy users on aging handsets)
51647,2,0.4112183,High-Usage / Handset-Gap,Device upgrade or contract-renewal incentive (heavy users on aging handsets)
30569,1,0.32599065,Low-Engagement / Passive,"Re-engagement campaign: usage incentives, feature education, win-back offer"
58607,1,0.43125162,Low-Engagement / Passive,"Re-engagement campaign: usage incentives, feature education, win-back offer"
69243,1,0.23515207,Low-Engagement / Passive,"Re-engagement campaign: usage incentives, feature education, win-back offer"
70742,2,0.26319712,High-Usage / Handset-Gap,Device upgrade or contract-renewal incentive (heavy users on aging handsets)
55558,1,0.18111695,Low-Engagement / Passive,"Re-engagement campaign: usage incentives, feature education, win-back offer"
54764,1,0.29292566,Low-Engagement / Passive,"Re-engagement campaign: usage incentives, feature education, win-back offer"
69586,1,0.4671844,Low-Engagement / Passive,"Re-engagement campaign: usage incentives, feature education, win-back offer"
64105,1,0.10166486,Low-Engagement / Passive,"Re-engagement campaign: usage incentives, feature education, win-back offer"
63764,1,0.5166386,Low-Engagement / Passive,"Re-engagement campaign: usage incentives, feature education, win-back offer"
69575,1,0.2331747,Low-Engagement / Passive,"Re-engagement campaign: usage incentives, feature education, win-back offer"
53934,2,0.19761403,High-Usage / Handset-Gap,Device upgrade or contract-renewal incentive (heavy users on aging handsets)
54896,2,0.3961889,High-Usage / Handset-Gap,Device upgrade or contract-renewal incentive (heavy users on aging handsets)
68431,1,0.62852496,Low-Engagement / Passive,"Re-engagement campaign: usage incentives, feature education, win-back offer"
68971,2,0.24700849,High-Usage / Handset-Gap,Device upgrade or contract-renewal incentive (heavy users on aging handsets)
70947,1,0.49534112,Low-Engagement / Passive,"Re-engagement campaign: usage incentives, feature education, win-back offer"
64697,2,0.35633,High-Usage / Handset-Gap,Device upgrade or contract-renewal incentive (heavy users on aging handsets)
62275,1,0.5520125,Low-Engagement / Passive,"Re-engagement campaign: usage incentives, feature education, win-back offer"
64622,1,0.3675612,Low-Engagement / Passive,"Re-engagement campaign: usage incentives, feature education, win-back offer"
60110,1,0.27245775,Low-Engagement / Passive,"Re-engagement campaign: usage incentives, feature education, win-back offer"
61172,1,0.3677187,Low-Engagement / Passive,"Re-engagement campaign: usage incentives, feature education, win-back offer"
63149,1,0.24257296,Low-Engagement / Passive,"Re-engagement campaign: usage incentives, feature education, win-back offer"
70408,2,0.2173144,High-Usage / Handset-Gap,Device upgrade or contract-renewal incentive (heavy users on aging handsets)
68529,2,0.5777336,High-Usage / Handset-Gap,Device upgrade or contract-renewal incentive (heavy users on aging handsets)
59211,1,0.37945178,Low-Engagement / Passive,"Re-engagement campaign: usage incentives, feature education, win-back offer"
61072,1,0.4077714,Low-Engagement / Passive,"Re-engagement campaign: usage incentives, feature education, win-back offer"
63855,1,0.16251604,Low-Engagement / Passive,"Re-engagement campaign: usage incentives, feature education, win-back offer"
66356,0,0.38955474,At-Risk / Retention-Contact,Priority retention outreach + service recovery (already contacted us)
63733,1,0.389958,Low-Engagement / Passive,"Re-engagement campaign: usage incentives, feature education, win-back offer"
59232,1,0.3634695,Low-Engagement / Passive,"Re-engagement campaign: usage incentives, feature education, win-back offer"
52739,2,0.32465735,High-Usage / Handset-Gap,Device upgrade or contract-renewal incentive (heavy users on aging handsets)
62942,2,0.38567036,High-Usage / Handset-Gap,Device upgrade or contract-renewal incentive (heavy users on aging handsets)
52546,2,0.60834587,High-Usage / Handset-Gap,Device upgrade or contract-renewal incentive (heavy users on aging handsets)
51508,1,0.12538388,Low-Engagement / Passive,"Re-engagement campaign: usage incentives, feature education, win-back offer"
53687,1,0.35903734,Low-Engagement / Passive,"Re-engagement campaign: usage incentives, feature education, win-back offer"
70391,0,0.7768027,At-Risk / Retention-Contact,Priority retention outreach + service recovery (already contacted us)
30968,1,0.111332156,Low-Engagement / Passive,"Re-engagement campaign: usage incentives, feature education, win-back offer"
67131,2,0.3198033,High-Usage / Handset-Gap,Device upgrade or contract-renewal incentive (heavy users on aging handsets)
63290,2,0.25278208,High-Usage / Handset-Gap,Device upgrade or contract-renewal incentive (heavy users on aging handsets)
55325,1,0.43252942,Low-Engagement / Passive,"Re-engagement campaign: usage incentives, feature education, win-back offer"
67748,1,0.47961596,Low-Engagement / Passive,"Re-engagement campaign: usage incentives, feature education, win-back offer"
61161,1,0.32630643,Low-Engagement / Passive,"Re-engagement campaign: usage incentives, feature education, win-back offer"
57744,1,0.6209267,Low-Engagement / Passive,"Re-engagement campaign: usage incentives, feature education, win-back offer"
62597,2,0.17103143,High-Usage / Handset-Gap,Device upgrade or contract-renewal incentive (heavy users on aging handsets)
55865,0,0.46843153,At-Risk / Retention-Contact,Priority retention outreach + service recovery (already contacted us)
68145,0,0.6200265,At-Risk / Retention-Contact,Priority retention outreach + service recovery (already contacted us)
54339,1,0.26929915,Low-Engagement / Passive,"Re-engagement campaign: usage incentives, feature education, win-back offer"
61522,2,0.38080823,High-Usage / Handset-Gap,Device upgrade or contract-renewal incentive (heavy users on aging handsets)
67807,2,0.14941451,High-Usage / Handset-Gap,Device upgrade or contract-renewal incentive (heavy users on aging handsets)
57323,1,0.604929,Low-Engagement / Passive,"Re-engagement campaign: usage incentives, feature education, win-back offer"
62429,1,0.35059083,Low-Engagement / Passive,"Re-engagement campaign: usage incentives, feature education, win-back offer"
61208,1,0.23139198,Low-Engagement / Passive,"Re-engagement campaign: usage incentives, feature education, win-back offer"
63620,2,0.2049728,High-Usage / Handset-Gap,Device upgrade or contract-renewal incentive (heavy users on aging handsets)
63251,1,0.446753,Low-Engagement / Passive,"Re-engagement campaign: usage incentives, feature education, win-back offer"
66052,2,0.39742965,High-Usage / Handset-Gap,Device upgrade or contract-renewal incentive (heavy users on aging handsets)
65450,1,0.61577827,Low-Engagement / Passive,"Re-engagement campaign: usage incentives, feature education, win-back offer"
68329,2,0.34852365,High-Usage / Handset-Gap,Device upgrade or contract-renewal incentive (heavy users on aging handsets)
67159,1,0.54340386,Low-Engagement / Passive,"Re-engagement campaign: usage incentives, feature education, win-back offer"
71030,2,0.29725876,High-Usage / Handset-Gap,Device upgrade or contract-renewal incentive (heavy users on aging handsets)
63492,1,0.42599005,Low-Engagement / Passive,"Re-engagement campaign: usage incentives, feature education, win-back offer"
56764,2,0.20627756,High-Usage / Handset-Gap,Device upgrade or contract-renewal incentive (heavy users on aging handsets)
56578,0,0.40584254,At-Risk / Retention-Contact,Priority retention outreach + service recovery (already contacted us)
53607,2,0.41005924,High-Usage / Handset-Gap,Device upgrade or contract-renewal incentive (heavy users on aging handsets)
70434,1,0.2534723,Low-Engagement / Passive,"Re-engagement campaign: usage incentives, feature education, win-back offer"
66123,1,0.54685587,Low-Engagement / Passive,"Re-engagement campaign: usage incentives, feature education, win-back offer"
62721,1,0.35981613,Low-Engagement / Passive,"Re-engagement campaign: usage incentives, feature education, win-back offer"
56023,2,0.3466956,High-Usage / Handset-Gap,Device upgrade or contract-renewal incentive (heavy users on aging handsets)
57185,2,0.36088943,High-Usage / Handset-Gap,Device upgrade or contract-renewal incentive (heavy users on aging handsets)
52092,2,0.19772819,High-Usage / Handset-Gap,Device upgrade or contract-renewal incentive (heavy users on aging handsets)
61569,2,0.29744568,High-Usage / Handset-Gap,Device upgrade or contract-renewal incentive (heavy users on aging handsets)
70802,2,0.6900456,High-Usage / Handset-Gap,Device upgrade or contract-renewal incentive (heavy users on aging handsets)
61901,1,0.4230252,Low-Engagement / Passive,"Re-engagement campaign: usage incentives, feature education, win-back offer"
54852,1,0.7671824,Low-Engagement / Passive,"Re-engagement campaign: usage incentives, feature education, win-back offer"
51824,1,0.10186627,Low-Engagement / Passive,"Re-engagement campaign: usage incentives, feature education, win-back offer"
66136,2,0.31432945,High-Usage / Handset-Gap,Device upgrade or contract-renewal incentive (heavy users on aging handsets)
68753,1,0.4190572,Low-Engagement / Passive,"Re-engagement campaign: usage incentives, feature education, win-back offer"
64627,2,0.34943053,High-Usage / Handset-Gap,Device upgrade or contract-renewal incentive (heavy users on aging handsets)
58095,2,0.25497094,High-Usage / Handset-Gap,Device upgrade or contract-renewal incentive (heavy users on aging handsets)
63903,1,0.46847767,Low-Engagement / Passive,"Re-engagement campaign: usage incentives, feature education, win-back offer"
70524,1,0.30487064,Low-Engagement / Passive,"Re-engagement campaign: usage incentives, feature education, win-back offer"
63899,2,0.6589848,High-Usage / Handset-Gap,Device upgrade or contract-renewal incentive (heavy users on aging handsets)
53278,1,0.13917327,Low-Engagement / Passive,"Re-engagement campaign: usage incentives, feature education, win-back offer"
67328,2,0.60176736,High-Usage / Handset-Gap,Device upgrade or contract-renewal incentive (heavy users on aging handsets)
57568,2,0.55680275,High-Usage / Handset-Gap,Device upgrade or contract-renewal incentive (heavy users on aging handsets)
51060,1,0.27757922,Low-Engagement / Passive,"Re-engagement campaign: usage incentives, feature education, win-back offer"
61001,2,0.45869884,High-Usage / Handset-Gap,Device upgrade or contract-renewal incentive (heavy users on aging handsets)
64014,1,0.6683183,Low-Engagement / Passive,"Re-engagement campaign: usage incentives, feature education, win-back offer"
58330,1,0.36188754,Low-Engagement / Passive,"Re-engagement campaign: usage incentives, feature education, win-back offer"
53946,2,0.44821778,High-Usage / Handset-Gap,Device upgrade or contract-renewal incentive (heavy users on aging handsets)
51855,1,0.32452744,Low-Engagement / Passive,"Re-engagement campaign: usage incentives, feature education, win-back offer"
68155,2,0.8631431,High-Usage / Handset-Gap,Device upgrade or contract-renewal incentive (heavy users on aging handsets)
57644,2,0.2442372,High-Usage / Handset-Gap,Device upgrade or contract-renewal incentive (heavy users on aging handsets)
30606,2,0.17149882,High-Usage / Handset-Gap,Device upgrade or contract-renewal incentive (heavy users on aging handsets)
51878,1,0.2581203,Low-Engagement / Passive,"Re-engagement campaign: usage incentives, feature education, win-back offer"
51785,0,0.72445977,At-Risk / Retention-Contact,Priority retention outreach + service recovery (already contacted us)
60841,2,0.2555088,High-Usage / Handset-Gap,Device upgrade or contract-renewal incentive (heavy users on aging handsets)
69340,1,0.46603543,Low-Engagement / Passive,"Re-engagement campaign: usage incentives, feature education, win-back offer"
55188,2,0.24727632,High-Usage / Handset-Gap,Device upgrade or contract-renewal incentive (heavy users on aging handsets)
62519,1,0.40482354,Low-Engagement / Passive,"Re-engagement campaign: usage incentives, feature education, win-back offer"
53967,1,0.7416621,Low-Engagement / Passive,"Re-engagement campaign: usage incentives, feature education, win-back offer"
62115,1,0.4821529,Low-Engagement / Passive,"Re-engagement campaign: usage incentives, feature education, win-back offer"
55464,1,0.43225157,Low-Engagement / Passive,"Re-engagement campaign: usage incentives, feature education, win-back offer"
64161,2,0.3892164,High-Usage / Handset-Gap,Device upgrade or contract-renewal incentive (heavy users on aging handsets)
67222,1,0.09625828,Low-Engagement / Passive,"Re-engagement campaign: usage incentives, feature education, win-back offer"
63177,1,0.63499427,Low-Engagement / Passive,"Re-engagement campaign: usage incentives, feature education, win-back offer"
59049,1,0.67222613,Low-Engagement / Passive,"Re-engagement campaign: usage incentives, feature education, win-back offer"
51095,1,0.4777141,Low-Engagement / Passive,"Re-engagement campaign: usage incentives, feature education, win-back offer"
56941,2,0.63334227,High-Usage / Handset-Gap,Device upgrade or contract-renewal incentive (heavy users on aging handsets)
63162,2,0.36307502,High-Usage / Handset-Gap,Device upgrade or contract-renewal incentive (heavy users on aging handsets)
54547,1,0.1923646,Low-Engagement / Passive,"Re-engagement campaign: usage incentives, feature education, win-back offer"
64253,2,0.2532778,High-Usage / Handset-Gap,Device upgrade or contract-renewal incentive (heavy users on aging handsets)
62893,1,0.534968,Low-Engagement / Passive,"Re-engagement campaign: usage incentives, feature education, win-back offer"
55807,2,0.36395457,High-Usage / Handset-Gap,Device upgrade or contract-renewal incentive (heavy users on aging handsets)
66301,2,0.22532687,High-Usage / Handset-Gap,Device upgrade or contract-renewal incentive (heavy users on aging handsets)
58093,0,0.5123656,At-Risk / Retention-Contact,Priority retention outreach + service recovery (already contacted us)
67788,2,0.5663966,High-Usage / Handset-Gap,Device upgrade or contract-renewal incentive (heavy users on aging handsets)
64190,1,0.27697104,Low-Engagement / Passive,"Re-engagement campaign: usage incentives, feature education, win-back offer"
56676,0,0.3848815,At-Risk / Retention-Contact,Priority retention outreach + service recovery (already contacted us)
64770,2,0.44180295,High-Usage / Handset-Gap,Device upgrade or contract-renewal incentive (heavy users on aging handsets)
58889,2,0.3793606,High-Usage / Handset-Gap,Device upgrade or contract-renewal incentive (heavy users on aging handsets)
63401,1,0.341824,Low-Engagement / Passive,"Re-engagement campaign: usage incentives, feature education, win-back offer"
64119,1,0.30926475,Low-Engagement / Passive,"Re-engagement campaign: usage incentives, feature education, win-back offer"
63371,1,0.61302084,Low-Engagement / Passive,"Re-engagement campaign: usage incentives, feature education, win-back offer"
63997,1,0.41907158,Low-Engagement / Passive,"Re-engagement campaign: usage incentives, feature education, win-back offer"
67402,1,0.3731917,Low-Engagement / Passive,"Re-engagement campaign: usage incentives, feature education, win-back offer"
53882,2,0.41689846,High-Usage / Handset-Gap,Device upgrade or contract-renewal incentive (heavy users on aging handsets)
63467,1,0.4379597,Low-Engagement / Passive,"Re-engagement campaign: usage incentives, feature education, win-back offer"
70749,1,0.3301016,Low-Engagement / Passive,"Re-engagement campaign: usage incentives, feature education, win-back offer"
64468,1,0.5978568,Low-Engagement / Passive,"Re-engagement campaign: usage incentives, feature education, win-back offer"
54303,1,0.15453847,Low-Engagement / Passive,"Re-engagement campaign: usage incentives, feature education, win-back offer"
56103,1,0.42453468,Low-Engagement / Passive,"Re-engagement campaign: usage incentives, feature education, win-back offer"
67427,1,0.5371583,Low-Engagement / Passive,"Re-engagement campaign: usage incentives, feature education, win-back offer"
68557,1,0.55774444,Low-Engagement / Passive,"Re-engagement campaign: usage incentives, feature education, win-back offer"
62013,2,0.38060895,High-Usage / Handset-Gap,Device upgrade or contract-renewal incentive (heavy users on aging handsets)
68787,1,0.1212166,Low-Engagement / Passive,"Re-engagement campaign: usage incentives, feature education, win-back offer"
60839,1,0.23724507,Low-Engagement / Passive,"Re-engagement campaign: usage incentives, feature education, win-back offer"
62364,1,0.7206739,Low-Engagement / Passive,"Re-engagement campaign: usage incentives, feature education, win-back offer"
67354,0,0.83917844,At-Risk / Retention-Contact,Priority retention outreach + service recovery (already contacted us)
55563,2,0.3661148,High-Usage / Handset-Gap,Device upgrade or contract-renewal incentive (heavy users on aging handsets)
68767,1,0.16820242,Low-Engagement / Passive,"Re-engagement campaign: usage incentives, feature education, win-back offer"
65849,1,0.3572588,Low-Engagement / Passive,"Re-engagement campaign: usage incentives, feature education, win-back offer"
62280,1,0.51076597,Low-Engagement / Passive,"Re-engagement campaign: usage incentives, feature education, win-back offer"
54613,1,0.4235025,Low-Engagement / Passive,"Re-engagement campaign: usage incentives, feature education, win-back offer"
55198,1,0.28695703,Low-Engagement / Passive,"Re-engagement campaign: usage incentives, feature education, win-back offer"
59089,1,0.14610344,Low-Engagement / Passive,"Re-engagement campaign: usage incentives, feature education, win-back offer"
63232,0,0.5320504,At-Risk / Retention-Contact,Priority retention outreach + service recovery (already contacted us)
57169,1,0.33265465,Low-Engagement / Passive,"Re-engagement campaign: usage incentives, feature education, win-back offer"
63911,1,0.36767066,Low-Engagement / Passive,"Re-engagement campaign: usage incentives, feature education, win-back offer"
54915,1,0.42849523,Low-Engagement / Passive,"Re-engagement campaign: usage incentives, feature education, win-back offer"
61574,2,0.31735173,High-Usage / Handset-Gap,Device upgrade or contract-renewal incentive (heavy users on aging handsets)
54477,2,0.6044942,High-Usage / Handset-Gap,Device upgrade or contract-renewal incentive (heavy users on aging handsets)
62571,1,0.4445787,Low-Engagement / Passive,"Re-engagement campaign: usage incentives, feature education, win-back offer"
70139,1,0.27090603,Low-Engagement / Passive,"Re-engagement campaign: usage incentives, feature education, win-back offer"
51661,1,0.10010158,Low-Engagement / Passive,"Re-engagement campaign: usage incentives, feature education, win-back offer"
65949,1,0.30637515,Low-Engagement / Passive,"Re-engagement campaign: usage incentives, feature education, win-back offer"
58392,2,0.40538025,High-Usage / Handset-Gap,Device upgrade or contract-renewal incentive (heavy users on aging handsets)
53763,2,0.3504814,High-Usage / Handset-Gap,Device upgrade or contract-renewal incentive (heavy users on aging handsets)
70024,1,0.55510086,Low-Engagement / Passive,"Re-engagement campaign: usage incentives, feature education, win-back offer"
52596,2,0.5308602,High-Usage / Handset-Gap,Device upgrade or contract-renewal incentive (heavy users on aging handsets)
64658,2,0.38161114,High-Usage / Handset-Gap,Device upgrade or contract-renewal incentive (heavy users on aging handsets)
55543,1,0.222115,Low-Engagement / Passive,"Re-engagement campaign: usage incentives, feature education, win-back offer"
62657,1,0.47922513,Low-Engagement / Passive,"Re-engagement campaign: usage incentives, feature education, win-back offer"
54874,2,0.36591715,High-Usage / Handset-Gap,Device upgrade or contract-renewal incentive (heavy users on aging handsets)
57507,1,0.3870394,Low-Engagement / Passive,"Re-engagement campaign: usage incentives, feature education, win-back offer"
55582,2,0.43658563,High-Usage / Handset-Gap,Device upgrade or contract-renewal incentive (heavy users on aging handsets)
57958,1,0.51309997,Low-Engagement / Passive,"Re-engagement campaign: usage incentives, feature education, win-back offer"
63680,1,0.26304856,Low-Engagement / Passive,"Re-engagement campaign: usage incentives, feature education, win-back offer"
57340,1,0.2209178,Low-Engagement / Passive,"Re-engagement campaign: usage incentives, feature education, win-back offer"
56692,1,0.23580664,Low-Engagement / Passive,"Re-engagement campaign: usage incentives, feature education, win-back offer"
66293,1,0.2861555,Low-Engagement / Passive,"Re-engagement campaign: usage incentives, feature education, win-back offer"
30616,1,0.35289425,Low-Engagement / Passive,"Re-engagement campaign: usage incentives, feature education, win-back offer"
67617,0,0.2662411,At-Risk / Retention-Contact,Priority retention outreach + service recovery (already contacted us)
64505,1,0.28531379,Low-Engagement / Passive,"Re-engagement campaign: usage incentives, feature education, win-back offer"
67084,2,0.39209569,High-Usage / Handset-Gap,Device upgrade or contract-renewal incentive (heavy users on aging handsets)
62558,2,0.37748134,High-Usage / Handset-Gap,Device upgrade or contract-renewal incentive (heavy users on aging handsets)
53615,2,0.31363755,High-Usage / Handset-Gap,Device upgrade or contract-renewal incentive (heavy users on aging handsets)
69159,1,0.4761086,Low-Engagement / Passive,"Re-engagement campaign: usage incentives, feature education, win-back offer"
62068,1,0.52036,Low-Engagement / Passive,"Re-engagement campaign: usage incentives, feature education, win-back offer"
53234,1,0.45459348,Low-Engagement / Passive,"Re-engagement campaign: usage incentives, feature education, win-back offer"
58323,1,0.4431177,Low-Engagement / Passive,"Re-engagement campaign: usage incentives, feature education, win-back offer"
58384,2,0.34033185,High-Usage / Handset-Gap,Device upgrade or contract-renewal incentive (heavy users on aging handsets)
51354,2,0.43641865,High-Usage / Handset-Gap,Device upgrade or contract-renewal incentive (heavy users on aging handsets)
65926,2,0.25194523,High-Usage / Handset-Gap,Device upgrade or contract-renewal incentive (heavy users on aging handsets)
63050,1,0.5134968,Low-Engagement / Passive,"Re-engagement campaign: usage incentives, feature education, win-back offer"
64501,2,0.053089622,High-Usage / Handset-Gap,Device upgrade or contract-renewal incentive (heavy users on aging handsets)
55408,0,0.609518,At-Risk / Retention-Contact,Priority retention outreach + service recovery (already contacted us)
55361,1,0.2854359,Low-Engagement / Passive,"Re-engagement campaign: usage incentives, feature education, win-back offer"
51806,2,0.6061893,High-Usage / Handset-Gap,Device upgrade or contract-renewal incentive (heavy users on aging handsets)
57683,2,0.241016,High-Usage / Handset-Gap,Device upgrade or contract-renewal incentive (heavy users on aging handsets)
69083,2,0.15065226,High-Usage / Handset-Gap,Device upgrade or contract-renewal incentive (heavy users on aging handsets)
54418,1,0.3744566,Low-Engagement / Passive,"Re-engagement campaign: usage incentives, feature education, win-back offer"
67163,1,0.105857156,Low-Engagement / Passive,"Re-engagement campaign: usage incentives, feature education, win-back offer"
67883,1,0.59904295,Low-Engagement / Passive,"Re-engagement campaign: usage incentives, feature education, win-back offer"
51971,1,0.15825343,Low-Engagement / Passive,"Re-engagement campaign: usage incentives, feature education, win-back offer"
66933,1,0.5060612,Low-Engagement / Passive,"Re-engagement campaign: usage incentives, feature education, win-back offer"
63130,1,0.28387642,Low-Engagement / Passive,"Re-engagement campaign: usage incentives, feature education, win-back offer"
68101,2,0.24589178,High-Usage / Handset-Gap,Device upgrade or contract-renewal incentive (heavy users on aging handsets)
57964,1,0.5530059,Low-Engagement / Passive,"Re-engagement campaign: usage incentives, feature education, win-back offer"
55311,1,0.10887663,Low-Engagement / Passive,"Re-engagement campaign: usage incentives, feature education, win-back offer"
62172,1,0.2989897,Low-Engagement / Passive,"Re-engagement campaign: usage incentives, feature education, win-back offer"
57653,2,0.25139648,High-Usage / Handset-Gap,Device upgrade or contract-renewal incentive (heavy users on aging handsets)
56199,1,0.4348053,Low-Engagement / Passive,"Re-engagement campaign: usage incentives, feature education, win-back offer"
56795,1,0.48178068,Low-Engagement / Passive,"Re-engagement campaign: usage incentives, feature education, win-back offer"
67664,1,0.250226,Low-Engagement / Passive,"Re-engagement campaign: usage incentives, feature education, win-back offer"
53577,1,0.10770053,Low-Engagement / Passive,"Re-engagement campaign: usage incentives, feature education, win-back offer"
63044,2,0.5724893,High-Usage / Handset-Gap,Device upgrade or contract-renewal incentive (heavy users on aging handsets)
65200,1,0.21588807,Low-Engagement / Passive,"Re-engagement campaign: usage incentives, feature education, win-back offer"
57002,2,0.24188209,High-Usage / Handset-Gap,Device upgrade or contract-renewal incentive (heavy users on aging handsets)
53497,2,0.26511192,High-Usage / Handset-Gap,Device upgrade or contract-renewal incentive (heavy users on aging handsets)
66879,1,0.51407754,Low-Engagement / Passive,"Re-engagement campaign: usage incentives, feature education, win-back offer"
30891,2,0.32048887,High-Usage / Handset-Gap,Device upgrade or contract-renewal incentive (heavy users on aging handsets)
65175,2,0.064525865,High-Usage / Handset-Gap,Device upgrade or contract-renewal incentive (heavy users on aging handsets)
58019,1,0.42427644,Low-Engagement / Passive,"Re-engagement campaign: usage incentives, feature education, win-back offer"
70568,1,0.10324218,Low-Engagement / Passive,"Re-engagement campaign: usage incentives, feature education, win-back offer"
67334,2,0.35990444,High-Usage / Handset-Gap,Device upgrade or contract-renewal incentive (heavy users on aging handsets)
65656,2,0.31681556,High-Usage / Handset-Gap,Device upgrade or contract-renewal incentive (heavy users on aging handsets)
56991,2,0.21282886,High-Usage / Handset-Gap,Device upgrade or contract-renewal incentive (heavy users on aging handsets)
56641,2,0.38097313,High-Usage / Handset-Gap,Device upgrade or contract-renewal incentive (heavy users on aging handsets)
53114,1,0.496518,Low-Engagement / Passive,"Re-engagement campaign: usage incentives, feature education, win-back offer"
53837,1,0.23809849,Low-Engagement / Passive,"Re-engagement campaign: usage incentives, feature education, win-back offer"
30990,2,0.11114979,High-Usage / Handset-Gap,Device upgrade or contract-renewal incentive (heavy users on aging handsets)
58231,2,0.39111164,High-Usage / Handset-Gap,Device upgrade or contract-renewal incentive (heavy users on aging handsets)
60595,2,0.3864834,High-Usage / Handset-Gap,Device upgrade or contract-renewal incentive (heavy users on aging handsets)
61100,1,0.22006674,Low-Engagement / Passive,"Re-engagement campaign: usage incentives, feature education, win-back offer"
63633,2,0.31524453,High-Usage / Handset-Gap,Device upgrade or contract-renewal incentive (heavy users on aging handsets)
30468,1,0.29328173,Low-Engagement / Passive,"Re-engagement campaign: usage incentives, feature education, win-back offer"
54791,2,0.49711424,High-Usage / Handset-Gap,Device upgrade or contract-renewal incentive (heavy users on aging handsets)
54506,2,0.46728137,High-Usage / Handset-Gap,Device upgrade or contract-renewal incentive (heavy users on aging handsets)
69359,1,0.65146655,Low-Engagement / Passive,"Re-engagement campaign: usage incentives, feature education, win-back offer"
64988,2,0.32410294,High-Usage / Handset-Gap,Device upgrade or contract-renewal incentive (heavy users on aging handsets)
66815,2,0.24990307,High-Usage / Handset-Gap,Device upgrade or contract-renewal incentive (heavy users on aging handsets)
53895,1,0.53336084,Low-Engagement / Passive,"Re-engagement campaign: usage incentives, feature education, win-back offer"
56957,2,0.3598768,High-Usage / Handset-Gap,Device upgrade or contract-renewal incentive (heavy users on aging handsets)
59392,1,0.5500323,Low-Engagement / Passive,"Re-engagement campaign: usage incentives, feature education, win-back offer"
63422,2,0.55906355,High-Usage / Handset-Gap,Device upgrade or contract-renewal incentive (heavy users on aging handsets)
60337,1,0.44267088,Low-Engagement / Passive,"Re-engagement campaign: usage incentives, feature education, win-back offer"
61057,2,0.35486308,High-Usage / Handset-Gap,Device upgrade or contract-renewal incentive (heavy users on aging handsets)
66673,1,0.13370076,Low-Engagement / Passive,"Re-engagement campaign: usage incentives, feature education, win-back offer"
66023,1,0.2532915,Low-Engagement / Passive,"Re-engagement campaign: usage incentives, feature education, win-back offer"
60666,1,0.28045386,Low-Engagement / Passive,"Re-engagement campaign: usage incentives, feature education, win-back offer"
53091,2,0.49559876,High-Usage / Handset-Gap,Device upgrade or contract-renewal incentive (heavy users on aging handsets)
67689,2,0.19383699,High-Usage / Handset-Gap,Device upgrade or contract-renewal incentive (heavy users on aging handsets)
67353,2,0.43457463,High-Usage / Handset-Gap,Device upgrade or contract-renewal incentive (heavy users on aging handsets)
51212,1,0.3431404,Low-Engagement / Passive,"Re-engagement campaign: usage incentives, feature education, win-back offer"
63506,2,0.36799112,High-Usage / Handset-Gap,Device upgrade or contract-renewal incentive (heavy users on aging handsets)
57556,1,0.41277507,Low-Engagement / Passive,"Re-engagement campaign: usage incentives, feature education, win-back offer"
63565,1,0.46091363,Low-Engagement / Passive,"Re-engagement campaign: usage incentives, feature education, win-back offer"
54664,2,0.31948322,High-Usage / Handset-Gap,Device upgrade or contract-renewal incentive (heavy users on aging handsets)
68405,1,0.17025965,Low-Engagement / Passive,"Re-engagement campaign: usage incentives, feature education, win-back offer"
61139,1,0.38426408,Low-Engagement / Passive,"Re-engagement campaign: usage incentives, feature education, win-back offer"
51296,1,0.27346995,Low-Engagement / Passive,"Re-engagement campaign: usage incentives, feature education, win-back offer"
51807,2,0.5184479,High-Usage / Handset-Gap,Device upgrade or contract-renewal incentive (heavy users on aging handsets)
55371,1,0.42501777,Low-Engagement / Passive,"Re-engagement campaign: usage incentives, feature education, win-back offer"
56492,0,0.5448472,At-Risk / Retention-Contact,Priority retention outreach + service recovery (already contacted us)
53307,1,0.3096644,Low-Engagement / Passive,"Re-engagement campaign: usage incentives, feature education, win-back offer"
67145,1,0.56505585,Low-Engagement / Passive,"Re-engagement campaign: usage incentives, feature education, win-back offer"
55197,2,0.46092165,High-Usage / Handset-Gap,Device upgrade or contract-renewal incentive (heavy users on aging handsets)
61155,1,0.45559785,Low-Engagement / Passive,"Re-engagement campaign: usage incentives, feature education, win-back offer"
52137,1,0.15723717,Low-Engagement / Passive,"Re-engagement campaign: usage incentives, feature education, win-back offer"
61547,1,0.06588626,Low-Engagement / Passive,"Re-engagement campaign: usage incentives, feature education, win-back offer"
54780,1,0.56077427,Low-Engagement / Passive,"Re-engagement campaign: usage incentives, feature education, win-back offer"
59574,1,0.40903446,Low-Engagement / Passive,"Re-engagement campaign: usage incentives, feature education, win-back offer"
67479,1,0.44477195,Low-Engagement / Passive,"Re-engagement campaign: usage incentives, feature education, win-back offer"
66055,2,0.5171985,High-Usage / Handset-Gap,Device upgrade or contract-renewal incentive (heavy users on aging handsets)
55351,1,0.19348179,Low-Engagement / Passive,"Re-engagement campaign: usage incentives, feature education, win-back offer"
52264,2,0.49417332,High-Usage / Handset-Gap,Device upgrade or contract-renewal incentive (heavy users on aging handsets)
70273,1,0.19607209,Low-Engagement / Passive,"Re-engagement campaign: usage incentives, feature education, win-back offer"
64102,1,0.35627824,Low-Engagement / Passive,"Re-engagement campaign: usage incentives, feature education, win-back offer"
53593,1,0.2986567,Low-Engagement / Passive,"Re-engagement campaign: usage incentives, feature education, win-back offer"
63815,1,0.39391273,Low-Engagement / Passive,"Re-engagement campaign: usage incentives, feature education, win-back offer"
57826,2,0.38237774,High-Usage / Handset-Gap,Device upgrade or contract-renewal incentive (heavy users on aging handsets)
55217,2,0.65563965,High-Usage / Handset-Gap,Device upgrade or contract-renewal incentive (heavy users on aging handsets)
57524,2,0.28220692,High-Usage / Handset-Gap,Device upgrade or contract-renewal incentive (heavy users on aging handsets)
64797,1,0.12733105,Low-Engagement / Passive,"Re-engagement campaign: usage incentives, feature education, win-back offer"
61364,2,0.21923119,High-Usage / Handset-Gap,Device upgrade or contract-renewal incentive (heavy users on aging handsets)
51545,2,0.57933474,High-Usage / Handset-Gap,Device upgrade or contract-renewal incentive (heavy users on aging handsets)
65462,2,0.17123838,High-Usage / Handset-Gap,Device upgrade or contract-renewal incentive (heavy users on aging handsets)
65536,1,0.37630096,Low-Engagement / Passive,"Re-engagement campaign: usage incentives, feature education, win-back offer"
58486,2,0.4861942,High-Usage / Handset-Gap,Device upgrade or contract-renewal incentive (heavy users on aging handsets)
61921,1,0.39287716,Low-Engagement / Passive,"Re-engagement campaign: usage incentives, feature education, win-back offer"
65896,2,0.17402825,High-Usage / Handset-Gap,Device upgrade or contract-renewal incentive (heavy users on aging handsets)
61458,2,0.49851763,High-Usage / Handset-Gap,Device upgrade or contract-renewal incentive (heavy users on aging handsets)
70193,1,0.47139797,Low-Engagement / Passive,"Re-engagement campaign: usage incentives, feature education, win-back offer"
67097,2,0.56299883,High-Usage / Handset-Gap,Device upgrade or contract-renewal incentive (heavy users on aging handsets)
57367,2,0.3145749,High-Usage / Handset-Gap,Device upgrade or contract-renewal incentive (heavy users on aging handsets)
52990,1,0.21399772,Low-Engagement / Passive,"Re-engagement campaign: usage incentives, feature education, win-back offer"
30733,1,0.46690056,Low-Engagement / Passive,"Re-engagement campaign: usage incentives, feature education, win-back offer"
59826,1,0.2793402,Low-Engagement / Passive,"Re-engagement campaign: usage incentives, feature education, win-back offer"
52453,2,0.43613517,High-Usage / Handset-Gap,Device upgrade or contract-renewal incentive (heavy users on aging handsets)
55129,1,0.34881943,Low-Engagement / Passive,"Re-engagement campaign: usage incentives, feature education, win-back offer"
65136,1,0.53741133,Low-Engagement / Passive,"Re-engagement campaign: usage incentives, feature education, win-back offer"
56196,1,0.33261326,Low-Engagement / Passive,"Re-engagement campaign: usage incentives, feature education, win-back offer"
61294,2,0.63724136,High-Usage / Handset-Gap,Device upgrade or contract-renewal incentive (heavy users on aging handsets)
58025,1,0.34458512,Low-Engagement / Passive,"Re-engagement campaign: usage incentives, feature education, win-back offer"
63483,1,0.37714523,Low-Engagement / Passive,"Re-engagement campaign: usage incentives, feature education, win-back offer"
53524,2,0.4399347,High-Usage / Handset-Gap,Device upgrade or contract-renewal incentive (heavy users on aging handsets)
30669,0,0.4096232,At-Risk / Retention-Contact,Priority retention outreach + service recovery (already contacted us)
30651,1,0.3753646,Low-Engagement / Passive,"Re-engagement campaign: usage incentives, feature education, win-back offer"
59960,2,0.37222734,High-Usage / Handset-Gap,Device upgrade or contract-renewal incentive (heavy users on aging handsets)
63346,2,0.21694511,High-Usage / Handset-Gap,Device upgrade or contract-renewal incentive (heavy users on aging handsets)
30623,1,0.27220386,Low-Engagement / Passive,"Re-engagement campaign: usage incentives, feature education, win-back offer"
66832,1,0.11877666,Low-Engagement / Passive,"Re-engagement campaign: usage incentives, feature education, win-back offer"
54999,1,0.3288007,Low-Engagement / Passive,"Re-engagement campaign: usage incentives, feature education, win-back offer"
70019,1,0.10499752,Low-Engagement / Passive,"Re-engagement campaign: usage incentives, feature education, win-back offer"
67385,2,0.3428138,High-Usage / Handset-Gap,Device upgrade or contract-renewal incentive (heavy users on aging handsets)
54538,2,0.19715802,High-Usage / Handset-Gap,Device upgrade or contract-renewal incentive (heavy users on aging handsets)
56374,1,0.2538311,Low-Engagement / Passive,"Re-engagement campaign: usage incentives, feature education, win-back offer"
66525,2,0.50346464,High-Usage / Handset-Gap,Device upgrade or contract-renewal incentive (heavy users on aging handsets)
52998,2,0.26296788,High-Usage / Handset-Gap,Device upgrade or contract-renewal incentive (heavy users on aging handsets)
64413,1,0.35626492,Low-Engagement / Passive,"Re-engagement campaign: usage incentives, feature education, win-back offer"
57119,1,0.38765734,Low-Engagement / Passive,"Re-engagement campaign: usage incentives, feature education, win-back offer"
60832,1,0.36509672,Low-Engagement / Passive,"Re-engagement campaign: usage incentives, feature education, win-back offer"
63732,1,0.4540916,Low-Engagement / Passive,"Re-engagement campaign: usage incentives, feature education, win-back offer"
54030,1,0.21378067,Low-Engagement / Passive,"Re-engagement campaign: usage incentives, feature education, win-back offer"
65111,1,0.4028036,Low-Engagement / Passive,"Re-engagement campaign: usage incentives, feature education, win-back offer"
56338,1,0.4217058,Low-Engagement / Passive,"Re-engagement campaign: usage incentives, feature education, win-back offer"
67271,1,0.46131513,Low-Engagement / Passive,"Re-engagement campaign: usage incentives, feature education, win-back offer"
69332,1,0.4714709,Low-Engagement / Passive,"Re-engagement campaign: usage incentives, feature education, win-back offer"
63146,2,0.20509578,High-Usage / Handset-Gap,Device upgrade or contract-renewal incentive (heavy users on aging handsets)
57684,1,0.17491524,Low-Engagement / Passive,"Re-engagement campaign: usage incentives, feature education, win-back offer"
61302,2,0.47226068,High-Usage / Handset-Gap,Device upgrade or contract-renewal incentive (heavy users on aging handsets)
66294,2,0.1544515,High-Usage / Handset-Gap,Device upgrade or contract-renewal incentive (heavy users on aging handsets)
65303,2,0.17048502,High-Usage / Handset-Gap,Device upgrade or contract-renewal incentive (heavy users on aging handsets)
62329,2,0.3847977,High-Usage / Handset-Gap,Device upgrade or contract-renewal incentive (heavy users on aging handsets)
68713,1,0.1583404,Low-Engagement / Passive,"Re-engagement campaign: usage incentives, feature education, win-back offer"
68693,1,0.1554692,Low-Engagement / Passive,"Re-engagement campaign: usage incentives, feature education, win-back offer"
55947,2,0.5530633,High-Usage / Handset-Gap,Device upgrade or contract-renewal incentive (heavy users on aging handsets)
68094,1,0.4528756,Low-Engagement / Passive,"Re-engagement campaign: usage incentives, feature education, win-back offer"
53598,2,0.3810095,High-Usage / Handset-Gap,Device upgrade or contract-renewal incentive (heavy users on aging handsets)
66602,2,0.28945142,High-Usage / Handset-Gap,Device upgrade or contract-renewal incentive (heavy users on aging handsets)
70751,1,0.44211888,Low-Engagement / Passive,"Re-engagement campaign: usage incentives, feature education, win-back offer"
59580,1,0.37841788,Low-Engagement / Passive,"Re-engagement campaign: usage incentives, feature education, win-back offer"
66229,2,0.43926424,High-Usage / Handset-Gap,Device upgrade or contract-renewal incentive (heavy users on aging handsets)
52538,1,0.42694822,Low-Engagement / Passive,"Re-engagement campaign: usage incentives, feature education, win-back offer"
69311,2,0.5410864,High-Usage / Handset-Gap,Device upgrade or contract-renewal incentive (heavy users on aging handsets)
53645,2,0.36580524,High-Usage / Handset-Gap,Device upgrade or contract-renewal incentive (heavy users on aging handsets)
53264,1,0.30256495,Low-Engagement / Passive,"Re-engagement campaign: usage incentives, feature education, win-back offer"
52009,1,0.2024523,Low-Engagement / Passive,"Re-engagement campaign: usage incentives, feature education, win-back offer"
64671,2,0.36615115,High-Usage / Handset-Gap,Device upgrade or contract-renewal incentive (heavy users on aging handsets)
68200,1,0.56853116,Low-Engagement / Passive,"Re-engagement campaign: usage incentives, feature education, win-back offer"
67953,2,0.09744857,High-Usage / Handset-Gap,Device upgrade or contract-renewal incentive (heavy users on aging handsets)
52159,1,0.4620743,Low-Engagement / Passive,"Re-engagement campaign: usage incentives, feature education, win-back offer"
58848,2,0.239785,High-Usage / Handset-Gap,Device upgrade or contract-renewal incentive (heavy users on aging handsets)
68739,2,0.28190944,High-Usage / Handset-Gap,Device upgrade or contract-renewal incentive (heavy users on aging handsets)
55621,1,0.39243668,Low-Engagement / Passive,"Re-engagement campaign: usage incentives, feature education, win-back offer"
56053,2,0.6098884,High-Usage / Handset-Gap,Device upgrade or contract-renewal incentive (heavy users on aging handsets)
65571,2,0.5728266,High-Usage / Handset-Gap,Device upgrade or contract-renewal incentive (heavy users on aging handsets)
55517,1,0.3554372,Low-Engagement / Passive,"Re-engagement campaign: usage incentives, feature education, win-back offer"
70152,1,0.1223236,Low-Engagement / Passive,"Re-engagement campaign: usage incentives, feature education, win-back offer"
57799,1,0.4365566,Low-Engagement / Passive,"Re-engagement campaign: usage incentives, feature education, win-back offer"
64028,2,0.61969054,High-Usage / Handset-Gap,Device upgrade or contract-renewal incentive (heavy users on aging handsets)
51240,2,0.6698314,High-Usage / Handset-Gap,Device upgrade or contract-renewal incentive (heavy users on aging handsets)
61983,1,0.3395271,Low-Engagement / Passive,"Re-engagement campaign: usage incentives, feature education, win-back offer"
66740,1,0.19140808,Low-Engagement / Passive,"Re-engagement campaign: usage incentives, feature education, win-back offer"
58652,2,0.2832636,High-Usage / Handset-Gap,Device upgrade or contract-renewal incentive (heavy users on aging handsets)
67182,2,0.13789797,High-Usage / Handset-Gap,Device upgrade or contract-renewal incentive (heavy users on aging handsets)
53273,1,0.15902351,Low-Engagement / Passive,"Re-engagement campaign: usage incentives, feature education, win-back offer"
57846,2,0.439575,High-Usage / Handset-Gap,Device upgrade or contract-renewal incentive (heavy users on aging handsets)
59523,2,0.255059,High-Usage / Handset-Gap,Device upgrade or contract-renewal incentive (heavy users on aging handsets)
62019,1,0.27776864,Low-Engagement / Passive,"Re-engagement campaign: usage incentives, feature education, win-back offer"
30800,1,0.58063066,Low-Engagement / Passive,"Re-engagement campaign: usage incentives, feature education, win-back offer"
55819,2,0.38419735,High-Usage / Handset-Gap,Device upgrade or contract-renewal incentive (heavy users on aging handsets)
56875,2,0.20010997,High-Usage / Handset-Gap,Device upgrade or contract-renewal incentive (heavy users on aging handsets)
64963,2,0.43963784,High-Usage / Handset-Gap,Device upgrade or contract-renewal incentive (heavy users on aging handsets)
69853,1,0.2762548,Low-Engagement / Passive,"Re-engagement campaign: usage incentives, feature education, win-back offer"
64423,1,0.54145026,Low-Engagement / Passive,"Re-engagement campaign: usage incentives, feature education, win-back offer"
62626,2,0.42890623,High-Usage / Handset-Gap,Device upgrade or contract-renewal incentive (heavy users on aging handsets)
53151,0,0.69147974,At-Risk / Retention-Contact,Priority retention outreach + service recovery (already contacted us)
58978,1,0.32398632,Low-Engagement / Passive,"Re-engagement campaign: usage incentives, feature education, win-back offer"
62203,1,0.5243559,Low-Engagement / Passive,"Re-engagement campaign: usage incentives, feature education, win-back offer"
51665,1,0.47554013,Low-Engagement / Passive,"Re-engagement campaign: usage incentives, feature education, win-back offer"
64121,2,0.45073262,High-Usage / Handset-Gap,Device upgrade or contract-renewal incentive (heavy users on aging handsets)
67155,2,0.66708815,High-Usage / Handset-Gap,Device upgrade or contract-renewal incentive (heavy users on aging handsets)
55795,1,0.19803585,Low-Engagement / Passive,"Re-engagement campaign: usage incentives, feature education, win-back offer"
60233,2,0.45618644,High-Usage / Handset-Gap,Device upgrade or contract-renewal incentive (heavy users on aging handsets)
61415,1,0.2972454,Low-Engagement / Passive,"Re-engagement campaign: usage incentives, feature education, win-back offer"
60749,2,0.39987782,High-Usage / Handset-Gap,Device upgrade or contract-renewal incentive (heavy users on aging handsets)
69443,0,0.2709134,At-Risk / Retention-Contact,Priority retention outreach + service recovery (already contacted us)
51917,1,0.36767173,Low-Engagement / Passive,"Re-engagement campaign: usage incentives, feature education, win-back offer"
69918,1,0.44984147,Low-Engagement / Passive,"Re-engagement campaign: usage incentives, feature education, win-back offer"
70095,2,0.20031184,High-Usage / Handset-Gap,Device upgrade or contract-renewal incentive (heavy users on aging handsets)
59337,1,0.6549165,Low-Engagement / Passive,"Re-engagement campaign: usage incentives, feature education, win-back offer"
68974,1,0.3955073,Low-Engagement / Passive,"Re-engagement campaign: usage incentives, feature education, win-back offer"
52381,2,0.27668345,High-Usage / Handset-Gap,Device upgrade or contract-renewal incentive (heavy users on aging handsets)
70868,1,0.57849157,Low-Engagement / Passive,"Re-engagement campaign: usage incentives, feature education, win-back offer"
58523,2,0.3294543,High-Usage / Handset-Gap,Device upgrade or contract-renewal incentive (heavy users on aging handsets)
61628,2,0.2893133,High-Usage / Handset-Gap,Device upgrade or contract-renewal incentive (heavy users on aging handsets)
53456,1,0.32297942,Low-Engagement / Passive,"Re-engagement campaign: usage incentives, feature education, win-back offer"
65158,1,0.2713462,Low-Engagement / Passive,"Re-engagement campaign: usage incentives, feature education, win-back offer"
57977,1,0.4186162,Low-Engagement / Passive,"Re-engagement campaign: usage incentives, feature education, win-back offer"
52414,2,0.7898227,High-Usage / Handset-Gap,Device upgrade or contract-renewal incentive (heavy users on aging handsets)
55792,1,0.36251867,Low-Engagement / Passive,"Re-engagement campaign: usage incentives, feature education, win-back offer"
70940,1,0.37056628,Low-Engagement / Passive,"Re-engagement campaign: usage incentives, feature education, win-back offer"
68907,1,0.33504897,Low-Engagement / Passive,"Re-engagement campaign: usage incentives, feature education, win-back offer"
60942,2,0.35821736,High-Usage / Handset-Gap,Device upgrade or contract-renewal incentive (heavy users on aging handsets)
62331,1,0.38062236,Low-Engagement / Passive,"Re-engagement campaign: usage incentives, feature education, win-back offer"
60054,2,0.22834988,High-Usage / Handset-Gap,Device upgrade or contract-renewal incentive (heavy users on aging handsets)
53508,1,0.2432042,Low-Engagement / Passive,"Re-engagement campaign: usage incentives, feature education, win-back offer"
70596,1,0.08938248,Low-Engagement / Passive,"Re-engagement campaign: usage incentives, feature education, win-back offer"
61148,1,0.39973116,Low-Engagement / Passive,"Re-engagement campaign: usage incentives, feature education, win-back offer"
52525,2,0.32429832,High-Usage / Handset-Gap,Device upgrade or contract-renewal incentive (heavy users on aging handsets)
67555,2,0.44975904,High-Usage / Handset-Gap,Device upgrade or contract-renewal incentive (heavy users on aging handsets)
59402,0,0.7035519,At-Risk / Retention-Contact,Priority retention outreach + service recovery (already contacted us)
55490,0,0.4679561,At-Risk / Retention-Contact,Priority retention outreach + service recovery (already contacted us)
60344,1,0.17649299,Low-Engagement / Passive,"Re-engagement campaign: usage incentives, feature education, win-back offer"
67180,1,0.11700562,Low-Engagement / Passive,"Re-engagement campaign: usage incentives, feature education, win-back offer"
68135,1,0.35568568,Low-Engagement / Passive,"Re-engagement campaign: usage incentives, feature education, win-back offer"
61722,0,0.5631708,At-Risk / Retention-Contact,Priority retention outreach + service recovery (already contacted us)
65627,2,0.40119052,High-Usage / Handset-Gap,Device upgrade or contract-renewal incentive (heavy users on aging handsets)
53296,1,0.26489052,Low-Engagement / Passive,"Re-engagement campaign: usage incentives, feature education, win-back offer"
53418,2,0.71631616,High-Usage / Handset-Gap,Device upgrade or contract-renewal incentive (heavy users on aging handsets)
67244,2,0.095186874,High-Usage / Handset-Gap,Device upgrade or contract-renewal incentive (heavy users on aging handsets)
62792,1,0.21543747,Low-Engagement / Passive,"Re-engagement campaign: usage incentives, feature education, win-back offer"
68761,1,0.3213216,Low-Engagement / Passive,"Re-engagement campaign: usage incentives, feature education, win-back offer"
69394,1,0.6140698,Low-Engagement / Passive,"Re-engagement campaign: usage incentives, feature education, win-back offer"
53921,2,0.27452686,High-Usage / Handset-Gap,Device upgrade or contract-renewal incentive (heavy users on aging handsets)
70644,2,0.4023361,High-Usage / Handset-Gap,Device upgrade or contract-renewal incentive (heavy users on aging handsets)
51938,2,0.5231089,High-Usage / Handset-Gap,Device upgrade or contract-renewal incentive (heavy users on aging handsets)
70249,1,0.22877304,Low-Engagement / Passive,"Re-engagement campaign: usage incentives, feature education, win-back offer"
61919,2,0.80836344,High-Usage / Handset-Gap,Device upgrade or contract-renewal incentive (heavy users on aging handsets)
59957,1,0.37914076,Low-Engagement / Passive,"Re-engagement campaign: usage incentives, feature education, win-back offer"
60310,2,0.32160944,High-Usage / Handset-Gap,Device upgrade or contract-renewal incentive (heavy users on aging handsets)
68468,1,0.631973,Low-Engagement / Passive,"Re-engagement campaign: usage incentives, feature education, win-back offer"
58134,2,0.44417593,High-Usage / Handset-Gap,Device upgrade or contract-renewal incentive (heavy users on aging handsets)
62819,1,0.4697498,Low-Engagement / Passive,"Re-engagement campaign: usage incentives, feature education, win-back offer"
61154,1,0.2370181,Low-Engagement / Passive,"Re-engagement campaign: usage incentives, feature education, win-back offer"
63348,1,0.58767253,Low-Engagement / Passive,"Re-engagement campaign: usage incentives, feature education, win-back offer"
68014,1,0.13622017,Low-Engagement / Passive,"Re-engagement campaign: usage incentives, feature education, win-back offer"
53641,2,0.37302086,High-Usage / Handset-Gap,Device upgrade or contract-renewal incentive (heavy users on aging handsets)
53526,1,0.34145236,Low-Engagement / Passive,"Re-engagement campaign: usage incentives, feature education, win-back offer"
69894,1,0.22515614,Low-Engagement / Passive,"Re-engagement campaign: usage incentives, feature education, win-back offer"
63369,0,0.68142354,At-Risk / Retention-Contact,Priority retention outreach + service recovery (already contacted us)
67710,2,0.5670998,High-Usage / Handset-Gap,Device upgrade or contract-renewal incentive (heavy users on aging handsets)
65371,2,0.51464474,High-Usage / Handset-Gap,Device upgrade or contract-renewal incentive (heavy users on aging handsets)
52330,2,0.36792773,High-Usage / Handset-Gap,Device upgrade or contract-renewal incentive (heavy users on aging handsets)
54626,2,0.3475101,High-Usage / Handset-Gap,Device upgrade or contract-renewal incentive (heavy users on aging handsets)
56730,1,0.4918725,Low-Engagement / Passive,"Re-engagement campaign: usage incentives, feature education, win-back offer"
57770,2,0.3711051,High-Usage / Handset-Gap,Device upgrade or contract-renewal incentive (heavy users on aging handsets)
57927,2,0.3135037,High-Usage / Handset-Gap,Device upgrade or contract-renewal incentive (heavy users on aging handsets)
62156,1,0.46277186,Low-Engagement / Passive,"Re-engagement campaign: usage incentives, feature education, win-back offer"
63471,1,0.46421447,Low-Engagement / Passive,"Re-engagement campaign: usage incentives, feature education, win-back offer"
53442,2,0.42735136,High-Usage / Handset-Gap,Device upgrade or contract-renewal incentive (heavy users on aging handsets)
64551,0,0.67187095,At-Risk / Retention-Contact,Priority retention outreach + service recovery (already contacted us)
55952,0,0.23857646,At-Risk / Retention-Contact,Priority retention outreach + service recovery (already contacted us)
59463,1,0.31577933,Low-Engagement / Passive,"Re-engagement campaign: usage incentives, feature education, win-back offer"
55142,2,0.15390098,High-Usage / Handset-Gap,Device upgrade or contract-renewal incentive (heavy users on aging handsets)
30457,1,0.16728263,Low-Engagement / Passive,"Re-engagement campaign: usage incentives, feature education, win-back offer"
66135,2,0.44138137,High-Usage / Handset-Gap,Device upgrade or contract-renewal incentive (heavy users on aging handsets)
61470,1,0.47328043,Low-Engagement / Passive,"Re-engagement campaign: usage incentives, feature education, win-back offer"
62765,2,0.6136678,High-Usage / Handset-Gap,Device upgrade or contract-renewal incentive (heavy users on aging handsets)
53651,1,0.41809943,Low-Engagement / Passive,"Re-engagement campaign: usage incentives, feature education, win-back offer"
58009,1,0.1082254,Low-Engagement / Passive,"Re-engagement campaign: usage incentives, feature education, win-back offer"
51782,0,0.54862994,At-Risk / Retention-Contact,Priority retention outreach + service recovery (already contacted us)
69792,2,0.31019023,High-Usage / Handset-Gap,Device upgrade or contract-renewal incentive (heavy users on aging handsets)
54676,2,0.47792333,High-Usage / Handset-Gap,Device upgrade or contract-renewal incentive (heavy users on aging handsets)
69796,1,0.65637296,Low-Engagement / Passive,"Re-engagement campaign: usage incentives, feature education, win-back offer"
60791,2,0.51164544,High-Usage / Handset-Gap,Device upgrade or contract-renewal incentive (heavy users on aging handsets)
55409,1,0.4562289,Low-Engagement / Passive,"Re-engagement campaign: usage incentives, feature education, win-back offer"
62883,1,0.20532736,Low-Engagement / Passive,"Re-engagement campaign: usage incentives, feature education, win-back offer"
59086,2,0.27374107,High-Usage / Handset-Gap,Device upgrade or contract-renewal incentive (heavy users on aging handsets)
64282,1,0.5685351,Low-Engagement / Passive,"Re-engagement campaign: usage incentives, feature education, win-back offer"
63300,1,0.46223736,Low-Engagement / Passive,"Re-engagement campaign: usage incentives, feature education, win-back offer"
68902,1,0.15767582,Low-Engagement / Passive,"Re-engagement campaign: usage incentives, feature education, win-back offer"
58686,1,0.47161263,Low-Engagement / Passive,"Re-engagement campaign: usage incentives, feature education, win-back offer"
65994,2,0.5758623,High-Usage / Handset-Gap,Device upgrade or contract-renewal incentive (heavy users on aging handsets)
30946,1,0.5626096,Low-Engagement / Passive,"Re-engagement campaign: usage incentives, feature education, win-back offer"
62235,1,0.568673,Low-Engagement / Passive,"Re-engagement campaign: usage incentives, feature education, win-back offer"
53637,2,0.2676779,High-Usage / Handset-Gap,Device upgrade or contract-renewal incentive (heavy users on aging handsets)
66484,2,0.073468424,High-Usage / Handset-Gap,Device upgrade or contract-renewal incentive (heavy users on aging handsets)
70028,1,0.21252438,Low-Engagement / Passive,"Re-engagement campaign: usage incentives, feature education, win-back offer"
67703,2,0.36082703,High-Usage / Handset-Gap,Device upgrade or contract-renewal incentive (heavy users on aging handsets)
68551,1,0.64247173,Low-Engagement / Passive,"Re-engagement campaign: usage incentives, feature education, win-back offer"
57539,1,0.52885807,Low-Engagement / Passive,"Re-engagement campaign: usage incentives, feature education, win-back offer"
51996,1,0.14893848,Low-Engagement / Passive,"Re-engagement campaign: usage incentives, feature education, win-back offer"
56958,1,0.59545696,Low-Engagement / Passive,"Re-engagement campaign: usage incentives, feature education, win-back offer"
70600,0,0.6917756,At-Risk / Retention-Contact,Priority retention outreach + service recovery (already contacted us)
65691,2,0.50468546,High-Usage / Handset-Gap,Device upgrade or contract-renewal incentive (heavy users on aging handsets)
70791,1,0.09074009,Low-Engagement / Passive,"Re-engagement campaign: usage incentives, feature education, win-back offer"
62786,1,0.4322864,Low-Engagement / Passive,"Re-engagement campaign: usage incentives, feature education, win-back offer"
51520,1,0.39736888,Low-Engagement / Passive,"Re-engagement campaign: usage incentives, feature education, win-back offer"
60144,1,0.37352487,Low-Engagement / Passive,"Re-engagement campaign: usage incentives, feature education, win-back offer"
68164,1,0.5739787,Low-Engagement / Passive,"Re-engagement campaign: usage incentives, feature education, win-back offer"
30567,2,0.5263063,High-Usage / Handset-Gap,Device upgrade or contract-renewal incentive (heavy users on aging handsets)
30446,1,0.3743093,Low-Engagement / Passive,"Re-engagement campaign: usage incentives, feature education, win-back offer"
65629,2,0.12411755,High-Usage / Handset-Gap,Device upgrade or contract-renewal incentive (heavy users on aging handsets)
55530,1,0.38289768,Low-Engagement / Passive,"Re-engagement campaign: usage incentives, feature education, win-back offer"
65112,2,0.38169467,High-Usage / Handset-Gap,Device upgrade or contract-renewal incentive (heavy users on aging handsets)
70482,1,0.1775167,Low-Engagement / Passive,"Re-engagement campaign: usage incentives, feature education, win-back offer"
67448,2,0.4272335,High-Usage / Handset-Gap,Device upgrade or contract-renewal incentive (heavy users on aging handsets)
52861,1,0.4547393,Low-Engagement / Passive,"Re-engagement campaign: usage incentives, feature education, win-back offer"
65285,2,0.33569697,High-Usage / Handset-Gap,Device upgrade or contract-renewal incentive (heavy users on aging handsets)
51802,2,0.6230222,High-Usage / Handset-Gap,Device upgrade or contract-renewal incentive (heavy users on aging handsets)
62441,1,0.33822247,Low-Engagement / Passive,"Re-engagement campaign: usage incentives, feature education, win-back offer"
54684,2,0.4862013,High-Usage / Handset-Gap,Device upgrade or contract-renewal incentive (heavy users on aging handsets)
54851,0,0.20653607,At-Risk / Retention-Contact,Priority retention outreach + service recovery (already contacted us)
54817,1,0.31241626,Low-Engagement / Passive,"Re-engagement campaign: usage incentives, feature education, win-back offer"
65033,2,0.62044036,High-Usage / Handset-Gap,Device upgrade or contract-renewal incentive (heavy users on aging handsets)
67603,2,0.34275937,High-Usage / Handset-Gap,Device upgrade or contract-renewal incentive (heavy users on aging handsets)
55285,0,0.29299247,At-Risk / Retention-Contact,Priority retention outreach + service recovery (already contacted us)
54230,2,0.11374199,High-Usage / Handset-Gap,Device upgrade or contract-renewal incentive (heavy users on aging handsets)
51055,1,0.30017856,Low-Engagement / Passive,"Re-engagement campaign: usage incentives, feature education, win-back offer"
52345,2,0.28813863,High-Usage / Handset-Gap,Device upgrade or contract-renewal incentive (heavy users on aging handsets)
63809,1,0.2832353,Low-Engagement / Passive,"Re-engagement campaign: usage incentives, feature education, win-back offer"
64651,1,0.4609516,Low-Engagement / Passive,"Re-engagement campaign: usage incentives, feature education, win-back offer"
52156,1,0.26416567,Low-Engagement / Passive,"Re-engagement campaign: usage incentives, feature education, win-back offer"
65594,1,0.31041166,Low-Engagement / Passive,"Re-engagement campaign: usage incentives, feature education, win-back offer"
56230,2,0.3255699,High-Usage / Handset-Gap,Device upgrade or contract-renewal incentive (heavy users on aging handsets)
64486,2,0.47846887,High-Usage / Handset-Gap,Device upgrade or contract-renewal incentive (heavy users on aging handsets)
69517,1,0.14561649,Low-Engagement / Passive,"Re-engagement campaign: usage incentives, feature education, win-back offer"
62058,1,0.17423551,Low-Engagement / Passive,"Re-engagement campaign: usage incentives, feature education, win-back offer"
61848,1,0.5561604,Low-Engagement / Passive,"Re-engagement campaign: usage incentives, feature education, win-back offer"
64850,1,0.5042207,Low-Engagement / Passive,"Re-engagement campaign: usage incentives, feature education, win-back offer"
56697,2,0.27954155,High-Usage / Handset-Gap,Device upgrade or contract-renewal incentive (heavy users on aging handsets)
62867,1,0.43375775,Low-Engagement / Passive,"Re-engagement campaign: usage incentives, feature education, win-back offer"
54357,2,0.3301782,High-Usage / Handset-Gap,Device upgrade or contract-renewal incentive (heavy users on aging handsets)
52615,2,0.08867343,High-Usage / Handset-Gap,Device upgrade or contract-renewal incentive (heavy users on aging handsets)
59433,1,0.26712805,Low-Engagement / Passive,"Re-engagement campaign: usage incentives, feature education, win-back offer"
66923,1,0.34406203,Low-Engagement / Passive,"Re-engagement campaign: usage incentives, feature education, win-back offer"
58026,2,0.37827587,High-Usage / Handset-Gap,Device upgrade or contract-renewal incentive (heavy users on aging handsets)
68057,1,0.1326295,Low-Engagement / Passive,"Re-engagement campaign: usage incentives, feature education, win-back offer"
30813,2,0.32249126,High-Usage / Handset-Gap,Device upgrade or contract-renewal incentive (heavy users on aging handsets)
69814,1,0.39367226,Low-Engagement / Passive,"Re-engagement campaign: usage incentives, feature education, win-back offer"
55801,1,0.77539307,Low-Engagement / Passive,"Re-engagement campaign: usage incentives, feature education, win-back offer"
64848,1,0.50972044,Low-Engagement / Passive,"Re-engagement campaign: usage incentives, feature education, win-back offer"
55076,2,0.5095541,High-Usage / Handset-Gap,Device upgrade or contract-renewal incentive (heavy users on aging handsets)
52086,1,0.46129024,Low-Engagement / Passive,"Re-engagement campaign: usage incentives, feature education, win-back offer"
52315,1,0.47564486,Low-Engagement / Passive,"Re-engagement campaign: usage incentives, feature education, win-back offer"
70876,1,0.471589,Low-Engagement / Passive,"Re-engagement campaign: usage incentives, feature education, win-back offer"
65177,1,0.31655008,Low-Engagement / Passive,"Re-engagement campaign: usage incentives, feature education, win-back offer"
69096,1,0.4810051,Low-Engagement / Passive,"Re-engagement campaign: usage incentives, feature education, win-back offer"
52100,2,0.2565625,High-Usage / Handset-Gap,Device upgrade or contract-renewal incentive (heavy users on aging handsets)
67282,2,0.45946988,High-Usage / Handset-Gap,Device upgrade or contract-renewal incentive (heavy users on aging handsets)
54726,1,0.24012782,Low-Engagement / Passive,"Re-engagement campaign: usage incentives, feature education, win-back offer"
53732,1,0.3590247,Low-Engagement / Passive,"Re-engagement campaign: usage incentives, feature education, win-back offer"
65986,1,0.4688785,Low-Engagement / Passive,"Re-engagement campaign: usage incentives, feature education, win-back offer"
57842,2,0.29833528,High-Usage / Handset-Gap,Device upgrade or contract-renewal incentive (heavy users on aging handsets)
58028,2,0.6135992,High-Usage / Handset-Gap,Device upgrade or contract-renewal incentive (heavy users on aging handsets)
67625,1,0.39703447,Low-Engagement / Passive,"Re-engagement campaign: usage incentives, feature education, win-back offer"
63035,2,0.31533065,High-Usage / Handset-Gap,Device upgrade or contract-renewal incentive (heavy users on aging handsets)
69651,1,0.293495,Low-Engagement / Passive,"Re-engagement campaign: usage incentives, feature education, win-back offer"
56369,2,0.30819485,High-Usage / Handset-Gap,Device upgrade or contract-renewal incentive (heavy users on aging handsets)
56978,2,0.36423838,High-Usage / Handset-Gap,Device upgrade or contract-renewal incentive (heavy users on aging handsets)
59542,1,0.26109886,Low-Engagement / Passive,"Re-engagement campaign: usage incentives, feature education, win-back offer"
55503,2,0.4101541,High-Usage / Handset-Gap,Device upgrade or contract-renewal incentive (heavy users on aging handsets)
53450,1,0.25250518,Low-Engagement / Passive,"Re-engagement campaign: usage incentives, feature education, win-back offer"
69473,1,0.563265,Low-Engagement / Passive,"Re-engagement campaign: usage incentives, feature education, win-back offer"
55565,1,0.19465846,Low-Engagement / Passive,"Re-engagement campaign: usage incentives, feature education, win-back offer"
54699,2,0.360659,High-Usage / Handset-Gap,Device upgrade or contract-renewal incentive (heavy users on aging handsets)
30465,1,0.09456667,Low-Engagement / Passive,"Re-engagement campaign: usage incentives, feature education, win-back offer"
56755,0,0.78209823,At-Risk / Retention-Contact,Priority retention outreach + service recovery (already contacted us)
65857,2,0.62428933,High-Usage / Handset-Gap,Device upgrade or contract-renewal incentive (heavy users on aging handsets)
66211,1,0.45094347,Low-Engagement / Passive,"Re-engagement campaign: usage incentives, feature education, win-back offer"
58792,2,0.5294826,High-Usage / Handset-Gap,Device upgrade or contract-renewal incentive (heavy users on aging handsets)
53803,2,0.362221,High-Usage / Handset-Gap,Device upgrade or contract-renewal incentive (heavy users on aging handsets)
66179,1,0.3654744,Low-Engagement / Passive,"Re-engagement campaign: usage incentives, feature education, win-back offer"
55181,1,0.19525126,Low-Engagement / Passive,"Re-engagement campaign: usage incentives, feature education, win-back offer"
54216,0,0.57759774,At-Risk / Retention-Contact,Priority retention outreach + service recovery (already contacted us)
60769,1,0.43693388,Low-Engagement / Passive,"Re-engagement campaign: usage incentives, feature education, win-back offer"
52500,2,0.37041953,High-Usage / Handset-Gap,Device upgrade or contract-renewal incentive (heavy users on aging handsets)
58462,2,0.28546572,High-Usage / Handset-Gap,Device upgrade or contract-renewal incentive (heavy users on aging handsets)
51718,2,0.42601982,High-Usage / Handset-Gap,Device upgrade or contract-renewal incentive (heavy users on aging handsets)
65600,2,0.4142866,High-Usage / Handset-Gap,Device upgrade or contract-renewal incentive (heavy users on aging handsets)
57621,2,0.30385897,High-Usage / Handset-Gap,Device upgrade or contract-renewal incentive (heavy users on aging handsets)
51087,1,0.57532185,Low-Engagement / Passive,"Re-engagement campaign: usage incentives, feature education, win-back offer"
59569,1,0.32464224,Low-Engagement / Passive,"Re-engagement campaign: usage incentives, feature education, win-back offer"
55182,2,0.25430644,High-Usage / Handset-Gap,Device upgrade or contract-renewal incentive (heavy users on aging handsets)
68318,2,0.5005173,High-Usage / Handset-Gap,Device upgrade or contract-renewal incentive (heavy users on aging handsets)
64499,1,0.45848984,Low-Engagement / Passive,"Re-engagement campaign: usage incentives, feature education, win-back offer"
69504,1,0.44025114,Low-Engagement / Passive,"Re-engagement campaign: usage incentives, feature education, win-back offer"
55260,1,0.2203674,Low-Engagement / Passive,"Re-engagement campaign: usage incentives, feature education, win-back offer"
69940,1,0.21724181,Low-Engagement / Passive,"Re-engagement campaign: usage incentives, feature education, win-back offer"
58421,2,0.22499183,High-Usage / Handset-Gap,Device upgrade or contract-renewal incentive (heavy users on aging handsets)
65917,1,0.40217084,Low-Engagement / Passive,"Re-engagement campaign: usage incentives, feature education, win-back offer"
68428,1,0.41630644,Low-Engagement / Passive,"Re-engagement campaign: usage incentives, feature education, win-back offer"
52731,0,0.5172733,At-Risk / Retention-Contact,Priority retention outreach + service recovery (already contacted us)
66554,2,0.2444506,High-Usage / Handset-Gap,Device upgrade or contract-renewal incentive (heavy users on aging handsets)
68666,1,0.19577824,Low-Engagement / Passive,"Re-engagement campaign: usage incentives, feature education, win-back offer"
57257,1,0.3825566,Low-Engagement / Passive,"Re-engagement campaign: usage incentives, feature education, win-back offer"
69493,1,0.2156567,Low-Engagement / Passive,"Re-engagement campaign: usage incentives, feature education, win-back offer"
30494,2,0.265862,High-Usage / Handset-Gap,Device upgrade or contract-renewal incentive (heavy users on aging handsets)
60516,1,0.34826478,Low-Engagement / Passive,"Re-engagement campaign: usage incentives, feature education, win-back offer"
64258,1,0.1958515,Low-Engagement / Passive,"Re-engagement campaign: usage incentives, feature education, win-back offer"
62997,1,0.44899318,Low-Engagement / Passive,"Re-engagement campaign: usage incentives, feature education, win-back offer"
53696,2,0.5177815,High-Usage / Handset-Gap,Device upgrade or contract-renewal incentive (heavy users on aging handsets)
61770,0,0.5896668,At-Risk / Retention-Contact,Priority retention outreach + service recovery (already contacted us)
53115,1,0.5124672,Low-Engagement / Passive,"Re-engagement campaign: usage incentives, feature education, win-back offer"
57939,1,0.30026892,Low-Engagement / Passive,"Re-engagement campaign: usage incentives, feature education, win-back offer"
63039,1,0.51996255,Low-Engagement / Passive,"Re-engagement campaign: usage incentives, feature education, win-back offer"
67074,1,0.06005564,Low-Engagement / Passive,"Re-engagement campaign: usage incentives, feature education, win-back offer"
51991,1,0.13601618,Low-Engagement / Passive,"Re-engagement campaign: usage incentives, feature education, win-back offer"
64333,1,0.43339473,Low-Engagement / Passive,"Re-engagement campaign: usage incentives, feature education, win-back offer"
59158,2,0.25280946,High-Usage / Handset-Gap,Device upgrade or contract-renewal incentive (heavy users on aging handsets)
56481,2,0.30574897,High-Usage / Handset-Gap,Device upgrade or contract-renewal incentive (heavy users on aging handsets)
63844,1,0.31461054,Low-Engagement / Passive,"Re-engagement campaign: usage incentives, feature education, win-back offer"
67812,2,0.31408525,High-Usage / Handset-Gap,Device upgrade or contract-renewal incentive (heavy users on aging handsets)
66182,1,0.266838,Low-Engagement / Passive,"Re-engagement campaign: usage incentives, feature education, win-back offer"
69366,1,0.17738451,Low-Engagement / Passive,"Re-engagement campaign: usage incentives, feature education, win-back offer"
54680,2,0.30019382,High-Usage / Handset-Gap,Device upgrade or contract-renewal incentive (heavy users on aging handsets)
53566,1,0.39923084,Low-Engagement / Passive,"Re-engagement campaign: usage incentives, feature education, win-back offer"
59818,1,0.37488988,Low-Engagement / Passive,"Re-engagement campaign: usage incentives, feature education, win-back offer"
66185,1,0.2890531,Low-Engagement / Passive,"Re-engagement campaign: usage incentives, feature education, win-back offer"
59363,1,0.34117,Low-Engagement / Passive,"Re-engagement campaign: usage incentives, feature education, win-back offer"
57317,2,0.09715393,High-Usage / Handset-Gap,Device upgrade or contract-renewal incentive (heavy users on aging handsets)
66321,2,0.28634524,High-Usage / Handset-Gap,Device upgrade or contract-renewal incentive (heavy users on aging handsets)
58084,2,0.47233376,High-Usage / Handset-Gap,Device upgrade or contract-renewal incentive (heavy users on aging handsets)
69820,1,0.12765911,Low-Engagement / Passive,"Re-engagement campaign: usage incentives, feature education, win-back offer"
54836,1,0.14566341,Low-Engagement / Passive,"Re-engagement campaign: usage incentives, feature education, win-back offer"
67886,2,0.383445,High-Usage / Handset-Gap,Device upgrade or contract-renewal incentive (heavy users on aging handsets)
56391,1,0.25671944,Low-Engagement / Passive,"Re-engagement campaign: usage incentives, feature education, win-back offer"
68275,1,0.4212868,Low-Engagement / Passive,"Re-engagement campaign: usage incentives, feature education, win-back offer"
55121,1,0.26918033,Low-Engagement / Passive,"Re-engagement campaign: usage incentives, feature education, win-back offer"
63475,2,0.6076994,High-Usage / Handset-Gap,Device upgrade or contract-renewal incentive (heavy users on aging handsets)
69448,1,0.094197124,Low-Engagement / Passive,"Re-engagement campaign: usage incentives, feature education, win-back offer"
68858,1,0.46260422,Low-Engagement / Passive,"Re-engagement campaign: usage incentives, feature education, win-back offer"
60813,1,0.27525368,Low-Engagement / Passive,"Re-engagement campaign: usage incentives, feature education, win-back offer"
70744,1,0.24154349,Low-Engagement / Passive,"Re-engagement campaign: usage incentives, feature education, win-back offer"
67453,0,0.81505173,At-Risk / Retention-Contact,Priority retention outreach + service recovery (already contacted us)
52913,2,0.5355248,High-Usage / Handset-Gap,Device upgrade or contract-renewal incentive (heavy users on aging handsets)
69011,1,0.4037357,Low-Engagement / Passive,"Re-engagement campaign: usage incentives, feature education, win-back offer"
57476,1,0.2900774,Low-Engagement / Passive,"Re-engagement campaign: usage incentives, feature education, win-back offer"
54012,2,0.4247848,High-Usage / Handset-Gap,Device upgrade or contract-renewal incentive (heavy users on aging handsets)
52846,2,0.1603522,High-Usage / Handset-Gap,Device upgrade or contract-renewal incentive (heavy users on aging handsets)
70859,2,0.36237383,High-Usage / Handset-Gap,Device upgrade or contract-renewal incentive (heavy users on aging handsets)
70169,1,0.14528567,Low-Engagement / Passive,"Re-engagement campaign: usage incentives, feature education, win-back offer"
56763,2,0.37927368,High-Usage / Handset-Gap,Device upgrade or contract-renewal incentive (heavy users on aging handsets)
58532,2,0.34978822,High-Usage / Handset-Gap,Device upgrade or contract-renewal incentive (heavy users on aging handsets)
58877,1,0.11870706,Low-Engagement / Passive,"Re-engagement campaign: usage incentives, feature education, win-back offer"
65406,1,0.50044477,Low-Engagement / Passive,"Re-engagement campaign: usage incentives, feature education, win-back offer"
68089,1,0.5590722,Low-Engagement / Passive,"Re-engagement campaign: usage incentives, feature education, win-back offer"
55352,0,0.68572074,At-Risk / Retention-Contact,Priority retention outreach + service recovery (already contacted us)
69696,1,0.16585165,Low-Engagement / Passive,"Re-engagement campaign: usage incentives, feature education, win-back offer"
69602,2,0.67863274,High-Usage / Handset-Gap,Device upgrade or contract-renewal incentive (heavy users on aging handsets)
66145,2,0.40241152,High-Usage / Handset-Gap,Device upgrade or contract-renewal incentive (heavy users on aging handsets)
70317,2,0.31493127,High-Usage / Handset-Gap,Device upgrade or contract-renewal incentive (heavy users on aging handsets)
30645,1,0.35976577,Low-Engagement / Passive,"Re-engagement campaign: usage incentives, feature education, win-back offer"
69063,1,0.50457305,Low-Engagement / Passive,"Re-engagement campaign: usage incentives, feature education, win-back offer"
62032,0,0.5082557,At-Risk / Retention-Contact,Priority retention outreach + service recovery (already contacted us)
70708,0,0.7175723,At-Risk / Retention-Contact,Priority retention outreach + service recovery (already contacted us)
67114,1,0.5476995,Low-Engagement / Passive,"Re-engagement campaign: usage incentives, feature education, win-back offer"
58714,1,0.37992617,Low-Engagement / Passive,"Re-engagement campaign: usage incentives, feature education, win-back offer"
58677,1,0.45879713,Low-Engagement / Passive,"Re-engagement campaign: usage incentives, feature education, win-back offer"
58774,2,0.5029777,High-Usage / Handset-Gap,Device upgrade or contract-renewal incentive (heavy users on aging handsets)
57512,1,0.41805708,Low-Engagement / Passive,"Re-engagement campaign: usage incentives, feature education, win-back offer"
65051,1,0.29505542,Low-Engagement / Passive,"Re-engagement campaign: usage incentives, feature education, win-back offer"
58077,2,0.65708435,High-Usage / Handset-Gap,Device upgrade or contract-renewal incentive (heavy users on aging handsets)
60842,2,0.208122,High-Usage / Handset-Gap,Device upgrade or contract-renewal incentive (heavy users on aging handsets)
68715,2,0.32104594,High-Usage / Handset-Gap,Device upgrade or contract-renewal incentive (heavy users on aging handsets)
69191,1,0.5418428,Low-Engagement / Passive,"Re-engagement campaign: usage incentives, feature education, win-back offer"
63183,1,0.39266053,Low-Engagement / Passive,"Re-engagement campaign: usage incentives, feature education, win-back offer"
62592,1,0.4870342,Low-Engagement / Passive,"Re-engagement campaign: usage incentives, feature education, win-back offer"
56539,0,0.28001368,At-Risk / Retention-Contact,Priority retention outreach + service recovery (already contacted us)
55257,2,0.48558933,High-Usage / Handset-Gap,Device upgrade or contract-renewal incentive (heavy users on aging handsets)
61425,1,0.33288953,Low-Engagement / Passive,"Re-engagement campaign: usage incentives, feature education, win-back offer"
57018,1,0.47915316,Low-Engagement / Passive,"Re-engagement campaign: usage incentives, feature education, win-back offer"
64043,1,0.41621134,Low-Engagement / Passive,"Re-engagement campaign: usage incentives, feature education, win-back offer"
30735,2,0.37577194,High-Usage / Handset-Gap,Device upgrade or contract-renewal incentive (heavy users on aging handsets)
63404,1,0.3898372,Low-Engagement / Passive,"Re-engagement campaign: usage incentives, feature education, win-back offer"
55191,2,0.37945285,High-Usage / Handset-Gap,Device upgrade or contract-renewal incentive (heavy users on aging handsets)
53855,2,0.10197521,High-Usage / Handset-Gap,Device upgrade or contract-renewal incentive (heavy users on aging handsets)
61939,1,0.37525964,Low-Engagement / Passive,"Re-engagement campaign: usage incentives, feature education, win-back offer"
30542,2,0.31715426,High-Usage / Handset-Gap,Device upgrade or contract-renewal incentive (heavy users on aging handsets)
54971,1,0.17645407,Low-Engagement / Passive,"Re-engagement campaign: usage incentives, feature education, win-back offer"
54597,1,0.40139338,Low-Engagement / Passive,"Re-engagement campaign: usage incentives, feature education, win-back offer"
68772,2,0.17214036,High-Usage / Handset-Gap,Device upgrade or contract-renewal incentive (heavy users on aging handsets)
59183,0,0.5561832,At-Risk / Retention-Contact,Priority retention outreach + service recovery (already contacted us)
60621,2,0.37755406,High-Usage / Handset-Gap,Device upgrade or contract-renewal incentive (heavy users on aging handsets)
62827,1,0.29804698,Low-Engagement / Passive,"Re-engagement campaign: usage incentives, feature education, win-back offer"
59604,1,0.26602197,Low-Engagement / Passive,"Re-engagement campaign: usage incentives, feature education, win-back offer"
69409,2,0.13970101,High-Usage / Handset-Gap,Device upgrade or contract-renewal incentive (heavy users on aging handsets)
53880,1,0.15468895,Low-Engagement / Passive,"Re-engagement campaign: usage incentives, feature education, win-back offer"
57356,2,0.68878645,High-Usage / Handset-Gap,Device upgrade or contract-renewal incentive (heavy users on aging handsets)
61077,1,0.51274115,Low-Engagement / Passive,"Re-engagement campaign: usage incentives, feature education, win-back offer"
56608,1,0.25076374,Low-Engagement / Passive,"Re-engagement campaign: usage incentives, feature education, win-back offer"
64732,2,0.4666551,High-Usage / Handset-Gap,Device upgrade or contract-renewal incentive (heavy users on aging handsets)
53355,1,0.3178677,Low-Engagement / Passive,"Re-engagement campaign: usage incentives, feature education, win-back offer"
30549,2,0.21518385,High-Usage / Handset-Gap,Device upgrade or contract-renewal incentive (heavy users on aging handsets)
65886,0,0.7637753,At-Risk / Retention-Contact,Priority retention outreach + service recovery (already contacted us)
58397,1,0.2801448,Low-Engagement / Passive,"Re-engagement campaign: usage incentives, feature education, win-back offer"
59136,2,0.3124023,High-Usage / Handset-Gap,Device upgrade or contract-renewal incentive (heavy users on aging handsets)
64316,1,0.45929128,Low-Engagement / Passive,"Re-engagement campaign: usage incentives, feature education, win-back offer"
54976,1,0.60409117,Low-Engagement / Passive,"Re-engagement campaign: usage incentives, feature education, win-back offer"
64869,1,0.42553413,Low-Engagement / Passive,"Re-engagement campaign: usage incentives, feature education, win-back offer"
59621,2,0.2700624,High-Usage / Handset-Gap,Device upgrade or contract-renewal incentive (heavy users on aging handsets)
59946,2,0.35216156,High-Usage / Handset-Gap,Device upgrade or contract-renewal incentive (heavy users on aging handsets)
70750,2,0.34705788,High-Usage / Handset-Gap,Device upgrade or contract-renewal incentive (heavy users on aging handsets)
52332,2,0.36029944,High-Usage / Handset-Gap,Device upgrade or contract-renewal incentive (heavy users on aging handsets)
62414,1,0.31283128,Low-Engagement / Passive,"Re-engagement campaign: usage incentives, feature education, win-back offer"
67320,1,0.2899341,Low-Engagement / Passive,"Re-engagement campaign: usage incentives, feature education, win-back offer"
67088,2,0.5774378,High-Usage / Handset-Gap,Device upgrade or contract-renewal incentive (heavy users on aging handsets)
55346,1,0.30288047,Low-Engagement / Passive,"Re-engagement campaign: usage incentives, feature education, win-back offer"
56700,2,0.275412,High-Usage / Handset-Gap,Device upgrade or contract-renewal incentive (heavy users on aging handsets)
52122,2,0.52251667,High-Usage / Handset-Gap,Device upgrade or contract-renewal incentive (heavy users on aging handsets)
66393,2,0.26020196,High-Usage / Handset-Gap,Device upgrade or contract-renewal incentive (heavy users on aging handsets)
55713,2,0.42775354,High-Usage / Handset-Gap,Device upgrade or contract-renewal incentive (heavy users on aging handsets)
51162,2,0.4801455,High-Usage / Handset-Gap,Device upgrade or contract-renewal incentive (heavy users on aging handsets)
52190,1,0.21019284,Low-Engagement / Passive,"Re-engagement campaign: usage incentives, feature education, win-back offer"
64399,1,0.61389035,Low-Engagement / Passive,"Re-engagement campaign: usage incentives, feature education, win-back offer"
62566,1,0.34176075,Low-Engagement / Passive,"Re-engagement campaign: usage incentives, feature education, win-back offer"
64366,1,0.45242524,Low-Engagement / Passive,"Re-engagement campaign: usage incentives, feature education, win-back offer"
57844,2,0.5291313,High-Usage / Handset-Gap,Device upgrade or contract-renewal incentive (heavy users on aging handsets)
69857,1,0.4015328,Low-Engagement / Passive,"Re-engagement campaign: usage incentives, feature education, win-back offer"
57954,1,0.45891377,Low-Engagement / Passive,"Re-engagement campaign: usage incentives, feature education, win-back offer"
65715,1,0.26890406,Low-Engagement / Passive,"Re-engagement campaign: usage incentives, feature education, win-back offer"
51882,1,0.16680302,Low-Engagement / Passive,"Re-engagement campaign: usage incentives, feature education, win-back offer"
62527,2,0.37853077,High-Usage / Handset-Gap,Device upgrade or contract-renewal incentive (heavy users on aging handsets)
64394,1,0.2177728,Low-Engagement / Passive,"Re-engagement campaign: usage incentives, feature education, win-back offer"
54740,1,0.46516174,Low-Engagement / Passive,"Re-engagement campaign: usage incentives, feature education, win-back offer"
69938,2,0.19633669,High-Usage / Handset-Gap,Device upgrade or contract-renewal incentive (heavy users on aging handsets)
66948,2,0.58511585,High-Usage / Handset-Gap,Device upgrade or contract-renewal incentive (heavy users on aging handsets)
59804,1,0.20784852,Low-Engagement / Passive,"Re-engagement campaign: usage incentives, feature education, win-back offer"
30836,1,0.46736258,Low-Engagement / Passive,"Re-engagement campaign: usage incentives, feature education, win-back offer"
51753,2,0.14360444,High-Usage / Handset-Gap,Device upgrade or contract-renewal incentive (heavy users on aging handsets)
56874,2,0.70784014,High-Usage / Handset-Gap,Device upgrade or contract-renewal incentive (heavy users on aging handsets)
66685,1,0.20160763,Low-Engagement / Passive,"Re-engagement campaign: usage incentives, feature education, win-back offer"
54089,1,0.20422447,Low-Engagement / Passive,"Re-engagement campaign: usage incentives, feature education, win-back offer"
55374,1,0.45865074,Low-Engagement / Passive,"Re-engagement campaign: usage incentives, feature education, win-back offer"
30638,0,0.6312864,At-Risk / Retention-Contact,Priority retention outreach + service recovery (already contacted us)
51196,2,0.46871358,High-Usage / Handset-Gap,Device upgrade or contract-renewal incentive (heavy users on aging handsets)
51480,1,0.3741182,Low-Engagement / Passive,"Re-engagement campaign: usage incentives, feature education, win-back offer"
55101,1,0.36900666,Low-Engagement / Passive,"Re-engagement campaign: usage incentives, feature education, win-back offer"
51518,2,0.7021633,High-Usage / Handset-Gap,Device upgrade or contract-renewal incentive (heavy users on aging handsets)
54704,1,0.39990863,Low-Engagement / Passive,"Re-engagement campaign: usage incentives, feature education, win-back offer"
56800,1,0.39301786,Low-Engagement / Passive,"Re-engagement campaign: usage incentives, feature education, win-back offer"
58067,1,0.38278955,Low-Engagement / Passive,"Re-engagement campaign: usage incentives, feature education, win-back offer"
67763,2,0.6131965,High-Usage / Handset-Gap,Device upgrade or contract-renewal incentive (heavy users on aging handsets)
52099,2,0.20462255,High-Usage / Handset-Gap,Device upgrade or contract-renewal incentive (heavy users on aging handsets)
53561,2,0.17862865,High-Usage / Handset-Gap,Device upgrade or contract-renewal incentive (heavy users on aging handsets)
51252,2,0.56939846,High-Usage / Handset-Gap,Device upgrade or contract-renewal incentive (heavy users on aging handsets)
64650,2,0.4539913,High-Usage / Handset-Gap,Device upgrade or contract-renewal incentive (heavy users on aging handsets)
69819,2,0.19906543,High-Usage / Handset-Gap,Device upgrade or contract-renewal incentive (heavy users on aging handsets)
70652,2,0.31293273,High-Usage / Handset-Gap,Device upgrade or contract-renewal incentive (heavy users on aging handsets)
59885,1,0.22233543,Low-Engagement / Passive,"Re-engagement campaign: usage incentives, feature education, win-back offer"
57348,2,0.34766388,High-Usage / Handset-Gap,Device upgrade or contract-renewal incentive (heavy users on aging handsets)
62146,2,0.5621802,High-Usage / Handset-Gap,Device upgrade or contract-renewal incentive (heavy users on aging handsets)
54113,1,0.19166465,Low-Engagement / Passive,"Re-engagement campaign: usage incentives, feature education, win-back offer"
55730,2,0.39919007,High-Usage / Handset-Gap,Device upgrade or contract-renewal incentive (heavy users on aging handsets)
68946,2,0.2942322,High-Usage / Handset-Gap,Device upgrade or contract-renewal incentive (heavy users on aging handsets)
54095,2,0.2744319,High-Usage / Handset-Gap,Device upgrade or contract-renewal incentive (heavy users on aging handsets)
70046,1,0.24334429,Low-Engagement / Passive,"Re-engagement campaign: usage incentives, feature education, win-back offer"
60641,1,0.4147605,Low-Engagement / Passive,"Re-engagement campaign: usage incentives, feature education, win-back offer"
56775,2,0.41498458,High-Usage / Handset-Gap,Device upgrade or contract-renewal incentive (heavy users on aging handsets)
52032,1,0.11463769,Low-Engagement / Passive,"Re-engagement campaign: usage incentives, feature education, win-back offer"
53007,0,0.19974361,At-Risk / Retention-Contact,Priority retention outreach + service recovery (already contacted us)
61804,1,0.24781464,Low-Engagement / Passive,"Re-engagement campaign: usage incentives, feature education, win-back offer"
30585,1,0.14517766,Low-Engagement / Passive,"Re-engagement campaign: usage incentives, feature education, win-back offer"
67910,1,0.22812591,Low-Engagement / Passive,"Re-engagement campaign: usage incentives, feature education, win-back offer"
70594,2,0.22823295,High-Usage / Handset-Gap,Device upgrade or contract-renewal incentive (heavy users on aging handsets)
64186,1,0.1927728,Low-Engagement / Passive,"Re-engagement campaign: usage incentives, feature education, win-back offer"
54967,2,0.55438495,High-Usage / Handset-Gap,Device upgrade or contract-renewal incentive (heavy users on aging handsets)
52893,1,0.44902945,Low-Engagement / Passive,"Re-engagement campaign: usage incentives, feature education, win-back offer"
59293,1,0.11449984,Low-Engagement / Passive,"Re-engagement campaign: usage incentives, feature education, win-back offer"
51767,2,0.7518386,High-Usage / Handset-Gap,Device upgrade or contract-renewal incentive (heavy users on aging handsets)
54462,2,0.4441486,High-Usage / Handset-Gap,Device upgrade or contract-renewal incentive (heavy users on aging handsets)
54805,1,0.33117503,Low-Engagement / Passive,"Re-engagement campaign: usage incentives, feature education, win-back offer"
51078,1,0.34172463,Low-Engagement / Passive,"Re-engagement campaign: usage incentives, feature education, win-back offer"
66574,2,0.4090759,High-Usage / Handset-Gap,Device upgrade or contract-renewal incentive (heavy users on aging handsets)
57150,1,0.47865546,Low-Engagement / Passive,"Re-engagement campaign: usage incentives, feature education, win-back offer"
52548,2,0.47022,High-Usage / Handset-Gap,Device upgrade or contract-renewal incentive (heavy users on aging handsets)
61963,1,0.3031568,Low-Engagement / Passive,"Re-engagement campaign: usage incentives, feature education, win-back offer"
54365,2,0.630914,High-Usage / Handset-Gap,Device upgrade or contract-renewal incentive (heavy users on aging handsets)
57807,1,0.29097942,Low-Engagement / Passive,"Re-engagement campaign: usage incentives, feature education, win-back offer"
70559,1,0.25668898,Low-Engagement / Passive,"Re-engagement campaign: usage incentives, feature education, win-back offer"
58831,1,0.36165956,Low-Engagement / Passive,"Re-engagement campaign: usage incentives, feature education, win-back offer"
70375,1,0.14216848,Low-Engagement / Passive,"Re-engagement campaign: usage incentives, feature education, win-back offer"
54940,1,0.35073373,Low-Engagement / Passive,"Re-engagement campaign: usage incentives, feature education, win-back offer"
60867,1,0.30160794,Low-Engagement / Passive,"Re-engagement campaign: usage incentives, feature education, win-back offer"
55667,2,0.31764263,High-Usage / Handset-Gap,Device upgrade or contract-renewal incentive (heavy users on aging handsets)
51585,0,0.4886417,At-Risk / Retention-Contact,Priority retention outreach + service recovery (already contacted us)
60780,1,0.40790346,Low-Engagement / Passive,"Re-engagement campaign: usage incentives, feature education, win-back offer"
54729,1,0.18695973,Low-Engagement / Passive,"Re-engagement campaign: usage incentives, feature education, win-back offer"
54420,1,0.43267605,Low-Engagement / Passive,"Re-engagement campaign: usage incentives, feature education, win-back offer"
68895,2,0.16245611,High-Usage / Handset-Gap,Device upgrade or contract-renewal incentive (heavy users on aging handsets)
70659,2,0.2586176,High-Usage / Handset-Gap,Device upgrade or contract-renewal incentive (heavy users on aging handsets)
66688,1,0.46598542,Low-Engagement / Passive,"Re-engagement campaign: usage incentives, feature education, win-back offer"
67569,1,0.5188818,Low-Engagement / Passive,"Re-engagement campaign: usage incentives, feature education, win-back offer"
51916,1,0.25265354,Low-Engagement / Passive,"Re-engagement campaign: usage incentives, feature education, win-back offer"
52356,1,0.42833182,Low-Engagement / Passive,"Re-engagement campaign: usage incentives, feature education, win-back offer"
57173,2,0.34200016,High-Usage / Handset-Gap,Device upgrade or contract-renewal incentive (heavy users on aging handsets)
59326,2,0.34316793,High-Usage / Handset-Gap,Device upgrade or contract-renewal incentive (heavy users on aging handsets)
63622,2,0.3944036,High-Usage / Handset-Gap,Device upgrade or contract-renewal incentive (heavy users on aging handsets)
59548,1,0.36800474,Low-Engagement / Passive,"Re-engagement campaign: usage incentives, feature education, win-back offer"
62698,1,0.37482974,Low-Engagement / Passive,"Re-engagement campaign: usage incentives, feature education, win-back offer"
57177,0,0.26490834,At-Risk / Retention-Contact,Priority retention outreach + service recovery (already contacted us)
55411,2,0.28731745,High-Usage / Handset-Gap,Device upgrade or contract-renewal incentive (heavy users on aging handsets)
66925,1,0.30153385,Low-Engagement / Passive,"Re-engagement campaign: usage incentives, feature education, win-back offer"
58414,2,0.13942759,High-Usage / Handset-Gap,Device upgrade or contract-renewal incentive (heavy users on aging handsets)
59977,1,0.21277972,Low-Engagement / Passive,"Re-engagement campaign: usage incentives, feature education, win-back offer"
62108,1,0.4160434,Low-Engagement / Passive,"Re-engagement campaign: usage incentives, feature education, win-back offer"
55592,1,0.460478,Low-Engagement / Passive,"Re-engagement campaign: usage incentives, feature education, win-back offer"
58977,0,0.5395418,At-Risk / Retention-Contact,Priority retention outreach + service recovery (already contacted us)
67701,1,0.3246064,Low-Engagement / Passive,"Re-engagement campaign: usage incentives, feature education, win-back offer"
70549,1,0.19388689,Low-Engagement / Passive,"Re-engagement campaign: usage incentives, feature education, win-back offer"
64549,2,0.65458137,High-Usage / Handset-Gap,Device upgrade or contract-renewal incentive (heavy users on aging handsets)
52550,1,0.46806163,Low-Engagement / Passive,"Re-engagement campaign: usage incentives, feature education, win-back offer"
66351,1,0.43424556,Low-Engagement / Passive,"Re-engagement campaign: usage incentives, feature education, win-back offer"
53390,1,0.53035814,Low-Engagement / Passive,"Re-engagement campaign: usage incentives, feature education, win-back offer"
56394,1,0.29941794,Low-Engagement / Passive,"Re-engagement campaign: usage incentives, feature education, win-back offer"
53281,1,0.3526666,Low-Engagement / Passive,"Re-engagement campaign: usage incentives, feature education, win-back offer"
66758,1,0.43911108,Low-Engagement / Passive,"Re-engagement campaign: usage incentives, feature education, win-back offer"
56116,1,0.10476574,Low-Engagement / Passive,"Re-engagement campaign: usage incentives, feature education, win-back offer"
53541,1,0.1471074,Low-Engagement / Passive,"Re-engagement campaign: usage incentives, feature education, win-back offer"
59223,2,0.34187692,High-Usage / Handset-Gap,Device upgrade or contract-renewal incentive (heavy users on aging handsets)
55028,1,0.2821844,Low-Engagement / Passive,"Re-engagement campaign: usage incentives, feature education, win-back offer"
51330,2,0.38137263,High-Usage / Handset-Gap,Device upgrade or contract-renewal incentive (heavy users on aging handsets)
63890,1,0.33557948,Low-Engagement / Passive,"Re-engagement campaign: usage incentives, feature education, win-back offer"
63088,1,0.47024757,Low-Engagement / Passive,"Re-engagement campaign: usage incentives, feature education, win-back offer"
58255,2,0.29574886,High-Usage / Handset-Gap,Device upgrade or contract-renewal incentive (heavy users on aging handsets)
63135,1,0.23504417,Low-Engagement / Passive,"Re-engagement campaign: usage incentives, feature education, win-back offer"
68144,2,0.43882808,High-Usage / Handset-Gap,Device upgrade or contract-renewal incentive (heavy users on aging handsets)
55429,2,0.50061905,High-Usage / Handset-Gap,Device upgrade or contract-renewal incentive (heavy users on aging handsets)
56311,1,0.31909576,Low-Engagement / Passive,"Re-engagement campaign: usage incentives, feature education, win-back offer"
66066,2,0.336049,High-Usage / Handset-Gap,Device upgrade or contract-renewal incentive (heavy users on aging handsets)
67779,1,0.20830171,Low-Engagement / Passive,"Re-engagement campaign: usage incentives, feature education, win-back offer"
65623,2,0.6984094,High-Usage / Handset-Gap,Device upgrade or contract-renewal incentive (heavy users on aging handsets)
59842,1,0.32493198,Low-Engagement / Passive,"Re-engagement campaign: usage incentives, feature education, win-back offer"
54926,2,0.35872164,High-Usage / Handset-Gap,Device upgrade or contract-renewal incentive (heavy users on aging handsets)
61006,2,0.17998014,High-Usage / Handset-Gap,Device upgrade or contract-renewal incentive (heavy users on aging handsets)
58180,1,0.29272413,Low-Engagement / Passive,"Re-engagement campaign: usage incentives, feature education, win-back offer"
60953,1,0.5416121,Low-Engagement / Passive,"Re-engagement campaign: usage incentives, feature education, win-back offer"
68305,1,0.19227423,Low-Engagement / Passive,"Re-engagement campaign: usage incentives, feature education, win-back offer"
64694,1,0.5295033,Low-Engagement / Passive,"Re-engagement campaign: usage incentives, feature education, win-back offer"
65398,1,0.4366707,Low-Engagement / Passive,"Re-engagement campaign: usage incentives, feature education, win-back offer"
63335,1,0.40614477,Low-Engagement / Passive,"Re-engagement campaign: usage incentives, feature education, win-back offer"
52442,2,0.35146913,High-Usage / Handset-Gap,Device upgrade or contract-renewal incentive (heavy users on aging handsets)
69370,2,0.4696177,High-Usage / Handset-Gap,Device upgrade or contract-renewal incentive (heavy users on aging handsets)
68914,2,0.25935018,High-Usage / Handset-Gap,Device upgrade or contract-renewal incentive (heavy users on aging handsets)
66387,2,0.5576213,High-Usage / Handset-Gap,Device upgrade or contract-renewal incentive (heavy users on aging handsets)
68352,1,0.483667,Low-Engagement / Passive,"Re-engagement campaign: usage incentives, feature education, win-back offer"
61051,2,0.31370717,High-Usage / Handset-Gap,Device upgrade or contract-renewal incentive (heavy users on aging handsets)
62348,1,0.587873,Low-Engagement / Passive,"Re-engagement campaign: usage incentives, feature education, win-back offer"
53445,2,0.65205735,High-Usage / Handset-Gap,Device upgrade or contract-renewal incentive (heavy users on aging handsets)
69629,2,0.41236955,High-Usage / Handset-Gap,Device upgrade or contract-renewal incentive (heavy users on aging handsets)
68884,1,0.048944402,Low-Engagement / Passive,"Re-engagement campaign: usage incentives, feature education, win-back offer"
67112,1,0.42418677,Low-Engagement / Passive,"Re-engagement campaign: usage incentives, feature education, win-back offer"
67204,2,0.48612314,High-Usage / Handset-Gap,Device upgrade or contract-renewal incentive (heavy users on aging handsets)
51170,1,0.120426536,Low-Engagement / Passive,"Re-engagement campaign: usage incentives, feature education, win-back offer"
61907,1,0.35242975,Low-Engagement / Passive,"Re-engagement campaign: usage incentives, feature education, win-back offer"
66790,2,0.3344725,High-Usage / Handset-Gap,Device upgrade or contract-renewal incentive (heavy users on aging handsets)
65463,1,0.6050259,Low-Engagement / Passive,"Re-engagement campaign: usage incentives, feature education, win-back offer"
60306,2,0.2979212,High-Usage / Handset-Gap,Device upgrade or contract-renewal incentive (heavy users on aging handsets)
30503,1,0.14846194,Low-Engagement / Passive,"Re-engagement campaign: usage incentives, feature education, win-back offer"
63836,1,0.31267697,Low-Engagement / Passive,"Re-engagement campaign: usage incentives, feature education, win-back offer"
57137,2,0.23826104,High-Usage / Handset-Gap,Device upgrade or contract-renewal incentive (heavy users on aging handsets)
70530,1,0.42321473,Low-Engagement / Passive,"Re-engagement campaign: usage incentives, feature education, win-back offer"
56418,0,0.36935118,At-Risk / Retention-Contact,Priority retention outreach + service recovery (already contacted us)
63634,2,0.279578,High-Usage / Handset-Gap,Device upgrade or contract-renewal incentive (heavy users on aging handsets)
70942,2,0.27977723,High-Usage / Handset-Gap,Device upgrade or contract-renewal incentive (heavy users on aging handsets)
67931,0,0.5417822,At-Risk / Retention-Contact,Priority retention outreach + service recovery (already contacted us)
60402,1,0.36799306,Low-Engagement / Passive,"Re-engagement campaign: usage incentives, feature education, win-back offer"
59322,1,0.46663788,Low-Engagement / Passive,"Re-engagement campaign: usage incentives, feature education, win-back offer"
63090,1,0.24829556,Low-Engagement / Passive,"Re-engagement campaign: usage incentives, feature education, win-back offer"
60639,2,0.31301185,High-Usage / Handset-Gap,Device upgrade or contract-renewal incentive (heavy users on aging handsets)
67775,1,0.3661496,Low-Engagement / Passive,"Re-engagement campaign: usage incentives, feature education, win-back offer"
55457,2,0.3090857,High-Usage / Handset-Gap,Device upgrade or contract-renewal incentive (heavy users on aging handsets)
65233,1,0.61599356,Low-Engagement / Passive,"Re-engagement campaign: usage incentives, feature education, win-back offer"
66872,1,0.5209717,Low-Engagement / Passive,"Re-engagement campaign: usage incentives, feature education, win-back offer"
62024,1,0.27196312,Low-Engagement / Passive,"Re-engagement campaign: usage incentives, feature education, win-back offer"
58545,1,0.47534743,Low-Engagement / Passive,"Re-engagement campaign: usage incentives, feature education, win-back offer"
68185,1,0.24109325,Low-Engagement / Passive,"Re-engagement campaign: usage incentives, feature education, win-back offer"
65998,1,0.42605865,Low-Engagement / Passive,"Re-engagement campaign: usage incentives, feature education, win-back offer"
63709,2,0.35528502,High-Usage / Handset-Gap,Device upgrade or contract-renewal incentive (heavy users on aging handsets)
65750,1,0.30865613,Low-Engagement / Passive,"Re-engagement campaign: usage incentives, feature education, win-back offer"
58797,1,0.33231995,Low-Engagement / Passive,"Re-engagement campaign: usage incentives, feature education, win-back offer"
52886,1,0.5065383,Low-Engagement / Passive,"Re-engagement campaign: usage incentives, feature education, win-back offer"
52018,2,0.37680146,High-Usage / Handset-Gap,Device upgrade or contract-renewal incentive (heavy users on aging handsets)
56858,2,0.33065832,High-Usage / Handset-Gap,Device upgrade or contract-renewal incentive (heavy users on aging handsets)
70634,2,0.1500422,High-Usage / Handset-Gap,Device upgrade or contract-renewal incentive (heavy users on aging handsets)
56661,2,0.41527417,High-Usage / Handset-Gap,Device upgrade or contract-renewal incentive (heavy users on aging handsets)
52688,1,0.50107217,Low-Engagement / Passive,"Re-engagement campaign: usage incentives, feature education, win-back offer"
70122,1,0.23944713,Low-Engagement / Passive,"Re-engagement campaign: usage incentives, feature education, win-back offer"
65427,2,0.34054843,High-Usage / Handset-Gap,Device upgrade or contract-renewal incentive (heavy users on aging handsets)
52415,2,0.38623896,High-Usage / Handset-Gap,Device upgrade or contract-renewal incentive (heavy users on aging handsets)
66906,0,0.43295023,At-Risk / Retention-Contact,Priority retention outreach + service recovery (already contacted us)
59134,0,0.61997706,At-Risk / Retention-Contact,Priority retention outreach + service recovery (already contacted us)
66237,2,0.33807468,High-Usage / Handset-Gap,Device upgrade or contract-renewal incentive (heavy users on aging handsets)
56030,1,0.6030847,Low-Engagement / Passive,"Re-engagement campaign: usage incentives, feature education, win-back offer"
63104,2,0.36253458,High-Usage / Handset-Gap,Device upgrade or contract-renewal incentive (heavy users on aging handsets)
56064,2,0.20868376,High-Usage / Handset-Gap,Device upgrade or contract-renewal incentive (heavy users on aging handsets)
56654,1,0.1206552,Low-Engagement / Passive,"Re-engagement campaign: usage incentives, feature education, win-back offer"
68641,2,0.6917243,High-Usage / Handset-Gap,Device upgrade or contract-renewal incentive (heavy users on aging handsets)
52975,1,0.45664924,Low-Engagement / Passive,"Re-engagement campaign: usage incentives, feature education, win-back offer"
56031,2,0.21149984,High-Usage / Handset-Gap,Device upgrade or contract-renewal incentive (heavy users on aging handsets)
52772,0,0.36209643,At-Risk / Retention-Contact,Priority retention outreach + service recovery (already contacted us)
53664,2,0.2345093,High-Usage / Handset-Gap,Device upgrade or contract-renewal incentive (heavy users on aging handsets)
69765,1,0.24689619,Low-Engagement / Passive,"Re-engagement campaign: usage incentives, feature education, win-back offer"
60927,2,0.3354741,High-Usage / Handset-Gap,Device upgrade or contract-renewal incentive (heavy users on aging handsets)
52991,2,0.37589318,High-Usage / Handset-Gap,Device upgrade or contract-renewal incentive (heavy users on aging handsets)
68805,1,0.4756,Low-Engagement / Passive,"Re-engagement campaign: usage incentives, feature education, win-back offer"
70427,0,0.4622127,At-Risk / Retention-Contact,Priority retention outreach + service recovery (already contacted us)
68929,2,0.072223626,High-Usage / Handset-Gap,Device upgrade or contract-renewal incentive (heavy users on aging handsets)
70289,2,0.17695294,High-Usage / Handset-Gap,Device upgrade or contract-renewal incentive (heavy users on aging handsets)
54483,1,0.675914,Low-Engagement / Passive,"Re-engagement campaign: usage incentives, feature education, win-back offer"
67094,1,0.3553947,Low-Engagement / Passive,"Re-engagement campaign: usage incentives, feature education, win-back offer"
52960,1,0.2624507,Low-Engagement / Passive,"Re-engagement campaign: usage incentives, feature education, win-back offer"
55722,2,0.26198152,High-Usage / Handset-Gap,Device upgrade or contract-renewal incentive (heavy users on aging handsets)
64664,2,0.2976552,High-Usage / Handset-Gap,Device upgrade or contract-renewal incentive (heavy users on aging handsets)
67650,1,0.40709013,Low-Engagement / Passive,"Re-engagement campaign: usage incentives, feature education, win-back offer"
60634,2,0.30218774,High-Usage / Handset-Gap,Device upgrade or contract-renewal incentive (heavy users on aging handsets)
54406,1,0.25128385,Low-Engagement / Passive,"Re-engagement campaign: usage incentives, feature education, win-back offer"
52188,1,0.2297296,Low-Engagement / Passive,"Re-engagement campaign: usage incentives, feature education, win-back offer"
60083,1,0.44208142,Low-Engagement / Passive,"Re-engagement campaign: usage incentives, feature education, win-back offer"
65682,1,0.46069017,Low-Engagement / Passive,"Re-engagement campaign: usage incentives, feature education, win-back offer"
68826,1,0.22743668,Low-Engagement / Passive,"Re-engagement campaign: usage incentives, feature education, win-back offer"
54391,2,0.34116596,High-Usage / Handset-Gap,Device upgrade or contract-renewal incentive (heavy users on aging handsets)
57967,1,0.5833586,Low-Engagement / Passive,"Re-engagement campaign: usage incentives, feature education, win-back offer"
65911,1,0.17811398,Low-Engagement / Passive,"Re-engagement campaign: usage incentives, feature education, win-back offer"
64983,2,0.26455063,High-Usage / Handset-Gap,Device upgrade or contract-renewal incentive (heavy users on aging handsets)
70589,1,0.28502297,Low-Engagement / Passive,"Re-engagement campaign: usage incentives, feature education, win-back offer"
65804,2,0.14316985,High-Usage / Handset-Gap,Device upgrade or contract-renewal incentive (heavy users on aging handsets)
51926,2,0.433542,High-Usage / Handset-Gap,Device upgrade or contract-renewal incentive (heavy users on aging handsets)
56648,1,0.4591272,Low-Engagement / Passive,"Re-engagement campaign: usage incentives, feature education, win-back offer"
65888,2,0.17969567,High-Usage / Handset-Gap,Device upgrade or contract-renewal incentive (heavy users on aging handsets)
68393,1,0.27833092,Low-Engagement / Passive,"Re-engagement campaign: usage incentives, feature education, win-back offer"
70986,2,0.43842876,High-Usage / Handset-Gap,Device upgrade or contract-renewal incentive (heavy users on aging handsets)
65827,1,0.62157965,Low-Engagement / Passive,"Re-engagement campaign: usage incentives, feature education, win-back offer"
55625,1,0.2741605,Low-Engagement / Passive,"Re-engagement campaign: usage incentives, feature education, win-back offer"
59649,1,0.20663701,Low-Engagement / Passive,"Re-engagement campaign: usage incentives, feature education, win-back offer"
55206,2,0.40630016,High-Usage / Handset-Gap,Device upgrade or contract-renewal incentive (heavy users on aging handsets)
67077,1,0.51165867,Low-Engagement / Passive,"Re-engagement campaign: usage incentives, feature education, win-back offer"
63159,1,0.23475964,Low-Engagement / Passive,"Re-engagement campaign: usage incentives, feature education, win-back offer"
67288,2,0.42403996,High-Usage / Handset-Gap,Device upgrade or contract-renewal incentive (heavy users on aging handsets)
70004,1,0.22894208,Low-Engagement / Passive,"Re-engagement campaign: usage incentives, feature education, win-back offer"
53760,1,0.04127392,Low-Engagement / Passive,"Re-engagement campaign: usage incentives, feature education, win-back offer"
54821,0,0.6701798,At-Risk / Retention-Contact,Priority retention outreach + service recovery (already contacted us)
57833,1,0.29655346,Low-Engagement / Passive,"Re-engagement campaign: usage incentives, feature education, win-back offer"
59979,1,0.17037237,Low-Engagement / Passive,"Re-engagement campaign: usage incentives, feature education, win-back offer"
58791,1,0.4019084,Low-Engagement / Passive,"Re-engagement campaign: usage incentives, feature education, win-back offer"
56677,1,0.42325956,Low-Engagement / Passive,"Re-engagement campaign: usage incentives, feature education, win-back offer"
30770,2,0.23451696,High-Usage / Handset-Gap,Device upgrade or contract-renewal incentive (heavy users on aging handsets)
67242,1,0.3532987,Low-Engagement / Passive,"Re-engagement campaign: usage incentives, feature education, win-back offer"
66922,1,0.4928831,Low-Engagement / Passive,"Re-engagement campaign: usage incentives, feature education, win-back offer"
61796,1,0.44739854,Low-Engagement / Passive,"Re-engagement campaign: usage incentives, feature education, win-back offer"
58919,1,0.27831388,Low-Engagement / Passive,"Re-engagement campaign: usage incentives, feature education, win-back offer"
54658,0,0.38670665,At-Risk / Retention-Contact,Priority retention outreach + service recovery (already contacted us)
61844,1,0.3632741,Low-Engagement / Passive,"Re-engagement campaign: usage incentives, feature education, win-back offer"
53936,1,0.27223262,Low-Engagement / Passive,"Re-engagement campaign: usage incentives, feature education, win-back offer"
30934,2,0.35947815,High-Usage / Handset-Gap,Device upgrade or contract-renewal incentive (heavy users on aging handsets)
70913,2,0.21680476,High-Usage / Handset-Gap,Device upgrade or contract-renewal incentive (heavy users on aging handsets)
67564,1,0.2817418,Low-Engagement / Passive,"Re-engagement campaign: usage incentives, feature education, win-back offer"
52747,1,0.39655504,Low-Engagement / Passive,"Re-engagement campaign: usage incentives, feature education, win-back offer"
60217,0,0.2395435,At-Risk / Retention-Contact,Priority retention outreach + service recovery (already contacted us)
66438,2,0.3681796,High-Usage / Handset-Gap,Device upgrade or contract-renewal incentive (heavy users on aging handsets)
66381,2,0.14707868,High-Usage / Handset-Gap,Device upgrade or contract-renewal incentive (heavy users on aging handsets)
66112,1,0.1924679,Low-Engagement / Passive,"Re-engagement campaign: usage incentives, feature education, win-back offer"
57722,2,0.3411405,High-Usage / Handset-Gap,Device upgrade or contract-renewal incentive (heavy users on aging handsets)
63069,1,0.4458111,Low-Engagement / Passive,"Re-engagement campaign: usage incentives, feature education, win-back offer"
58210,1,0.6667596,Low-Engagement / Passive,"Re-engagement campaign: usage incentives, feature education, win-back offer"
64214,1,0.24240597,Low-Engagement / Passive,"Re-engagement campaign: usage incentives, feature education, win-back offer"
68172,1,0.45737875,Low-Engagement / Passive,"Re-engagement campaign: usage incentives, feature education, win-back offer"
51281,1,0.28705865,Low-Engagement / Passive,"Re-engagement campaign: usage incentives, feature education, win-back offer"
60066,2,0.21484922,High-Usage / Handset-Gap,Device upgrade or contract-renewal incentive (heavy users on aging handsets)
69308,1,0.4043953,Low-Engagement / Passive,"Re-engagement campaign: usage incentives, feature education, win-back offer"
53462,2,0.20802881,High-Usage / Handset-Gap,Device upgrade or contract-renewal incentive (heavy users on aging handsets)
64290,0,0.60077715,At-Risk / Retention-Contact,Priority retention outreach + service recovery (already contacted us)
65349,1,0.2620201,Low-Engagement / Passive,"Re-engagement campaign: usage incentives, feature education, win-back offer"
66826,1,0.120232455,Low-Engagement / Passive,"Re-engagement campaign: usage incentives, feature education, win-back offer"
51911,1,0.29910916,Low-Engagement / Passive,"Re-engagement campaign: usage incentives, feature education, win-back offer"
54916,2,0.2767098,High-Usage / Handset-Gap,Device upgrade or contract-renewal incentive (heavy users on aging handsets)
65489,2,0.39058682,High-Usage / Handset-Gap,Device upgrade or contract-renewal incentive (heavy users on aging handsets)
52223,1,0.31670177,Low-Engagement / Passive,"Re-engagement campaign: usage incentives, feature education, win-back offer"
59512,2,0.2927484,High-Usage / Handset-Gap,Device upgrade or contract-renewal incentive (heavy users on aging handsets)
55991,1,0.63066596,Low-Engagement / Passive,"Re-engagement campaign: usage incentives, feature education, win-back offer"
30471,2,0.5194528,High-Usage / Handset-Gap,Device upgrade or contract-renewal incentive (heavy users on aging handsets)
52412,1,0.23835813,Low-Engagement / Passive,"Re-engagement campaign: usage incentives, feature education, win-back offer"
55431,0,0.25992632,At-Risk / Retention-Contact,Priority retention outreach + service recovery (already contacted us)
56653,2,0.5179061,High-Usage / Handset-Gap,Device upgrade or contract-renewal incentive (heavy users on aging handsets)
61283,1,0.35004672,Low-Engagement / Passive,"Re-engagement campaign: usage incentives, feature education, win-back offer"
51113,2,0.52622,High-Usage / Handset-Gap,Device upgrade or contract-renewal incentive (heavy users on aging handsets)
67534,1,0.29584503,Low-Engagement / Passive,"Re-engagement campaign: usage incentives, feature education, win-back offer"
69561,1,0.42040852,Low-Engagement / Passive,"Re-engagement campaign: usage incentives, feature education, win-back offer"
55624,2,0.22631954,High-Usage / Handset-Gap,Device upgrade or contract-renewal incentive (heavy users on aging handsets)
56973,1,0.23399606,Low-Engagement / Passive,"Re-engagement campaign: usage incentives, feature education, win-back offer"
56911,1,0.29608464,Low-Engagement / Passive,"Re-engagement campaign: usage incentives, feature education, win-back offer"
60859,0,0.44683188,At-Risk / Retention-Contact,Priority retention outreach + service recovery (already contacted us)
61387,1,0.43088013,Low-Engagement / Passive,"Re-engagement campaign: usage incentives, feature education, win-back offer"
61873,1,0.29381758,Low-Engagement / Passive,"Re-engagement campaign: usage incentives, feature education, win-back offer"
56896,1,0.4503221,Low-Engagement / Passive,"Re-engagement campaign: usage incentives, feature education, win-back offer"
67278,2,0.4343865,High-Usage / Handset-Gap,Device upgrade or contract-renewal incentive (heavy users on aging handsets)
58492,1,0.13719665,Low-Engagement / Passive,"Re-engagement campaign: usage incentives, feature education, win-back offer"
65199,1,0.54859126,Low-Engagement / Passive,"Re-engagement campaign: usage incentives, feature education, win-back offer"
31006,1,0.20974958,Low-Engagement / Passive,"Re-engagement campaign: usage incentives, feature education, win-back offer"
68010,1,0.52364975,Low-Engagement / Passive,"Re-engagement campaign: usage incentives, feature education, win-back offer"
70674,2,0.20910132,High-Usage / Handset-Gap,Device upgrade or contract-renewal incentive (heavy users on aging handsets)
57565,1,0.19785357,Low-Engagement / Passive,"Re-engagement campaign: usage incentives, feature education, win-back offer"
63158,1,0.60883904,Low-Engagement / Passive,"Re-engagement campaign: usage incentives, feature education, win-back offer"
69737,1,0.28834575,Low-Engagement / Passive,"Re-engagement campaign: usage incentives, feature education, win-back offer"
70758,2,0.23897453,High-Usage / Handset-Gap,Device upgrade or contract-renewal incentive (heavy users on aging handsets)
65024,0,0.6279587,At-Risk / Retention-Contact,Priority retention outreach + service recovery (already contacted us)
30539,2,0.61942834,High-Usage / Handset-Gap,Device upgrade or contract-renewal incentive (heavy users on aging handsets)
66441,2,0.30586272,High-Usage / Handset-Gap,Device upgrade or contract-renewal incentive (heavy users on aging handsets)
70648,1,0.29119647,Low-Engagement / Passive,"Re-engagement campaign: usage incentives, feature education, win-back offer"
60619,2,0.2488826,High-Usage / Handset-Gap,Device upgrade or contract-renewal incentive (heavy users on aging handsets)
64507,1,0.25941372,Low-Engagement / Passive,"Re-engagement campaign: usage incentives, feature education, win-back offer"
53713,1,0.38787684,Low-Engagement / Passive,"Re-engagement campaign: usage incentives, feature education, win-back offer"
66783,2,0.28079668,High-Usage / Handset-Gap,Device upgrade or contract-renewal incentive (heavy users on aging handsets)
70580,1,0.2500152,Low-Engagement / Passive,"Re-engagement campaign: usage incentives, feature education, win-back offer"
64743,0,0.6834047,At-Risk / Retention-Contact,Priority retention outreach + service recovery (already contacted us)
63522,1,0.62519383,Low-Engagement / Passive,"Re-engagement campaign: usage incentives, feature education, win-back offer"
63019,1,0.5446496,Low-Engagement / Passive,"Re-engagement campaign: usage incentives, feature education, win-back offer"
56407,2,0.27894837,High-Usage / Handset-Gap,Device upgrade or contract-renewal incentive (heavy users on aging handsets)
56962,1,0.19308545,Low-Engagement / Passive,"Re-engagement campaign: usage incentives, feature education, win-back offer"
59239,1,0.28810075,Low-Engagement / Passive,"Re-engagement campaign: usage incentives, feature education, win-back offer"
67986,1,0.39867765,Low-Engagement / Passive,"Re-engagement campaign: usage incentives, feature education, win-back offer"
69098,0,0.6376238,At-Risk / Retention-Contact,Priority retention outreach + service recovery (already contacted us)
53688,2,0.37198997,High-Usage / Handset-Gap,Device upgrade or contract-renewal incentive (heavy users on aging handsets)
67331,1,0.5714773,Low-Engagement / Passive,"Re-engagement campaign: usage incentives, feature education, win-back offer"
51418,2,0.33609977,High-Usage / Handset-Gap,Device upgrade or contract-renewal incentive (heavy users on aging handsets)
70301,1,0.094811685,Low-Engagement / Passive,"Re-engagement campaign: usage incentives, feature education, win-back offer"
62287,2,0.50290275,High-Usage / Handset-Gap,Device upgrade or contract-renewal incentive (heavy users on aging handsets)
69030,1,0.32131174,Low-Engagement / Passive,"Re-engagement campaign: usage incentives, feature education, win-back offer"
60925,2,0.19195412,High-Usage / Handset-Gap,Device upgrade or contract-renewal incentive (heavy users on aging handsets)
68098,1,0.46637526,Low-Engagement / Passive,"Re-engagement campaign: usage incentives, feature education, win-back offer"
61849,2,0.42784828,High-Usage / Handset-Gap,Device upgrade or contract-renewal incentive (heavy users on aging handsets)
63885,2,0.30437776,High-Usage / Handset-Gap,Device upgrade or contract-renewal incentive (heavy users on aging handsets)
51333,2,0.68288225,High-Usage / Handset-Gap,Device upgrade or contract-renewal incentive (heavy users on aging handsets)
56519,1,0.39462826,Low-Engagement / Passive,"Re-engagement campaign: usage incentives, feature education, win-back offer"
65389,2,0.5011512,High-Usage / Handset-Gap,Device upgrade or contract-renewal incentive (heavy users on aging handsets)
67279,2,0.28346962,High-Usage / Handset-Gap,Device upgrade or contract-renewal incentive (heavy users on aging handsets)
70685,1,0.11488215,Low-Engagement / Passive,"Re-engagement campaign: usage incentives, feature education, win-back offer"
65124,2,0.23358674,High-Usage / Handset-Gap,Device upgrade or contract-renewal incentive (heavy users on aging handsets)
64511,1,0.08485069,Low-Engagement / Passive,"Re-engagement campaign: usage incentives, feature education, win-back offer"
59942,1,0.42770556,Low-Engagement / Passive,"Re-engagement campaign: usage incentives, feature education, win-back offer"
54589,2,0.30053777,High-Usage / Handset-Gap,Device upgrade or contract-renewal incentive (heavy users on aging handsets)
67422,2,0.3150383,High-Usage / Handset-Gap,Device upgrade or contract-renewal incentive (heavy users on aging handsets)
63519,1,0.2237055,Low-Engagement / Passive,"Re-engagement campaign: usage incentives, feature education, win-back offer"
67945,2,0.50021,High-Usage / Handset-Gap,Device upgrade or contract-renewal incentive (heavy users on aging handsets)
69659,2,0.21160282,High-Usage / Handset-Gap,Device upgrade or contract-renewal incentive (heavy users on aging handsets)
69549,2,0.52611727,High-Usage / Handset-Gap,Device upgrade or contract-renewal incentive (heavy users on aging handsets)
62096,1,0.1974773,Low-Engagement / Passive,"Re-engagement campaign: usage incentives, feature education, win-back offer"
30852,2,0.4342263,High-Usage / Handset-Gap,Device upgrade or contract-renewal incentive (heavy users on aging handsets)
65336,1,0.5984513,Low-Engagement / Passive,"Re-engagement campaign: usage incentives, feature education, win-back offer"
69527,2,0.7575115,High-Usage / Handset-Gap,Device upgrade or contract-renewal incentive (heavy users on aging handsets)
62906,1,0.4801802,Low-Engagement / Passive,"Re-engagement campaign: usage incentives, feature education, win-back offer"
63421,1,0.38550365,Low-Engagement / Passive,"Re-engagement campaign: usage incentives, feature education, win-back offer"
30728,1,0.35371163,Low-Engagement / Passive,"Re-engagement campaign: usage incentives, feature education, win-back offer"
70458,2,0.16632615,High-Usage / Handset-Gap,Device upgrade or contract-renewal incentive (heavy users on aging handsets)
61113,1,0.44749203,Low-Engagement / Passive,"Re-engagement campaign: usage incentives, feature education, win-back offer"
63643,1,0.27095824,Low-Engagement / Passive,"Re-engagement campaign: usage incentives, feature education, win-back offer"
69357,2,0.3862703,High-Usage / Handset-Gap,Device upgrade or contract-renewal incentive (heavy users on aging handsets)
57973,1,0.33028618,Low-Engagement / Passive,"Re-engagement campaign: usage incentives, feature education, win-back offer"
60697,2,0.38725036,High-Usage / Handset-Gap,Device upgrade or contract-renewal incentive (heavy users on aging handsets)
63694,1,0.35133716,Low-Engagement / Passive,"Re-engagement campaign: usage incentives, feature education, win-back offer"
65974,2,0.29963127,High-Usage / Handset-Gap,Device upgrade or contract-renewal incentive (heavy users on aging handsets)
63465,2,0.1819106,High-Usage / Handset-Gap,Device upgrade or contract-renewal incentive (heavy users on aging handsets)
68027,1,0.6532298,Low-Engagement / Passive,"Re-engagement campaign: usage incentives, feature education, win-back offer"
62855,1,0.41378725,Low-Engagement / Passive,"Re-engagement campaign: usage incentives, feature education, win-back offer"
62451,1,0.5574272,Low-Engagement / Passive,"Re-engagement campaign: usage incentives, feature education, win-back offer"
52195,0,0.39947122,At-Risk / Retention-Contact,Priority retention outreach + service recovery (already contacted us)
65197,1,0.28014055,Low-Engagement / Passive,"Re-engagement campaign: usage incentives, feature education, win-back offer"
66120,0,0.7633009,At-Risk / Retention-Contact,Priority retention outreach + service recovery (already contacted us)
63331,2,0.6048874,High-Usage / Handset-Gap,Device upgrade or contract-renewal incentive (heavy users on aging handsets)
67208,1,0.29835173,Low-Engagement / Passive,"Re-engagement campaign: usage incentives, feature education, win-back offer"
57449,2,0.28273508,High-Usage / Handset-Gap,Device upgrade or contract-renewal incentive (heavy users on aging handsets)
57080,2,0.36459526,High-Usage / Handset-Gap,Device upgrade or contract-renewal incentive (heavy users on aging handsets)
68955,2,0.15833266,High-Usage / Handset-Gap,Device upgrade or contract-renewal incentive (heavy users on aging handsets)
65497,2,0.46243104,High-Usage / Handset-Gap,Device upgrade or contract-renewal incentive (heavy users on aging handsets)
58034,2,0.359213,High-Usage / Handset-Gap,Device upgrade or contract-renewal incentive (heavy users on aging handsets)
51853,1,0.2977207,Low-Engagement / Passive,"Re-engagement campaign: usage incentives, feature education, win-back offer"
53489,0,0.5691076,At-Risk / Retention-Contact,Priority retention outreach + service recovery (already contacted us)
70318,1,0.25395614,Low-Engagement / Passive,"Re-engagement campaign: usage incentives, feature education, win-back offer"
66277,1,0.32029337,Low-Engagement / Passive,"Re-engagement campaign: usage incentives, feature education, win-back offer"
64117,1,0.31972465,Low-Engagement / Passive,"Re-engagement campaign: usage incentives, feature education, win-back offer"
52487,2,0.48319453,High-Usage / Handset-Gap,Device upgrade or contract-renewal incentive (heavy users on aging handsets)
52068,1,0.51227826,Low-Engagement / Passive,"Re-engagement campaign: usage incentives, feature education, win-back offer"
59877,1,0.4183347,Low-Engagement / Passive,"Re-engagement campaign: usage incentives, feature education, win-back offer"
58008,1,0.51327014,Low-Engagement / Passive,"Re-engagement campaign: usage incentives, feature education, win-back offer"
52866,2,0.47457045,High-Usage / Handset-Gap,Device upgrade or contract-renewal incentive (heavy users on aging handsets)
30748,1,0.33799782,Low-Engagement / Passive,"Re-engagement campaign: usage incentives, feature education, win-back offer"
54770,2,0.47591257,High-Usage / Handset-Gap,Device upgrade or contract-renewal incentive (heavy users on aging handsets)
63923,1,0.18687151,Low-Engagement / Passive,"Re-engagement campaign: usage incentives, feature education, win-back offer"
64459,2,0.3937117,High-Usage / Handset-Gap,Device upgrade or contract-renewal incentive (heavy users on aging handsets)
62148,2,0.41068423,High-Usage / Handset-Gap,Device upgrade or contract-renewal incentive (heavy users on aging handsets)
52961,1,0.28223798,Low-Engagement / Passive,"Re-engagement campaign: usage incentives, feature education, win-back offer"
52524,2,0.30649808,High-Usage / Handset-Gap,Device upgrade or contract-renewal incentive (heavy users on aging handsets)
60825,1,0.3890629,Low-Engagement / Passive,"Re-engagement campaign: usage incentives, feature education, win-back offer"
51223,1,0.093596414,Low-Engagement / Passive,"Re-engagement campaign: usage incentives, feature education, win-back offer"
51602,2,0.363556,High-Usage / Handset-Gap,Device upgrade or contract-renewal incentive (heavy users on aging handsets)
70373,1,0.10825272,Low-Engagement / Passive,"Re-engagement campaign: usage incentives, feature education, win-back offer"
62909,2,0.42249015,High-Usage / Handset-Gap,Device upgrade or contract-renewal incentive (heavy users on aging handsets)
54508,1,0.27634522,Low-Engagement / Passive,"Re-engagement campaign: usage incentives, feature education, win-back offer"
53893,2,0.36140788,High-Usage / Handset-Gap,Device upgrade or contract-renewal incentive (heavy users on aging handsets)
54374,0,0.3738095,At-Risk / Retention-Contact,Priority retention outreach + service recovery (already contacted us)
59503,1,0.27815935,Low-Engagement / Passive,"Re-engagement campaign: usage incentives, feature education, win-back offer"
58855,1,0.27613553,Low-Engagement / Passive,"Re-engagement campaign: usage incentives, feature education, win-back offer"
69283,1,0.51206833,Low-Engagement / Passive,"Re-engagement campaign: usage incentives, feature education, win-back offer"
52259,2,0.2289006,High-Usage / Handset-Gap,Device upgrade or contract-renewal incentive (heavy users on aging handsets)
60178,1,0.5199723,Low-Engagement / Passive,"Re-engagement campaign: usage incentives, feature education, win-back offer"
65363,1,0.31012142,Low-Engagement / Passive,"Re-engagement campaign: usage incentives, feature education, win-back offer"
64123,1,0.19301689,Low-Engagement / Passive,"Re-engagement campaign: usage incentives, feature education, win-back offer"
57115,2,0.231266,High-Usage / Handset-Gap,Device upgrade or contract-renewal incentive (heavy users on aging handsets)
51501,1,0.37056077,Low-Engagement / Passive,"Re-engagement campaign: usage incentives, feature education, win-back offer"
60398,2,0.42383525,High-Usage / Handset-Gap,Device upgrade or contract-renewal incentive (heavy users on aging handsets)
60244,1,0.29366243,Low-Engagement / Passive,"Re-engagement campaign: usage incentives, feature education, win-back offer"
59141,1,0.34634966,Low-Engagement / Passive,"Re-engagement campaign: usage incentives, feature education, win-back offer"
52490,2,0.20068483,High-Usage / Handset-Gap,Device upgrade or contract-renewal incentive (heavy users on aging handsets)
52290,1,0.24237625,Low-Engagement / Passive,"Re-engagement campaign: usage incentives, feature education, win-back offer"
67440,1,0.2648311,Low-Engagement / Passive,"Re-engagement campaign: usage incentives, feature education, win-back offer"
62672,1,0.35552752,Low-Engagement / Passive,"Re-engagement campaign: usage incentives, feature education, win-back offer"
61834,1,0.35349628,Low-Engagement / Passive,"Re-engagement campaign: usage incentives, feature education, win-back offer"
56566,1,0.39408493,Low-Engagement / Passive,"Re-engagement campaign: usage incentives, feature education, win-back offer"
30537,1,0.30551395,Low-Engagement / Passive,"Re-engagement campaign: usage incentives, feature education, win-back offer"
68738,1,0.11794519,Low-Engagement / Passive,"Re-engagement campaign: usage incentives, feature education, win-back offer"
67777,1,0.2624161,Low-Engagement / Passive,"Re-engagement campaign: usage incentives, feature education, win-back offer"
54510,0,0.52000725,At-Risk / Retention-Contact,Priority retention outreach + service recovery (already contacted us)
55864,2,0.43058646,High-Usage / Handset-Gap,Device upgrade or contract-renewal incentive (heavy users on aging handsets)
59229,2,0.36546388,High-Usage / Handset-Gap,Device upgrade or contract-renewal incentive (heavy users on aging handsets)
62716,1,0.21089876,Low-Engagement / Passive,"Re-engagement campaign: usage incentives, feature education, win-back offer"
57698,1,0.38492227,Low-Engagement / Passive,"Re-engagement campaign: usage incentives, feature education, win-back offer"
59882,2,0.32670203,High-Usage / Handset-Gap,Device upgrade or contract-renewal incentive (heavy users on aging handsets)
58982,1,0.52914715,Low-Engagement / Passive,"Re-engagement campaign: usage incentives, feature education, win-back offer"
58745,1,0.39875337,Low-Engagement / Passive,"Re-engagement campaign: usage incentives, feature education, win-back offer"
51248,2,0.3415545,High-Usage / Handset-Gap,Device upgrade or contract-renewal incentive (heavy users on aging handsets)
53486,2,0.2928803,High-Usage / Handset-Gap,Device upgrade or contract-renewal incentive (heavy users on aging handsets)
52289,1,0.36588225,Low-Engagement / Passive,"Re-engagement campaign: usage incentives, feature education, win-back offer"
64002,1,0.38895428,Low-Engagement / Passive,"Re-engagement campaign: usage incentives, feature education, win-back offer"
53039,1,0.22160985,Low-Engagement / Passive,"Re-engagement campaign: usage incentives, feature education, win-back offer"
51745,2,0.14325136,High-Usage / Handset-Gap,Device upgrade or contract-renewal incentive (heavy users on aging handsets)
52878,0,0.26622188,At-Risk / Retention-Contact,Priority retention outreach + service recovery (already contacted us)
63953,1,0.41293135,Low-Engagement / Passive,"Re-engagement campaign: usage incentives, feature education, win-back offer"
64773,2,0.4303425,High-Usage / Handset-Gap,Device upgrade or contract-renewal incentive (heavy users on aging handsets)
68478,1,0.53585315,Low-Engagement / Passive,"Re-engagement campaign: usage incentives, feature education, win-back offer"
67722,2,0.4863551,High-Usage / Handset-Gap,Device upgrade or contract-renewal incentive (heavy users on aging handsets)
56131,2,0.48550266,High-Usage / Handset-Gap,Device upgrade or contract-renewal incentive (heavy users on aging handsets)
51913,2,0.5696796,High-Usage / Handset-Gap,Device upgrade or contract-renewal incentive (heavy users on aging handsets)
52196,0,0.48838806,At-Risk / Retention-Contact,Priority retention outreach + service recovery (already contacted us)
54728,1,0.43435088,Low-Engagement / Passive,"Re-engagement campaign: usage incentives, feature education, win-back offer"
57026,2,0.7343138,High-Usage / Handset-Gap,Device upgrade or contract-renewal incentive (heavy users on aging handsets)
62866,1,0.5135951,Low-Engagement / Passive,"Re-engagement campaign: usage incentives, feature education, win-back offer"
67662,1,0.1927554,Low-Engagement / Passive,"Re-engagement campaign: usage incentives, feature education, win-back offer"
66684,2,0.45484608,High-Usage / Handset-Gap,Device upgrade or contract-renewal incentive (heavy users on aging handsets)
52173,2,0.6249868,High-Usage / Handset-Gap,Device upgrade or contract-renewal incentive (heavy users on aging handsets)
59208,1,0.07314738,Low-Engagement / Passive,"Re-engagement campaign: usage incentives, feature education, win-back offer"
62365,1,0.34230372,Low-Engagement / Passive,"Re-engagement campaign: usage incentives, feature education, win-back offer"
56189,1,0.25486127,Low-Engagement / Passive,"Re-engagement campaign: usage incentives, feature education, win-back offer"
53956,2,0.40422103,High-Usage / Handset-Gap,Device upgrade or contract-renewal incentive (heavy users on aging handsets)
60889,0,0.68763727,At-Risk / Retention-Contact,Priority retention outreach + service recovery (already contacted us)
68400,2,0.28238583,High-Usage / Handset-Gap,Device upgrade or contract-renewal incentive (heavy users on aging handsets)
55185,1,0.441824,Low-Engagement / Passive,"Re-engagement campaign: usage incentives, feature education, win-back offer"
61321,1,0.3346918,Low-Engagement / Passive,"Re-engagement campaign: usage incentives, feature education, win-back offer"
57145,1,0.5057572,Low-Engagement / Passive,"Re-engagement campaign: usage incentives, feature education, win-back offer"
67805,2,0.3667625,High-Usage / Handset-Gap,Device upgrade or contract-renewal incentive (heavy users on aging handsets)
65068,1,0.35893846,Low-Engagement / Passive,"Re-engagement campaign: usage incentives, feature education, win-back offer"
67996,2,0.56736284,High-Usage / Handset-Gap,Device upgrade or contract-renewal incentive (heavy users on aging handsets)
30744,2,0.18519624,High-Usage / Handset-Gap,Device upgrade or contract-renewal incentive (heavy users on aging handsets)
68937,1,0.18175285,Low-Engagement / Passive,"Re-engagement campaign: usage incentives, feature education, win-back offer"
68003,1,0.43165278,Low-Engagement / Passive,"Re-engagement campaign: usage incentives, feature education, win-back offer"
65142,2,0.3144824,High-Usage / Handset-Gap,Device upgrade or contract-renewal incentive (heavy users on aging handsets)
63385,1,0.26833028,Low-Engagement / Passive,"Re-engagement campaign: usage incentives, feature education, win-back offer"
62466,2,0.56937253,High-Usage / Handset-Gap,Device upgrade or contract-renewal incentive (heavy users on aging handsets)
58222,1,0.25902855,Low-Engagement / Passive,"Re-engagement campaign: usage incentives, feature education, win-back offer"
61426,0,0.4123328,At-Risk / Retention-Contact,Priority retention outreach + service recovery (already contacted us)
60952,1,0.29851803,Low-Engagement / Passive,"Re-engagement campaign: usage incentives, feature education, win-back offer"
69087,2,0.61851025,High-Usage / Handset-Gap,Device upgrade or contract-renewal incentive (heavy users on aging handsets)
55776,2,0.23232909,High-Usage / Handset-Gap,Device upgrade or contract-renewal incentive (heavy users on aging handsets)
69885,2,0.15620491,High-Usage / Handset-Gap,Device upgrade or contract-renewal incentive (heavy users on aging handsets)
61401,2,0.29966426,High-Usage / Handset-Gap,Device upgrade or contract-renewal incentive (heavy users on aging handsets)
67426,0,0.6282157,At-Risk / Retention-Contact,Priority retention outreach + service recovery (already contacted us)
58164,1,0.28429782,Low-Engagement / Passive,"Re-engagement campaign: usage incentives, feature education, win-back offer"
60766,1,0.33556747,Low-Engagement / Passive,"Re-engagement campaign: usage incentives, feature education, win-back offer"
54159,2,0.40273425,High-Usage / Handset-Gap,Device upgrade or contract-renewal incentive (heavy users on aging handsets)
58869,0,0.7733557,At-Risk / Retention-Contact,Priority retention outreach + service recovery (already contacted us)
62607,1,0.5343941,Low-Engagement / Passive,"Re-engagement campaign: usage incentives, feature education, win-back offer"
53724,2,0.40299404,High-Usage / Handset-Gap,Device upgrade or contract-renewal incentive (heavy users on aging handsets)
56801,2,0.27948493,High-Usage / Handset-Gap,Device upgrade or contract-renewal incentive (heavy users on aging handsets)
63533,1,0.4454255,Low-Engagement / Passive,"Re-engagement campaign: usage incentives, feature education, win-back offer"
65391,2,0.56201357,High-Usage / Handset-Gap,Device upgrade or contract-renewal incentive (heavy users on aging handsets)
63541,2,0.28097865,High-Usage / Handset-Gap,Device upgrade or contract-renewal incentive (heavy users on aging handsets)
65991,1,0.32859868,Low-Engagement / Passive,"Re-engagement campaign: usage incentives, feature education, win-back offer"
53071,1,0.3953641,Low-Engagement / Passive,"Re-engagement campaign: usage incentives, feature education, win-back offer"
53108,2,0.41042402,High-Usage / Handset-Gap,Device upgrade or contract-renewal incentive (heavy users on aging handsets)
62851,1,0.41525757,Low-Engagement / Passive,"Re-engagement campaign: usage incentives, feature education, win-back offer"
51783,2,0.2148473,High-Usage / Handset-Gap,Device upgrade or contract-renewal incentive (heavy users on aging handsets)
30493,2,0.3700399,High-Usage / Handset-Gap,Device upgrade or contract-renewal incentive (heavy users on aging handsets)
51080,2,0.12407827,High-Usage / Handset-Gap,Device upgrade or contract-renewal incentive (heavy users on aging handsets)
53092,2,0.3994986,High-Usage / Handset-Gap,Device upgrade or contract-renewal incentive (heavy users on aging handsets)
53744,0,0.278483,At-Risk / Retention-Contact,Priority retention outreach + service recovery (already contacted us)
66586,2,0.056697473,High-Usage / Handset-Gap,Device upgrade or contract-renewal incentive (heavy users on aging handsets)
58781,0,0.17652279,At-Risk / Retention-Contact,Priority retention outreach + service recovery (already contacted us)
57220,2,0.26439756,High-Usage / Handset-Gap,Device upgrade or contract-renewal incentive (heavy users on aging handsets)
58299,2,0.24947195,High-Usage / Handset-Gap,Device upgrade or contract-renewal incentive (heavy users on aging handsets)
70907,1,0.14511275,Low-Engagement / Passive,"Re-engagement campaign: usage incentives, feature education, win-back offer"
65209,1,0.26253846,Low-Engagement / Passive,"Re-engagement campaign: usage incentives, feature education, win-back offer"
52698,2,0.3733694,High-Usage / Handset-Gap,Device upgrade or contract-renewal incentive (heavy users on aging handsets)
57717,1,0.21483026,Low-Engagement / Passive,"Re-engagement campaign: usage incentives, feature education, win-back offer"
63869,2,0.19001937,High-Usage / Handset-Gap,Device upgrade or contract-renewal incentive (heavy users on aging handsets)
65201,1,0.5696023,Low-Engagement / Passive,"Re-engagement campaign: usage incentives, feature education, win-back offer"
66786,2,0.72021,High-Usage / Handset-Gap,Device upgrade or contract-renewal incentive (heavy users on aging handsets)
58166,2,0.36125648,High-Usage / Handset-Gap,Device upgrade or contract-renewal incentive (heavy users on aging handsets)
65733,2,0.34908244,High-Usage / Handset-Gap,Device upgrade or contract-renewal incentive (heavy users on aging handsets)
56707,2,0.34788868,High-Usage / Handset-Gap,Device upgrade or contract-renewal incentive (heavy users on aging handsets)
69552,1,0.47859728,Low-Engagement / Passive,"Re-engagement campaign: usage incentives, feature education, win-back offer"
53859,2,0.2732501,High-Usage / Handset-Gap,Device upgrade or contract-renewal incentive (heavy users on aging handsets)
57862,1,0.2681588,Low-Engagement / Passive,"Re-engagement campaign: usage incentives, feature education, win-back offer"
66616,1,0.29170805,Low-Engagement / Passive,"Re-engagement campaign: usage incentives, feature education, win-back offer"
52717,1,0.45696723,Low-Engagement / Passive,"Re-engagement campaign: usage incentives, feature education, win-back offer"
58707,2,0.45199832,High-Usage / Handset-Gap,Device upgrade or contract-renewal incentive (heavy users on aging handsets)
63865,1,0.48248625,Low-Engagement / Passive,"Re-engagement campaign: usage incentives, feature education, win-back offer"
56309,1,0.35495377,Low-Engagement / Passive,"Re-engagement campaign: usage incentives, feature education, win-back offer"
69672,1,0.6637919,Low-Engagement / Passive,"Re-engagement campaign: usage incentives, feature education, win-back offer"
66532,2,0.51279837,High-Usage / Handset-Gap,Device upgrade or contract-renewal incentive (heavy users on aging handsets)
56714,1,0.29754913,Low-Engagement / Passive,"Re-engagement campaign: usage incentives, feature education, win-back offer"
30698,2,0.32632315,High-Usage / Handset-Gap,Device upgrade or contract-renewal incentive (heavy users on aging handsets)
59836,2,0.36355928,High-Usage / Handset-Gap,Device upgrade or contract-renewal incentive (heavy users on aging handsets)
63242,1,0.3949338,Low-Engagement / Passive,"Re-engagement campaign: usage incentives, feature education, win-back offer"
53939,2,0.24042729,High-Usage / Handset-Gap,Device upgrade or contract-renewal incentive (heavy users on aging handsets)
56132,1,0.3088254,Low-Engagement / Passive,"Re-engagement campaign: usage incentives, feature education, win-back offer"
58743,1,0.3265927,Low-Engagement / Passive,"Re-engagement campaign: usage incentives, feature education, win-back offer"
70201,1,0.27167588,Low-Engagement / Passive,"Re-engagement campaign: usage incentives, feature education, win-back offer"
30480,2,0.29206696,High-Usage / Handset-Gap,Device upgrade or contract-renewal incentive (heavy users on aging handsets)
69764,2,0.380497,High-Usage / Handset-Gap,Device upgrade or contract-renewal incentive (heavy users on aging handsets)
54875,2,0.33241156,High-Usage / Handset-Gap,Device upgrade or contract-renewal incentive (heavy users on aging handsets)
63192,2,0.48234951,High-Usage / Handset-Gap,Device upgrade or contract-renewal incentive (heavy users on aging handsets)
68626,1,0.19559236,Low-Engagement / Passive,"Re-engagement campaign: usage incentives, feature education, win-back offer"
56490,1,0.2840084,Low-Engagement / Passive,"Re-engagement campaign: usage incentives, feature education, win-back offer"
61890,1,0.5349987,Low-Engagement / Passive,"Re-engagement campaign: usage incentives, feature education, win-back offer"
51186,2,0.35701862,High-Usage / Handset-Gap,Device upgrade or contract-renewal incentive (heavy users on aging handsets)
55012,0,0.29443684,At-Risk / Retention-Contact,Priority retention outreach + service recovery (already contacted us)
64998,2,0.57296246,High-Usage / Handset-Gap,Device upgrade or contract-renewal incentive (heavy users on aging handsets)
58821,1,0.48568088,Low-Engagement / Passive,"Re-engagement campaign: usage incentives, feature education, win-back offer"
65923,1,0.26227176,Low-Engagement / Passive,"Re-engagement campaign: usage incentives, feature education, win-back offer"
54756,2,0.4449649,High-Usage / Handset-Gap,Device upgrade or contract-renewal incentive (heavy users on aging handsets)
51819,2,0.3809472,High-Usage / Handset-Gap,Device upgrade or contract-renewal incentive (heavy users on aging handsets)
52952,2,0.63284755,High-Usage / Handset-Gap,Device upgrade or contract-renewal incentive (heavy users on aging handsets)
59238,1,0.7430732,Low-Engagement / Passive,"Re-engagement campaign: usage incentives, feature education, win-back offer"
54648,1,0.22534001,Low-Engagement / Passive,"Re-engagement campaign: usage incentives, feature education, win-back offer"
68248,1,0.38061872,Low-Engagement / Passive,"Re-engagement campaign: usage incentives, feature education, win-back offer"
55021,2,0.55588794,High-Usage / Handset-Gap,Device upgrade or contract-renewal incentive (heavy users on aging handsets)
57896,2,0.32002872,High-Usage / Handset-Gap,Device upgrade or contract-renewal incentive (heavy users on aging handsets)
69546,1,0.4687889,Low-Engagement / Passive,"Re-engagement campaign: usage incentives, feature education, win-back offer"
53031,1,0.38092035,Low-Engagement / Passive,"Re-engagement campaign: usage incentives, feature education, win-back offer"
51930,1,0.38215286,Low-Engagement / Passive,"Re-engagement campaign: usage incentives, feature education, win-back offer"
53862,1,0.32893804,Low-Engagement / Passive,"Re-engagement campaign: usage incentives, feature education, win-back offer"
65151,1,0.26094648,Low-Engagement / Passive,"Re-engagement campaign: usage incentives, feature education, win-back offer"
54231,1,0.25179973,Low-Engagement / Passive,"Re-engagement campaign: usage incentives, feature education, win-back offer"
55423,1,0.41012603,Low-Engagement / Passive,"Re-engagement campaign: usage incentives, feature education, win-back offer"
68008,2,0.42264163,High-Usage / Handset-Gap,Device upgrade or contract-renewal incentive (heavy users on aging handsets)
57774,2,0.29837072,High-Usage / Handset-Gap,Device upgrade or contract-renewal incentive (heavy users on aging handsets)
54515,1,0.40360278,Low-Engagement / Passive,"Re-engagement campaign: usage incentives, feature education, win-back offer"
66074,1,0.17610407,Low-Engagement / Passive,"Re-engagement campaign: usage incentives, feature education, win-back offer"
62443,1,0.37285545,Low-Engagement / Passive,"Re-engagement campaign: usage incentives, feature education, win-back offer"
54662,2,0.4528241,High-Usage / Handset-Gap,Device upgrade or contract-renewal incentive (heavy users on aging handsets)
53142,2,0.23851265,High-Usage / Handset-Gap,Device upgrade or contract-renewal incentive (heavy users on aging handsets)
69608,0,0.6739935,At-Risk / Retention-Contact,Priority retention outreach + service recovery (already contacted us)
70115,1,0.06598953,Low-Engagement / Passive,"Re-engagement campaign: usage incentives, feature education, win-back offer"
52386,1,0.38415098,Low-Engagement / Passive,"Re-engagement campaign: usage incentives, feature education, win-back offer"
65172,2,0.31972408,High-Usage / Handset-Gap,Device upgrade or contract-renewal incentive (heavy users on aging handsets)
60450,1,0.31265116,Low-Engagement / Passive,"Re-engagement campaign: usage incentives, feature education, win-back offer"
66880,1,0.49266234,Low-Engagement / Passive,"Re-engagement campaign: usage incentives, feature education, win-back offer"
69973,1,0.04936805,Low-Engagement / Passive,"Re-engagement campaign: usage incentives, feature education, win-back offer"
54480,1,0.15597507,Low-Engagement / Passive,"Re-engagement campaign: usage incentives, feature education, win-back offer"
67846,1,0.33181596,Low-Engagement / Passive,"Re-engagement campaign: usage incentives, feature education, win-back offer"
70374,1,0.3611915,Low-Engagement / Passive,"Re-engagement campaign: usage incentives, feature education, win-back offer"
65642,1,0.5021833,Low-Engagement / Passive,"Re-engagement campaign: usage incentives, feature education, win-back offer"
56265,1,0.3121861,Low-Engagement / Passive,"Re-engagement campaign: usage incentives, feature education, win-back offer"
66475,1,0.63282466,Low-Engagement / Passive,"Re-engagement campaign: usage incentives, feature education, win-back offer"
66327,1,0.41406494,Low-Engagement / Passive,"Re-engagement campaign: usage incentives, feature education, win-back offer"
69657,1,0.19871905,Low-Engagement / Passive,"Re-engagement campaign: usage incentives, feature education, win-back offer"
68711,1,0.45062584,Low-Engagement / Passive,"Re-engagement campaign: usage incentives, feature education, win-back offer"
56796,1,0.37776396,Low-Engagement / Passive,"Re-engagement campaign: usage incentives, feature education, win-back offer"
70303,1,0.23100972,Low-Engagement / Passive,"Re-engagement campaign: usage incentives, feature education, win-back offer"
30965,1,0.46546683,Low-Engagement / Passive,"Re-engagement campaign: usage incentives, feature education, win-back offer"
62578,2,0.8379348,High-Usage / Handset-Gap,Device upgrade or contract-renewal incentive (heavy users on aging handsets)
64080,1,0.33319372,Low-Engagement / Passive,"Re-engagement campaign: usage incentives, feature education, win-back offer"
68899,1,0.07134961,Low-Engagement / Passive,"Re-engagement campaign: usage incentives, feature education, win-back offer"
57773,2,0.29889902,High-Usage / Handset-Gap,Device upgrade or contract-renewal incentive (heavy users on aging handsets)
67745,2,0.6943135,High-Usage / Handset-Gap,Device upgrade or contract-renewal incentive (heavy users on aging handsets)
53116,1,0.679682,Low-Engagement / Passive,"Re-engagement campaign: usage incentives, feature education, win-back offer"
58378,1,0.1458761,Low-Engagement / Passive,"Re-engagement campaign: usage incentives, feature education, win-back offer"
56819,1,0.43839675,Low-Engagement / Passive,"Re-engagement campaign: usage incentives, feature education, win-back offer"
67695,1,0.25244543,Low-Engagement / Passive,"Re-engagement campaign: usage incentives, feature education, win-back offer"
63315,1,0.5471499,Low-Engagement / Passive,"Re-engagement campaign: usage incentives, feature education, win-back offer"
64523,2,0.31067196,High-Usage / Handset-Gap,Device upgrade or contract-renewal incentive (heavy users on aging handsets)
52214,2,0.4804871,High-Usage / Handset-Gap,Device upgrade or contract-renewal incentive (heavy users on aging handsets)
51562,2,0.80803895,High-Usage / Handset-Gap,Device upgrade or contract-renewal incentive (heavy users on aging handsets)
57586,2,0.34360534,High-Usage / Handset-Gap,Device upgrade or contract-renewal incentive (heavy users on aging handsets)
55586,1,0.20896481,Low-Engagement / Passive,"Re-engagement campaign: usage incentives, feature education, win-back offer"
53886,0,0.5962708,At-Risk / Retention-Contact,Priority retention outreach + service recovery (already contacted us)
57358,2,0.14740486,High-Usage / Handset-Gap,Device upgrade or contract-renewal incentive (heavy users on aging handsets)
53548,2,0.46855775,High-Usage / Handset-Gap,Device upgrade or contract-renewal incentive (heavy users on aging handsets)
67227,1,0.105734155,Low-Engagement / Passive,"Re-engagement campaign: usage incentives, feature education, win-back offer"
53407,1,0.41910318,Low-Engagement / Passive,"Re-engagement campaign: usage incentives, feature education, win-back offer"
51100,1,0.26438853,Low-Engagement / Passive,"Re-engagement campaign: usage incentives, feature education, win-back offer"
52094,1,0.15810312,Low-Engagement / Passive,"Re-engagement campaign: usage incentives, feature education, win-back offer"
68359,1,0.55556256,Low-Engagement / Passive,"Re-engagement campaign: usage incentives, feature education, win-back offer"
57518,2,0.21441996,High-Usage / Handset-Gap,Device upgrade or contract-renewal incentive (heavy users on aging handsets)
53228,2,0.46490577,High-Usage / Handset-Gap,Device upgrade or contract-renewal incentive (heavy users on aging handsets)
30693,1,0.39745918,Low-Engagement / Passive,"Re-engagement campaign: usage incentives, feature education, win-back offer"
59690,2,0.28359702,High-Usage / Handset-Gap,Device upgrade or contract-renewal incentive (heavy users on aging handsets)
59552,2,0.30719525,High-Usage / Handset-Gap,Device upgrade or contract-renewal incentive (heavy users on aging handsets)
59899,1,0.17108414,Low-Engagement / Passive,"Re-engagement campaign: usage incentives, feature education, win-back offer"
58241,1,0.26558444,Low-Engagement / Passive,"Re-engagement campaign: usage incentives, feature education, win-back offer"
51712,2,0.4681197,High-Usage / Handset-Gap,Device upgrade or contract-renewal incentive (heavy users on aging handsets)
63176,0,0.48104295,At-Risk / Retention-Contact,Priority retention outreach + service recovery (already contacted us)
52571,1,0.26357242,Low-Engagement / Passive,"Re-engagement campaign: usage incentives, feature education, win-back offer"
30611,1,0.37998182,Low-Engagement / Passive,"Re-engagement campaign: usage incentives, feature education, win-back offer"
67998,2,0.19087079,High-Usage / Handset-Gap,Device upgrade or contract-renewal incentive (heavy users on aging handsets)
64912,2,0.23198512,High-Usage / Handset-Gap,Device upgrade or contract-renewal incentive (heavy users on aging handsets)
60932,2,0.1927927,High-Usage / Handset-Gap,Device upgrade or contract-renewal incentive (heavy users on aging handsets)
54473,1,0.37168986,Low-Engagement / Passive,"Re-engagement campaign: usage incentives, feature education, win-back offer"
69835,1,0.21074688,Low-Engagement / Passive,"Re-engagement campaign: usage incentives, feature education, win-back offer"
63091,1,0.32493958,Low-Engagement / Passive,"Re-engagement campaign: usage incentives, feature education, win-back offer"
56894,2,0.43704802,High-Usage / Handset-Gap,Device upgrade or contract-renewal incentive (heavy users on aging handsets)
60793,1,0.09058316,Low-Engagement / Passive,"Re-engagement campaign: usage incentives, feature education, win-back offer"
63175,1,0.37946147,Low-Engagement / Passive,"Re-engagement campaign: usage incentives, feature education, win-back offer"
65851,2,0.5545695,High-Usage / Handset-Gap,Device upgrade or contract-renewal incentive (heavy users on aging handsets)
70319,1,0.19173555,Low-Engagement / Passive,"Re-engagement campaign: usage incentives, feature education, win-back offer"
51683,1,0.21692002,Low-Engagement / Passive,"Re-engagement campaign: usage incentives, feature education, win-back offer"
67064,1,0.38900948,Low-Engagement / Passive,"Re-engagement campaign: usage incentives, feature education, win-back offer"
54330,2,0.21566398,High-Usage / Handset-Gap,Device upgrade or contract-renewal incentive (heavy users on aging handsets)
53193,2,0.44157186,High-Usage / Handset-Gap,Device upgrade or contract-renewal incentive (heavy users on aging handsets)
56473,2,0.36659762,High-Usage / Handset-Gap,Device upgrade or contract-renewal incentive (heavy users on aging handsets)
51229,2,0.22229123,High-Usage / Handset-Gap,Device upgrade or contract-renewal incentive (heavy users on aging handsets)
63174,1,0.46481162,Low-Engagement / Passive,"Re-engagement campaign: usage incentives, feature education, win-back offer"
55940,2,0.28360182,High-Usage / Handset-Gap,Device upgrade or contract-renewal incentive (heavy users on aging handsets)
68913,1,0.4246481,Low-Engagement / Passive,"Re-engagement campaign: usage incentives, feature education, win-back offer"
69570,1,0.22262093,Low-Engagement / Passive,"Re-engagement campaign: usage incentives, feature education, win-back offer"
58215,2,0.44051823,High-Usage / Handset-Gap,Device upgrade or contract-renewal incentive (heavy users on aging handsets)
54513,2,0.65129846,High-Usage / Handset-Gap,Device upgrade or contract-renewal incentive (heavy users on aging handsets)
53741,2,0.39172283,High-Usage / Handset-Gap,Device upgrade or contract-renewal incentive (heavy users on aging handsets)
56008,1,0.49153516,Low-Engagement / Passive,"Re-engagement campaign: usage incentives, feature education, win-back offer"
70574,2,0.16889194,High-Usage / Handset-Gap,Device upgrade or contract-renewal incentive (heavy users on aging handsets)
61962,1,0.17958689,Low-Engagement / Passive,"Re-engagement campaign: usage incentives, feature education, win-back offer"
61700,2,0.42593214,High-Usage / Handset-Gap,Device upgrade or contract-renewal incentive (heavy users on aging handsets)
54752,1,0.1939813,Low-Engagement / Passive,"Re-engagement campaign: usage incentives, feature education, win-back offer"
61429,1,0.38003278,Low-Engagement / Passive,"Re-engagement campaign: usage incentives, feature education, win-back offer"
60364,2,0.24666543,High-Usage / Handset-Gap,Device upgrade or contract-renewal incentive (heavy users on aging handsets)
51896,1,0.23660193,Low-Engagement / Passive,"Re-engagement campaign: usage incentives, feature education, win-back offer"
51159,1,0.4792269,Low-Engagement / Passive,"Re-engagement campaign: usage incentives, feature education, win-back offer"
64950,2,0.58366305,High-Usage / Handset-Gap,Device upgrade or contract-renewal incentive (heavy users on aging handsets)
65266,1,0.50128156,Low-Engagement / Passive,"Re-engagement campaign: usage incentives, feature education, win-back offer"
65983,2,0.17752627,High-Usage / Handset-Gap,Device upgrade or contract-renewal incentive (heavy users on aging handsets)
69949,1,0.20078132,Low-Engagement / Passive,"Re-engagement campaign: usage incentives, feature education, win-back offer"
68983,1,0.16641495,Low-Engagement / Passive,"Re-engagement campaign: usage incentives, feature education, win-back offer"
65283,2,0.18434666,High-Usage / Handset-Gap,Device upgrade or contract-renewal incentive (heavy users on aging handsets)
66996,0,0.776788,At-Risk / Retention-Contact,Priority retention outreach + service recovery (already contacted us)
63081,1,0.39859197,Low-Engagement / Passive,"Re-engagement campaign: usage incentives, feature education, win-back offer"
62504,2,0.48787838,High-Usage / Handset-Gap,Device upgrade or contract-renewal incentive (heavy users on aging handsets)
51909,2,0.614954,High-Usage / Handset-Gap,Device upgrade or contract-renewal incentive (heavy users on aging handsets)
63065,2,0.5573722,High-Usage / Handset-Gap,Device upgrade or contract-renewal incentive (heavy users on aging handsets)
69876,2,0.4286611,High-Usage / Handset-Gap,Device upgrade or contract-renewal incentive (heavy users on aging handsets)
69195,1,0.3099606,Low-Engagement / Passive,"Re-engagement campaign: usage incentives, feature education, win-back offer"
61933,2,0.30392355,High-Usage / Handset-Gap,Device upgrade or contract-renewal incentive (heavy users on aging handsets)
63379,1,0.5920807,Low-Engagement / Passive,"Re-engagement campaign: usage incentives, feature education, win-back offer"
31045,1,0.34757024,Low-Engagement / Passive,"Re-engagement campaign: usage incentives, feature education, win-back offer"
55850,2,0.34561387,High-Usage / Handset-Gap,Device upgrade or contract-renewal incentive (heavy users on aging handsets)
64120,1,0.5551828,Low-Engagement / Passive,"Re-engagement campaign: usage incentives, feature education, win-back offer"
63822,0,0.6348786,At-Risk / Retention-Contact,Priority retention outreach + service recovery (already contacted us)
67315,1,0.13446592,Low-Engagement / Passive,"Re-engagement campaign: usage incentives, feature education, win-back offer"
59151,1,0.4194715,Low-Engagement / Passive,"Re-engagement campaign: usage incentives, feature education, win-back offer"
58256,2,0.36050957,High-Usage / Handset-Gap,Device upgrade or contract-renewal incentive (heavy users on aging handsets)
55406,1,0.28929338,Low-Engagement / Passive,"Re-engagement campaign: usage incentives, feature education, win-back offer"
68504,2,0.34798476,High-Usage / Handset-Gap,Device upgrade or contract-renewal incentive (heavy users on aging handsets)
70268,2,0.06815837,High-Usage / Handset-Gap,Device upgrade or contract-renewal incentive (heavy users on aging handsets)
66374,2,0.38911363,High-Usage / Handset-Gap,Device upgrade or contract-renewal incentive (heavy users on aging handsets)
56584,1,0.13170859,Low-Engagement / Passive,"Re-engagement campaign: usage incentives, feature education, win-back offer"
64065,1,0.38410953,Low-Engagement / Passive,"Re-engagement campaign: usage incentives, feature education, win-back offer"
51233,1,0.4697973,Low-Engagement / Passive,"Re-engagement campaign: usage incentives, feature education, win-back offer"
63816,1,0.30756786,Low-Engagement / Passive,"Re-engagement campaign: usage incentives, feature education, win-back offer"
57490,1,0.3034824,Low-Engagement / Passive,"Re-engagement campaign: usage incentives, feature education, win-back offer"
61105,1,0.36035565,Low-Engagement / Passive,"Re-engagement campaign: usage incentives, feature education, win-back offer"
70195,1,0.2839695,Low-Engagement / Passive,"Re-engagement campaign: usage incentives, feature education, win-back offer"
62673,0,0.5818283,At-Risk / Retention-Contact,Priority retention outreach + service recovery (already contacted us)
57829,1,0.34089476,Low-Engagement / Passive,"Re-engagement campaign: usage incentives, feature education, win-back offer"
65447,2,0.46687534,High-Usage / Handset-Gap,Device upgrade or contract-renewal incentive (heavy users on aging handsets)
64552,2,0.5118429,High-Usage / Handset-Gap,Device upgrade or contract-renewal incentive (heavy users on aging handsets)
62359,2,0.3940031,High-Usage / Handset-Gap,Device upgrade or contract-renewal incentive (heavy users on aging handsets)
57005,2,0.15082198,High-Usage / Handset-Gap,Device upgrade or contract-renewal incentive (heavy users on aging handsets)
61662,2,0.23529617,High-Usage / Handset-Gap,Device upgrade or contract-renewal incentive (heavy users on aging handsets)
58563,1,0.16430546,Low-Engagement / Passive,"Re-engagement campaign: usage incentives, feature education, win-back offer"
57153,2,0.4623926,High-Usage / Handset-Gap,Device upgrade or contract-renewal incentive (heavy users on aging handsets)
66678,1,0.33948594,Low-Engagement / Passive,"Re-engagement campaign: usage incentives, feature education, win-back offer"
58469,1,0.5878251,Low-Engagement / Passive,"Re-engagement campaign: usage incentives, feature education, win-back offer"
57593,2,0.3049406,High-Usage / Handset-Gap,Device upgrade or contract-renewal incentive (heavy users on aging handsets)
59406,2,0.31757787,High-Usage / Handset-Gap,Device upgrade or contract-renewal incentive (heavy users on aging handsets)
58361,1,0.41728863,Low-Engagement / Passive,"Re-engagement campaign: usage incentives, feature education, win-back offer"
65848,2,0.5904344,High-Usage / Handset-Gap,Device upgrade or contract-renewal incentive (heavy users on aging handsets)
64939,2,0.29351848,High-Usage / Handset-Gap,Device upgrade or contract-renewal incentive (heavy users on aging handsets)
57852,1,0.35786638,Low-Engagement / Passive,"Re-engagement campaign: usage incentives, feature education, win-back offer"
54482,2,0.4396162,High-Usage / Handset-Gap,Device upgrade or contract-renewal incentive (heavy users on aging handsets)
60653,2,0.4313907,High-Usage / Handset-Gap,Device upgrade or contract-renewal incentive (heavy users on aging handsets)
69263,1,0.5234517,Low-Engagement / Passive,"Re-engagement campaign: usage incentives, feature education, win-back offer"
54697,1,0.41165304,Low-Engagement / Passive,"Re-engagement campaign: usage incentives, feature education, win-back offer"
62411,1,0.55985135,Low-Engagement / Passive,"Re-engagement campaign: usage incentives, feature education, win-back offer"
57152,1,0.4421812,Low-Engagement / Passive,"Re-engagement campaign: usage incentives, feature education, win-back offer"
59289,1,0.17458446,Low-Engagement / Passive,"Re-engagement campaign: usage incentives, feature education, win-back offer"
58415,1,0.4049559,Low-Engagement / Passive,"Re-engagement campaign: usage incentives, feature education, win-back offer"
62243,1,0.62607086,Low-Engagement / Passive,"Re-engagement campaign: usage incentives, feature education, win-back offer"
68075,2,0.53984046,High-Usage / Handset-Gap,Device upgrade or contract-renewal incentive (heavy users on aging handsets)
66818,2,0.3025738,High-Usage / Handset-Gap,Device upgrade or contract-renewal incentive (heavy users on aging handsets)
68621,1,0.27320048,Low-Engagement / Passive,"Re-engagement campaign: usage incentives, feature education, win-back offer"
68652,1,0.34158918,Low-Engagement / Passive,"Re-engagement campaign: usage incentives, feature education, win-back offer"
60088,1,0.32905093,Low-Engagement / Passive,"Re-engagement campaign: usage incentives, feature education, win-back offer"
56762,1,0.21237567,Low-Engagement / Passive,"Re-engagement campaign: usage incentives, feature education, win-back offer"
51351,2,0.47389475,High-Usage / Handset-Gap,Device upgrade or contract-renewal incentive (heavy users on aging handsets)
63605,1,0.30125594,Low-Engagement / Passive,"Re-engagement campaign: usage incentives, feature education, win-back offer"
52388,2,0.53757745,High-Usage / Handset-Gap,Device upgrade or contract-renewal incentive (heavy users on aging handsets)
64464,2,0.20234424,High-Usage / Handset-Gap,Device upgrade or contract-renewal incentive (heavy users on aging handsets)
60506,1,0.4257794,Low-Engagement / Passive,"Re-engagement campaign: usage incentives, feature education, win-back offer"
59259,1,0.24888588,Low-Engagement / Passive,"Re-engagement campaign: usage incentives, feature education, win-back offer"
69836,0,0.9263431,At-Risk / Retention-Contact,Priority retention outreach + service recovery (already contacted us)
57856,1,0.1491493,Low-Engagement / Passive,"Re-engagement campaign: usage incentives, feature education, win-back offer"
70313,2,0.28597113,High-Usage / Handset-Gap,Device upgrade or contract-renewal incentive (heavy users on aging handsets)
62405,1,0.23735113,Low-Engagement / Passive,"Re-engagement campaign: usage incentives, feature education, win-back offer"
65085,2,0.34277505,High-Usage / Handset-Gap,Device upgrade or contract-renewal incentive (heavy users on aging handsets)
55344,2,0.4797799,High-Usage / Handset-Gap,Device upgrade or contract-renewal incentive (heavy users on aging handsets)
58214,1,0.63174963,Low-Engagement / Passive,"Re-engagement campaign: usage incentives, feature education, win-back offer"
53179,1,0.36995727,Low-Engagement / Passive,"Re-engagement campaign: usage incentives, feature education, win-back offer"
57381,2,0.26561445,High-Usage / Handset-Gap,Device upgrade or contract-renewal incentive (heavy users on aging handsets)
55897,1,0.6459368,Low-Engagement / Passive,"Re-engagement campaign: usage incentives, feature education, win-back offer"
58302,1,0.45008042,Low-Engagement / Passive,"Re-engagement campaign: usage incentives, feature education, win-back offer"
59471,2,0.39751056,High-Usage / Handset-Gap,Device upgrade or contract-renewal incentive (heavy users on aging handsets)
53699,2,0.6317,High-Usage / Handset-Gap,Device upgrade or contract-renewal incentive (heavy users on aging handsets)
54057,1,0.3777225,Low-Engagement / Passive,"Re-engagement campaign: usage incentives, feature education, win-back offer"
59393,1,0.13222581,Low-Engagement / Passive,"Re-engagement campaign: usage incentives, feature education, win-back offer"
70757,2,0.28977177,High-Usage / Handset-Gap,Device upgrade or contract-renewal incentive (heavy users on aging handsets)
54788,1,0.25105977,Low-Engagement / Passive,"Re-engagement campaign: usage incentives, feature education, win-back offer"
62304,2,0.3180432,High-Usage / Handset-Gap,Device upgrade or contract-renewal incentive (heavy users on aging handsets)
52512,2,0.45750618,High-Usage / Handset-Gap,Device upgrade or contract-renewal incentive (heavy users on aging handsets)
57517,2,0.2765351,High-Usage / Handset-Gap,Device upgrade or contract-renewal incentive (heavy users on aging handsets)
56075,1,0.28749943,Low-Engagement / Passive,"Re-engagement campaign: usage incentives, feature education, win-back offer"
64953,2,0.58108443,High-Usage / Handset-Gap,Device upgrade or contract-renewal incentive (heavy users on aging handsets)
68167,1,0.3510553,Low-Engagement / Passive,"Re-engagement campaign: usage incentives, feature education, win-back offer"
58566,0,0.5020823,At-Risk / Retention-Contact,Priority retention outreach + service recovery (already contacted us)
55305,2,0.31535718,High-Usage / Handset-Gap,Device upgrade or contract-renewal incentive (heavy users on aging handsets)
56564,2,0.5154334,High-Usage / Handset-Gap,Device upgrade or contract-renewal incentive (heavy users on aging handsets)
68464,2,0.3690318,High-Usage / Handset-Gap,Device upgrade or contract-renewal incentive (heavy users on aging handsets)
61423,2,0.44602984,High-Usage / Handset-Gap,Device upgrade or contract-renewal incentive (heavy users on aging handsets)
55432,1,0.24680236,Low-Engagement / Passive,"Re-engagement campaign: usage incentives, feature education, win-back offer"
51944,1,0.32727766,Low-Engagement / Passive,"Re-engagement campaign: usage incentives, feature education, win-back offer"
68993,1,0.36942613,Low-Engagement / Passive,"Re-engagement campaign: usage incentives, feature education, win-back offer"
71038,2,0.42689282,High-Usage / Handset-Gap,Device upgrade or contract-renewal incentive (heavy users on aging handsets)
52808,2,0.081747584,High-Usage / Handset-Gap,Device upgrade or contract-renewal incentive (heavy users on aging handsets)
57052,2,0.31793696,High-Usage / Handset-Gap,Device upgrade or contract-renewal incentive (heavy users on aging handsets)
56705,2,0.32349306,High-Usage / Handset-Gap,Device upgrade or contract-renewal incentive (heavy users on aging handsets)
65372,2,0.46856728,High-Usage / Handset-Gap,Device upgrade or contract-renewal incentive (heavy users on aging handsets)
64779,2,0.43333074,High-Usage / Handset-Gap,Device upgrade or contract-renewal incentive (heavy users on aging handsets)
53657,2,0.30981803,High-Usage / Handset-Gap,Device upgrade or contract-renewal incentive (heavy users on aging handsets)
57990,2,0.2919128,High-Usage / Handset-Gap,Device upgrade or contract-renewal incentive (heavy users on aging handsets)
62861,2,0.4569099,High-Usage / Handset-Gap,Device upgrade or contract-renewal incentive (heavy users on aging handsets)
55573,2,0.24979103,High-Usage / Handset-Gap,Device upgrade or contract-renewal incentive (heavy users on aging handsets)
55093,1,0.33355144,Low-Engagement / Passive,"Re-engagement campaign: usage incentives, feature education, win-back offer"
66835,1,0.24545819,Low-Engagement / Passive,"Re-engagement campaign: usage incentives, feature education, win-back offer"
30697,1,0.4680213,Low-Engagement / Passive,"Re-engagement campaign: usage incentives, feature education, win-back offer"
30906,2,0.4513473,High-Usage / Handset-Gap,Device upgrade or contract-renewal incentive (heavy users on aging handsets)
69160,1,0.44455603,Low-Engagement / Passive,"Re-engagement campaign: usage incentives, feature education, win-back offer"
61546,1,0.21310385,Low-Engagement / Passive,"Re-engagement campaign: usage incentives, feature education, win-back offer"
69250,1,0.5629201,Low-Engagement / Passive,"Re-engagement campaign: usage incentives, feature education, win-back offer"
63012,2,0.7910197,High-Usage / Handset-Gap,Device upgrade or contract-renewal incentive (heavy users on aging handsets)
57013,0,0.2841174,At-Risk / Retention-Contact,Priority retention outreach + service recovery (already contacted us)
69053,1,0.3203733,Low-Engagement / Passive,"Re-engagement campaign: usage incentives, feature education, win-back offer"
62072,1,0.62577116,Low-Engagement / Passive,"Re-engagement campaign: usage incentives, feature education, win-back offer"
69933,1,0.26777267,Low-Engagement / Passive,"Re-engagement campaign: usage incentives, feature education, win-back offer"
59544,1,0.12907335,Low-Engagement / Passive,"Re-engagement campaign: usage incentives, feature education, win-back offer"
54040,1,0.29604623,Low-Engagement / Passive,"Re-engagement campaign: usage incentives, feature education, win-back offer"
69717,2,0.6269047,High-Usage / Handset-Gap,Device upgrade or contract-renewal incentive (heavy users on aging handsets)
63910,1,0.29504904,Low-Engagement / Passive,"Re-engagement campaign: usage incentives, feature education, win-back offer"
30506,2,0.38370922,High-Usage / Handset-Gap,Device upgrade or contract-renewal incentive (heavy users on aging handsets)
60891,2,0.26625946,High-Usage / Handset-Gap,Device upgrade or contract-renewal incentive (heavy users on aging handsets)
55397,1,0.30087617,Low-Engagement / Passive,"Re-engagement campaign: usage incentives, feature education, win-back offer"
53332,2,0.43462467,High-Usage / Handset-Gap,Device upgrade or contract-renewal incentive (heavy users on aging handsets)
67037,2,0.15547223,High-Usage / Handset-Gap,Device upgrade or contract-renewal incentive (heavy users on aging handsets)
54196,2,0.42318168,High-Usage / Handset-Gap,Device upgrade or contract-renewal incentive (heavy users on aging handsets)
61453,1,0.36535275,Low-Engagement / Passive,"Re-engagement campaign: usage incentives, feature education, win-back offer"
66907,1,0.4575536,Low-Engagement / Passive,"Re-engagement campaign: usage incentives, feature education, win-back offer"
64421,2,0.43911633,High-Usage / Handset-Gap,Device upgrade or contract-renewal incentive (heavy users on aging handsets)
60748,1,0.4375113,Low-Engagement / Passive,"Re-engagement campaign: usage incentives, feature education, win-back offer"
68680,1,0.32155788,Low-Engagement / Passive,"Re-engagement campaign: usage incentives, feature education, win-back offer"
56532,1,0.24568668,Low-Engagement / Passive,"Re-engagement campaign: usage incentives, feature education, win-back offer"
67083,1,0.59264517,Low-Engagement / Passive,"Re-engagement campaign: usage incentives, feature education, win-back offer"
59174,2,0.515195,High-Usage / Handset-Gap,Device upgrade or contract-renewal incentive (heavy users on aging handsets)
30456,2,0.3380869,High-Usage / Handset-Gap,Device upgrade or contract-renewal incentive (heavy users on aging handsets)
61149,1,0.5573298,Low-Engagement / Passive,"Re-engagement campaign: usage incentives, feature education, win-back offer"
64371,1,0.03446994,Low-Engagement / Passive,"Re-engagement campaign: usage incentives, feature education, win-back offer"
56038,1,0.420812,Low-Engagement / Passive,"Re-engagement campaign: usage incentives, feature education, win-back offer"
54876,2,0.2740051,High-Usage / Handset-Gap,Device upgrade or contract-renewal incentive (heavy users on aging handsets)
51085,2,0.48751935,High-Usage / Handset-Gap,Device upgrade or contract-renewal incentive (heavy users on aging handsets)
56558,1,0.18445186,Low-Engagement / Passive,"Re-engagement campaign: usage incentives, feature education, win-back offer"
56232,1,0.41116628,Low-Engagement / Passive,"Re-engagement campaign: usage incentives, feature education, win-back offer"
64534,1,0.43728182,Low-Engagement / Passive,"Re-engagement campaign: usage incentives, feature education, win-back offer"
70298,1,0.10773391,Low-Engagement / Passive,"Re-engagement campaign: usage incentives, feature education, win-back offer"
56163,2,0.27196074,High-Usage / Handset-Gap,Device upgrade or contract-renewal incentive (heavy users on aging handsets)
30568,1,0.19770867,Low-Engagement / Passive,"Re-engagement campaign: usage incentives, feature education, win-back offer"
59815,1,0.31341985,Low-Engagement / Passive,"Re-engagement campaign: usage incentives, feature education, win-back offer"
51841,2,0.4301266,High-Usage / Handset-Gap,Device upgrade or contract-renewal incentive (heavy users on aging handsets)
69444,1,0.1862651,Low-Engagement / Passive,"Re-engagement campaign: usage incentives, feature education, win-back offer"
65073,2,0.3045671,High-Usage / Handset-Gap,Device upgrade or contract-renewal incentive (heavy users on aging handsets)
66819,1,0.50460434,Low-Engagement / Passive,"Re-engagement campaign: usage incentives, feature education, win-back offer"
62813,0,0.6395628,At-Risk / Retention-Contact,Priority retention outreach + service recovery (already contacted us)
54607,2,0.48272824,High-Usage / Handset-Gap,Device upgrade or contract-renewal incentive (heavy users on aging handsets)
60220,2,0.30694607,High-Usage / Handset-Gap,Device upgrade or contract-renewal incentive (heavy users on aging handsets)
69257,0,0.53898513,At-Risk / Retention-Contact,Priority retention outreach + service recovery (already contacted us)
57116,1,0.49165294,Low-Engagement / Passive,"Re-engagement campaign: usage incentives, feature education, win-back offer"
67052,0,0.6785414,At-Risk / Retention-Contact,Priority retention outreach + service recovery (already contacted us)
66155,2,0.23538893,High-Usage / Handset-Gap,Device upgrade or contract-renewal incentive (heavy users on aging handsets)
65555,2,0.41803595,High-Usage / Handset-Gap,Device upgrade or contract-renewal incentive (heavy users on aging handsets)
53094,0,0.68880767,At-Risk / Retention-Contact,Priority retention outreach + service recovery (already contacted us)
65039,0,0.66741335,At-Risk / Retention-Contact,Priority retention outreach + service recovery (already contacted us)
30675,1,0.45261505,Low-Engagement / Passive,"Re-engagement campaign: usage incentives, feature education, win-back offer"
70022,1,0.39054498,Low-Engagement / Passive,"Re-engagement campaign: usage incentives, feature education, win-back offer"
30519,1,0.12125412,Low-Engagement / Passive,"Re-engagement campaign: usage incentives, feature education, win-back offer"
55277,1,0.1855395,Low-Engagement / Passive,"Re-engagement campaign: usage incentives, feature education, win-back offer"
56606,1,0.3611483,Low-Engagement / Passive,"Re-engagement campaign: usage incentives, feature education, win-back offer"
69530,0,0.29628795,At-Risk / Retention-Contact,Priority retention outreach + service recovery (already contacted us)
52764,1,0.32153434,Low-Engagement / Passive,"Re-engagement campaign: usage incentives, feature education, win-back offer"
65060,2,0.4127763,High-Usage / Handset-Gap,Device upgrade or contract-renewal incentive (heavy users on aging handsets)
67201,2,0.78986126,High-Usage / Handset-Gap,Device upgrade or contract-renewal incentive (heavy users on aging handsets)
70560,2,0.07140162,High-Usage / Handset-Gap,Device upgrade or contract-renewal incentive (heavy users on aging handsets)
65842,2,0.3932643,High-Usage / Handset-Gap,Device upgrade or contract-renewal incentive (heavy users on aging handsets)
68353,1,0.21722637,Low-Engagement / Passive,"Re-engagement campaign: usage incentives, feature education, win-back offer"
58763,1,0.49693337,Low-Engagement / Passive,"Re-engagement campaign: usage incentives, feature education, win-back offer"
54661,1,0.6009703,Low-Engagement / Passive,"Re-engagement campaign: usage incentives, feature education, win-back offer"
60299,1,0.35374856,Low-Engagement / Passive,"Re-engagement campaign: usage incentives, feature education, win-back offer"
64596,1,0.3917736,Low-Engagement / Passive,"Re-engagement campaign: usage incentives, feature education, win-back offer"
59046,2,0.37706974,High-Usage / Handset-Gap,Device upgrade or contract-renewal incentive (heavy users on aging handsets)
58057,0,0.5390744,At-Risk / Retention-Contact,Priority retention outreach + service recovery (already contacted us)
67888,1,0.35659608,Low-Engagement / Passive,"Re-engagement campaign: usage incentives, feature education, win-back offer"
57550,1,0.2948774,Low-Engagement / Passive,"Re-engagement campaign: usage incentives, feature education, win-back offer"
52288,1,0.37139064,Low-Engagement / Passive,"Re-engagement campaign: usage incentives, feature education, win-back offer"
61346,2,0.3120916,High-Usage / Handset-Gap,Device upgrade or contract-renewal incentive (heavy users on aging handsets)
66762,2,0.2893952,High-Usage / Handset-Gap,Device upgrade or contract-renewal incentive (heavy users on aging handsets)
58017,1,0.3542948,Low-Engagement / Passive,"Re-engagement campaign: usage incentives, feature education, win-back offer"
66629,1,0.5095006,Low-Engagement / Passive,"Re-engagement campaign: usage incentives, feature education, win-back offer"
69246,2,0.5182622,High-Usage / Handset-Gap,Device upgrade or contract-renewal incentive (heavy users on aging handsets)
64134,1,0.50489384,Low-Engagement / Passive,"Re-engagement campaign: usage incentives, feature education, win-back offer"
64899,1,0.549407,Low-Engagement / Passive,"Re-engagement campaign: usage incentives, feature education, win-back offer"
69333,1,0.33517894,Low-Engagement / Passive,"Re-engagement campaign: usage incentives, feature education, win-back offer"
58671,2,0.35347572,High-Usage / Handset-Gap,Device upgrade or contract-renewal incentive (heavy users on aging handsets)
63148,1,0.40841725,Low-Engagement / Passive,"Re-engagement campaign: usage incentives, feature education, win-back offer"
57916,2,0.3836984,High-Usage / Handset-Gap,Device upgrade or contract-renewal incentive (heavy users on aging handsets)
67027,2,0.44468212,High-Usage / Handset-Gap,Device upgrade or contract-renewal incentive (heavy users on aging handsets)
55144,1,0.47287667,Low-Engagement / Passive,"Re-engagement campaign: usage incentives, feature education, win-back offer"
52666,2,0.31377476,High-Usage / Handset-Gap,Device upgrade or contract-renewal incentive (heavy users on aging handsets)
58844,1,0.39107984,Low-Engagement / Passive,"Re-engagement campaign: usage incentives, feature education, win-back offer"
63058,2,0.27779776,High-Usage / Handset-Gap,Device upgrade or contract-renewal incentive (heavy users on aging handsets)
61742,2,0.33082584,High-Usage / Handset-Gap,Device upgrade or contract-renewal incentive (heavy users on aging handsets)
61886,1,0.20364985,Low-Engagement / Passive,"Re-engagement campaign: usage incentives, feature education, win-back offer"
54742,2,0.32921544,High-Usage / Handset-Gap,Device upgrade or contract-renewal incentive (heavy users on aging handsets)
52899,2,0.33498433,High-Usage / Handset-Gap,Device upgrade or contract-renewal incentive (heavy users on aging handsets)
56071,1,0.50054276,Low-Engagement / Passive,"Re-engagement campaign: usage incentives, feature education, win-back offer"
56668,2,0.3525284,High-Usage / Handset-Gap,Device upgrade or contract-renewal incentive (heavy users on aging handsets)
66009,2,0.4682532,High-Usage / Handset-Gap,Device upgrade or contract-renewal incentive (heavy users on aging handsets)
58890,2,0.5370437,High-Usage / Handset-Gap,Device upgrade or contract-renewal incentive (heavy users on aging handsets)
56853,2,0.53288573,High-Usage / Handset-Gap,Device upgrade or contract-renewal incentive (heavy users on aging handsets)
62383,1,0.33755997,Low-Engagement / Passive,"Re-engagement campaign: usage incentives, feature education, win-back offer"
51912,0,0.4013503,At-Risk / Retention-Contact,Priority retention outreach + service recovery (already contacted us)
70727,2,0.47507933,High-Usage / Handset-Gap,Device upgrade or contract-renewal incentive (heavy users on aging handsets)
55601,1,0.39463374,Low-Engagement / Passive,"Re-engagement campaign: usage incentives, feature education, win-back offer"
60332,0,0.5828075,At-Risk / Retention-Contact,Priority retention outreach + service recovery (already contacted us)
57158,1,0.26683304,Low-Engagement / Passive,"Re-engagement campaign: usage incentives, feature education, win-back offer"
59474,1,0.2804068,Low-Engagement / Passive,"Re-engagement campaign: usage incentives, feature education, win-back offer"
59861,1,0.21886873,Low-Engagement / Passive,"Re-engagement campaign: usage incentives, feature education, win-back offer"
55958,1,0.4015651,Low-Engagement / Passive,"Re-engagement campaign: usage incentives, feature education, win-back offer"
30440,2,0.22294189,High-Usage / Handset-Gap,Device upgrade or contract-renewal incentive (heavy users on aging handsets)
69892,2,0.13345101,High-Usage / Handset-Gap,Device upgrade or contract-renewal incentive (heavy users on aging handsets)
57148,2,0.54501486,High-Usage / Handset-Gap,Device upgrade or contract-renewal incentive (heavy users on aging handsets)
69164,1,0.2602658,Low-Engagement / Passive,"Re-engagement campaign: usage incentives, feature education, win-back offer"
62921,1,0.3156903,Low-Engagement / Passive,"Re-engagement campaign: usage incentives, feature education, win-back offer"
67657,1,0.5521446,Low-Engagement / Passive,"Re-engagement campaign: usage incentives, feature education, win-back offer"
52694,2,0.5085921,High-Usage / Handset-Gap,Device upgrade or contract-renewal incentive (heavy users on aging handsets)
63971,0,0.6863503,At-Risk / Retention-Contact,Priority retention outreach + service recovery (already contacted us)
55407,0,0.6045528,At-Risk / Retention-Contact,Priority retention outreach + service recovery (already contacted us)
61474,1,0.3831035,Low-Engagement / Passive,"Re-engagement campaign: usage incentives, feature education, win-back offer"
62252,1,0.6270656,Low-Engagement / Passive,"Re-engagement campaign: usage incentives, feature education, win-back offer"
52091,0,0.2545568,At-Risk / Retention-Contact,Priority retention outreach + service recovery (already contacted us)
62340,1,0.5219676,Low-Engagement / Passive,"Re-engagement campaign: usage incentives, feature education, win-back offer"
63701,0,0.5025254,At-Risk / Retention-Contact,Priority retention outreach + service recovery (already contacted us)
56244,2,0.11756849,High-Usage / Handset-Gap,Device upgrade or contract-renewal incentive (heavy users on aging handsets)
51910,1,0.6574309,Low-Engagement / Passive,"Re-engagement campaign: usage incentives, feature education, win-back offer"
68999,1,0.45138028,Low-Engagement / Passive,"Re-engagement campaign: usage incentives, feature education, win-back offer"
63959,1,0.3274112,Low-Engagement / Passive,"Re-engagement campaign: usage incentives, feature education, win-back offer"
62916,1,0.25103652,Low-Engagement / Passive,"Re-engagement campaign: usage incentives, feature education, win-back offer"
58798,2,0.3459844,High-Usage / Handset-Gap,Device upgrade or contract-renewal incentive (heavy users on aging handsets)
54229,2,0.33925527,High-Usage / Handset-Gap,Device upgrade or contract-renewal incentive (heavy users on aging handsets)
56259,2,0.31595132,High-Usage / Handset-Gap,Device upgrade or contract-renewal incentive (heavy users on aging handsets)
65077,2,0.35718876,High-Usage / Handset-Gap,Device upgrade or contract-renewal incentive (heavy users on aging handsets)
61865,2,0.48668304,High-Usage / Handset-Gap,Device upgrade or contract-renewal incentive (heavy users on aging handsets)
59416,2,0.361253,High-Usage / Handset-Gap,Device upgrade or contract-renewal incentive (heavy users on aging handsets)
62220,1,0.36109546,Low-Engagement / Passive,"Re-engagement campaign: usage incentives, feature education, win-back offer"
62873,1,0.36377463,Low-Engagement / Passive,"Re-engagement campaign: usage incentives, feature education, win-back offer"
58260,2,0.39153254,High-Usage / Handset-Gap,Device upgrade or contract-renewal incentive (heavy users on aging handsets)
59875,2,0.41270363,High-Usage / Handset-Gap,Device upgrade or contract-renewal incentive (heavy users on aging handsets)
57278,1,0.533624,Low-Engagement / Passive,"Re-engagement campaign: usage incentives, feature education, win-back offer"
69893,1,0.1252103,Low-Engagement / Passive,"Re-engagement campaign: usage incentives, feature education, win-back offer"
63144,1,0.48905706,Low-Engagement / Passive,"Re-engagement campaign: usage incentives, feature education, win-back offer"
51738,2,0.4583582,High-Usage / Handset-Gap,Device upgrade or contract-renewal incentive (heavy users on aging handsets)
56074,2,0.26908088,High-Usage / Handset-Gap,Device upgrade or contract-renewal incentive (heavy users on aging handsets)
66986,1,0.25313795,Low-Engagement / Passive,"Re-engagement campaign: usage incentives, feature education, win-back offer"
55648,1,0.268854,Low-Engagement / Passive,"Re-engagement campaign: usage incentives, feature education, win-back offer"
60369,2,0.46082664,High-Usage / Handset-Gap,Device upgrade or contract-renewal incentive (heavy users on aging handsets)
57709,2,0.36923552,High-Usage / Handset-Gap,Device upgrade or contract-renewal incentive (heavy users on aging handsets)
54779,1,0.37028742,Low-Engagement / Passive,"Re-engagement campaign: usage incentives, feature education, win-back offer"
65502,1,0.26098222,Low-Engagement / Passive,"Re-engagement campaign: usage incentives, feature education, win-back offer"
60754,1,0.3816394,Low-Engagement / Passive,"Re-engagement campaign: usage incentives, feature education, win-back offer"
57424,0,0.43025613,At-Risk / Retention-Contact,Priority retention outreach + service recovery (already contacted us)
51290,2,0.45870328,High-Usage / Handset-Gap,Device upgrade or contract-renewal incentive (heavy users on aging handsets)
67063,1,0.20240821,Low-Engagement / Passive,"Re-engagement campaign: usage incentives, feature education, win-back offer"
68383,1,0.6610294,Low-Engagement / Passive,"Re-engagement campaign: usage incentives, feature education, win-back offer"
65289,2,0.50379133,High-Usage / Handset-Gap,Device upgrade or contract-renewal incentive (heavy users on aging handsets)
54142,1,0.55407715,Low-Engagement / Passive,"Re-engagement campaign: usage incentives, feature education, win-back offer"
51452,1,0.25076362,Low-Engagement / Passive,"Re-engagement campaign: usage incentives, feature education, win-back offer"
60648,1,0.37995172,Low-Engagement / Passive,"Re-engagement campaign: usage incentives, feature education, win-back offer"
68552,1,0.27160886,Low-Engagement / Passive,"Re-engagement campaign: usage incentives, feature education, win-back offer"
60199,1,0.22702622,Low-Engagement / Passive,"Re-engagement campaign: usage incentives, feature education, win-back offer"
57603,1,0.417698,Low-Engagement / Passive,"Re-engagement campaign: usage incentives, feature education, win-back offer"
30505,2,0.34630406,High-Usage / Handset-Gap,Device upgrade or contract-renewal incentive (heavy users on aging handsets)
63667,1,0.3739036,Low-Engagement / Passive,"Re-engagement campaign: usage incentives, feature education, win-back offer"
65803,2,0.25074616,High-Usage / Handset-Gap,Device upgrade or contract-renewal incentive (heavy users on aging handsets)
66778,1,0.3076859,Low-Engagement / Passive,"Re-engagement campaign: usage incentives, feature education, win-back offer"
69240,1,0.08258846,Low-Engagement / Passive,"Re-engagement campaign: usage incentives, feature education, win-back offer"
57989,2,0.31480393,High-Usage / Handset-Gap,Device upgrade or contract-renewal incentive (heavy users on aging handsets)
56294,2,0.26306683,High-Usage / Handset-Gap,Device upgrade or contract-renewal incentive (heavy users on aging handsets)
70329,1,0.14846921,Low-Engagement / Passive,"Re-engagement campaign: usage incentives, feature education, win-back offer"
62226,2,0.38943624,High-Usage / Handset-Gap,Device upgrade or contract-renewal incentive (heavy users on aging handsets)
68624,0,0.6413669,At-Risk / Retention-Contact,Priority retention outreach + service recovery (already contacted us)
54390,1,0.48468432,Low-Engagement / Passive,"Re-engagement campaign: usage incentives, feature education, win-back offer"
54961,2,0.24496838,High-Usage / Handset-Gap,Device upgrade or contract-renewal incentive (heavy users on aging handsets)
69825,1,0.20867911,Low-Engagement / Passive,"Re-engagement campaign: usage incentives, feature education, win-back offer"
59225,2,0.26109898,High-Usage / Handset-Gap,Device upgrade or contract-renewal incentive (heavy users on aging handsets)
58174,0,0.44916967,At-Risk / Retention-Contact,Priority retention outreach + service recovery (already contacted us)
54165,1,0.21310307,Low-Engagement / Passive,"Re-engagement campaign: usage incentives, feature education, win-back offer"
59563,1,0.25845468,Low-Engagement / Passive,"Re-engagement campaign: usage incentives, feature education, win-back offer"
63955,1,0.34920555,Low-Engagement / Passive,"Re-engagement campaign: usage incentives, feature education, win-back offer"
69320,1,0.42530414,Low-Engagement / Passive,"Re-engagement campaign: usage incentives, feature education, win-back offer"
66303,2,0.5105867,High-Usage / Handset-Gap,Device upgrade or contract-renewal incentive (heavy users on aging handsets)
59458,1,0.18243767,Low-Engagement / Passive,"Re-engagement campaign: usage incentives, feature education, win-back offer"
68634,2,0.3248553,High-Usage / Handset-Gap,Device upgrade or contract-renewal incentive (heavy users on aging handsets)
57418,2,0.21502005,High-Usage / Handset-Gap,Device upgrade or contract-renewal incentive (heavy users on aging handsets)
60202,1,0.14888485,Low-Engagement / Passive,"Re-engagement campaign: usage incentives, feature education, win-back offer"
52389,0,0.4677766,At-Risk / Retention-Contact,Priority retention outreach + service recovery (already contacted us)
61160,1,0.6166893,Low-Engagement / Passive,"Re-engagement campaign: usage incentives, feature education, win-back offer"
55560,1,0.089615725,Low-Engagement / Passive,"Re-engagement campaign: usage incentives, feature education, win-back offer"
60834,2,0.7341286,High-Usage / Handset-Gap,Device upgrade or contract-renewal incentive (heavy users on aging handsets)
70395,1,0.087991774,Low-Engagement / Passive,"Re-engagement campaign: usage incentives, feature education, win-back offer"
53034,1,0.47302487,Low-Engagement / Passive,"Re-engagement campaign: usage incentives, feature education, win-back offer"
59807,1,0.25714692,Low-Engagement / Passive,"Re-engagement campaign: usage incentives, feature education, win-back offer"
56683,2,0.32224092,High-Usage / Handset-Gap,Device upgrade or contract-renewal incentive (heavy users on aging handsets)
68845,1,0.27599758,Low-Engagement / Passive,"Re-engagement campaign: usage incentives, feature education, win-back offer"
60916,1,0.4144683,Low-Engagement / Passive,"Re-engagement campaign: usage incentives, feature education, win-back offer"
70959,1,0.30854008,Low-Engagement / Passive,"Re-engagement campaign: usage incentives, feature education, win-back offer"
56327,1,0.55536234,Low-Engagement / Passive,"Re-engagement campaign: usage incentives, feature education, win-back offer"
61841,1,0.39163226,Low-Engagement / Passive,"Re-engagement campaign: usage incentives, feature education, win-back offer"
70473,1,0.2991756,Low-Engagement / Passive,"Re-engagement campaign: usage incentives, feature education, win-back offer"
52182,1,0.37844318,Low-Engagement / Passive,"Re-engagement campaign: usage incentives, feature education, win-back offer"
70107,1,0.2995143,Low-Engagement / Passive,"Re-engagement campaign: usage incentives, feature education, win-back offer"
65084,2,0.4025055,High-Usage / Handset-Gap,Device upgrade or contract-renewal incentive (heavy users on aging handsets)
63392,1,0.53686464,Low-Engagement / Passive,"Re-engagement campaign: usage incentives, feature education, win-back offer"
52155,2,0.34751254,High-Usage / Handset-Gap,Device upgrade or contract-renewal incentive (heavy users on aging handsets)
67837,1,0.29819793,Low-Engagement / Passive,"Re-engagement campaign: usage incentives, feature education, win-back offer"
67497,2,0.3850342,High-Usage / Handset-Gap,Device upgrade or contract-renewal incentive (heavy users on aging handsets)
61862,2,0.43970308,High-Usage / Handset-Gap,Device upgrade or contract-renewal incentive (heavy users on aging handsets)
68473,1,0.14409275,Low-Engagement / Passive,"Re-engagement campaign: usage incentives, feature education, win-back offer"
68535,1,0.3987984,Low-Engagement / Passive,"Re-engagement campaign: usage incentives, feature education, win-back offer"
61055,0,0.6544554,At-Risk / Retention-Contact,Priority retention outreach + service recovery (already contacted us)
63256,2,0.3417239,High-Usage / Handset-Gap,Device upgrade or contract-renewal incentive (heavy users on aging handsets)
62330,1,0.38152137,Low-Engagement / Passive,"Re-engagement campaign: usage incentives, feature education, win-back offer"
53256,1,0.15371253,Low-Engagement / Passive,"Re-engagement campaign: usage incentives, feature education, win-back offer"
55153,0,0.38357595,At-Risk / Retention-Contact,Priority retention outreach + service recovery (already contacted us)
66708,2,0.2687815,High-Usage / Handset-Gap,Device upgrade or contract-renewal incentive (heavy users on aging handsets)
58184,2,0.24464951,High-Usage / Handset-Gap,Device upgrade or contract-renewal incentive (heavy users on aging handsets)
60278,1,0.28313905,Low-Engagement / Passive,"Re-engagement campaign: usage incentives, feature education, win-back offer"
59074,1,0.3263968,Low-Engagement / Passive,"Re-engagement campaign: usage incentives, feature education, win-back offer"
58268,1,0.25838447,Low-Engagement / Passive,"Re-engagement campaign: usage incentives, feature education, win-back offer"
60939,2,0.33328995,High-Usage / Handset-Gap,Device upgrade or contract-renewal incentive (heavy users on aging handsets)
62190,1,0.2553324,Low-Engagement / Passive,"Re-engagement campaign: usage incentives, feature education, win-back offer"
60809,1,0.4199611,Low-Engagement / Passive,"Re-engagement campaign: usage incentives, feature education, win-back offer"
63286,2,0.48247498,High-Usage / Handset-Gap,Device upgrade or contract-renewal incentive (heavy users on aging handsets)
67183,1,0.45112833,Low-Engagement / Passive,"Re-engagement campaign: usage incentives, feature education, win-back offer"
55040,2,0.62452954,High-Usage / Handset-Gap,Device upgrade or contract-renewal incentive (heavy users on aging handsets)
66279,2,0.593653,High-Usage / Handset-Gap,Device upgrade or contract-renewal incentive (heavy users on aging handsets)
62393,2,0.46988505,High-Usage / Handset-Gap,Device upgrade or contract-renewal incentive (heavy users on aging handsets)
55395,2,0.29970127,High-Usage / Handset-Gap,Device upgrade or contract-renewal incentive (heavy users on aging handsets)
62747,2,0.38758075,High-Usage / Handset-Gap,Device upgrade or contract-renewal incentive (heavy users on aging handsets)
70439,1,0.15231007,Low-Engagement / Passive,"Re-engagement campaign: usage incentives, feature education, win-back offer"
65275,1,0.3977383,Low-Engagement / Passive,"Re-engagement campaign: usage incentives, feature education, win-back offer"
54629,1,0.6597967,Low-Engagement / Passive,"Re-engagement campaign: usage incentives, feature education, win-back offer"
67502,1,0.5504498,Low-Engagement / Passive,"Re-engagement campaign: usage incentives, feature education, win-back offer"
69514,1,0.47127277,Low-Engagement / Passive,"Re-engagement campaign: usage incentives, feature education, win-back offer"
64811,1,0.36057088,Low-Engagement / Passive,"Re-engagement campaign: usage incentives, feature education, win-back offer"
70001,1,0.12899514,Low-Engagement / Passive,"Re-engagement campaign: usage incentives, feature education, win-back offer"
67473,1,0.44670525,Low-Engagement / Passive,"Re-engagement campaign: usage incentives, feature education, win-back offer"
63138,1,0.37931705,Low-Engagement / Passive,"Re-engagement campaign: usage incentives, feature education, win-back offer"
55980,2,0.46089774,High-Usage / Handset-Gap,Device upgrade or contract-renewal incentive (heavy users on aging handsets)
55275,1,0.29928023,Low-Engagement / Passive,"Re-engagement campaign: usage incentives, feature education, win-back offer"
58312,1,0.22076009,Low-Engagement / Passive,"Re-engagement campaign: usage incentives, feature education, win-back offer"
66618,2,0.21321374,High-Usage / Handset-Gap,Device upgrade or contract-renewal incentive (heavy users on aging handsets)
63760,1,0.26941475,Low-Engagement / Passive,"Re-engagement campaign: usage incentives, feature education, win-back offer"
63932,1,0.3257304,Low-Engagement / Passive,"Re-engagement campaign: usage incentives, feature education, win-back offer"
52701,1,0.363648,Low-Engagement / Passive,"Re-engagement campaign: usage incentives, feature education, win-back offer"
59168,1,0.33871642,Low-Engagement / Passive,"Re-engagement campaign: usage incentives, feature education, win-back offer"
64285,2,0.40737566,High-Usage / Handset-Gap,Device upgrade or contract-renewal incentive (heavy users on aging handsets)
56296,2,0.58071643,High-Usage / Handset-Gap,Device upgrade or contract-renewal incentive (heavy users on aging handsets)
52560,1,0.3278209,Low-Engagement / Passive,"Re-engagement campaign: usage incentives, feature education, win-back offer"
66285,1,0.36932594,Low-Engagement / Passive,"Re-engagement campaign: usage incentives, feature education, win-back offer"
67172,1,0.23134957,Low-Engagement / Passive,"Re-engagement campaign: usage incentives, feature education, win-back offer"
53403,2,0.24840394,High-Usage / Handset-Gap,Device upgrade or contract-renewal incentive (heavy users on aging handsets)
64072,1,0.31927082,Low-Engagement / Passive,"Re-engagement campaign: usage incentives, feature education, win-back offer"
61927,1,0.18723549,Low-Engagement / Passive,"Re-engagement campaign: usage incentives, feature education, win-back offer"
54863,1,0.29970923,Low-Engagement / Passive,"Re-engagement campaign: usage incentives, feature education, win-back offer"
67787,2,0.5576245,High-Usage / Handset-Gap,Device upgrade or contract-renewal incentive (heavy users on aging handsets)
53376,0,0.43242374,At-Risk / Retention-Contact,Priority retention outreach + service recovery (already contacted us)
58777,2,0.51292074,High-Usage / Handset-Gap,Device upgrade or contract-renewal incentive (heavy users on aging handsets)
57661,2,0.16039431,High-Usage / Handset-Gap,Device upgrade or contract-renewal incentive (heavy users on aging handsets)
68411,2,0.76502156,High-Usage / Handset-Gap,Device upgrade or contract-renewal incentive (heavy users on aging handsets)
55359,1,0.5571368,Low-Engagement / Passive,"Re-engagement campaign: usage incentives, feature education, win-back offer"
53204,2,0.49010742,High-Usage / Handset-Gap,Device upgrade or contract-renewal incentive (heavy users on aging handsets)
30443,2,0.4737563,High-Usage / Handset-Gap,Device upgrade or contract-renewal incentive (heavy users on aging handsets)
61194,2,0.33911577,High-Usage / Handset-Gap,Device upgrade or contract-renewal incentive (heavy users on aging handsets)
69551,1,0.26614115,Low-Engagement / Passive,"Re-engagement campaign: usage incentives, feature education, win-back offer"
69245,1,0.33818412,Low-Engagement / Passive,"Re-engagement campaign: usage incentives, feature education, win-back offer"
52617,1,0.19541426,Low-Engagement / Passive,"Re-engagement campaign: usage incentives, feature education, win-back offer"
30834,1,0.26244557,Low-Engagement / Passive,"Re-engagement campaign: usage incentives, feature education, win-back offer"
53618,2,0.4848343,High-Usage / Handset-Gap,Device upgrade or contract-renewal incentive (heavy users on aging handsets)
54041,1,0.5921961,Low-Engagement / Passive,"Re-engagement campaign: usage incentives, feature education, win-back offer"
58546,1,0.32664603,Low-Engagement / Passive,"Re-engagement campaign: usage incentives, feature education, win-back offer"
51664,2,0.5314072,High-Usage / Handset-Gap,Device upgrade or contract-renewal incentive (heavy users on aging handsets)
69543,1,0.0916766,Low-Engagement / Passive,"Re-engagement campaign: usage incentives, feature education, win-back offer"
52043,1,0.3065215,Low-Engagement / Passive,"Re-engagement campaign: usage incentives, feature education, win-back offer"
65516,2,0.3584841,High-Usage / Handset-Gap,Device upgrade or contract-renewal incentive (heavy users on aging handsets)
51463,0,0.57198036,At-Risk / Retention-Contact,Priority retention outreach + service recovery (already contacted us)
65809,1,0.18380155,Low-Engagement / Passive,"Re-engagement campaign: usage incentives, feature education, win-back offer"
64235,2,0.2291051,High-Usage / Handset-Gap,Device upgrade or contract-renewal incentive (heavy users on aging handsets)
56601,2,0.18134835,High-Usage / Handset-Gap,Device upgrade or contract-renewal incentive (heavy users on aging handsets)
60547,2,0.24947815,High-Usage / Handset-Gap,Device upgrade or contract-renewal incentive (heavy users on aging handsets)
54853,2,0.45935324,High-Usage / Handset-Gap,Device upgrade or contract-renewal incentive (heavy users on aging handsets)
58031,2,0.21238643,High-Usage / Handset-Gap,Device upgrade or contract-renewal incentive (heavy users on aging handsets)
53511,1,0.13867953,Low-Engagement / Passive,"Re-engagement campaign: usage incentives, feature education, win-back offer"
59024,2,0.18792315,High-Usage / Handset-Gap,Device upgrade or contract-renewal incentive (heavy users on aging handsets)
54379,2,0.38970655,High-Usage / Handset-Gap,Device upgrade or contract-renewal incentive (heavy users on aging handsets)
65844,2,0.2990663,High-Usage / Handset-Gap,Device upgrade or contract-renewal incentive (heavy users on aging handsets)
70818,2,0.29222804,High-Usage / Handset-Gap,Device upgrade or contract-renewal incentive (heavy users on aging handsets)
63280,1,0.41416126,Low-Engagement / Passive,"Re-engagement campaign: usage incentives, feature education, win-back offer"
55590,1,0.26698193,Low-Engagement / Passive,"Re-engagement campaign: usage incentives, feature education, win-back offer"
60126,1,0.3279557,Low-Engagement / Passive,"Re-engagement campaign: usage incentives, feature education, win-back offer"
55158,2,0.4272597,High-Usage / Handset-Gap,Device upgrade or contract-renewal incentive (heavy users on aging handsets)
51504,2,0.29246032,High-Usage / Handset-Gap,Device upgrade or contract-renewal incentive (heavy users on aging handsets)
57960,1,0.31354722,Low-Engagement / Passive,"Re-engagement campaign: usage incentives, feature education, win-back offer"
64724,2,0.19271156,High-Usage / Handset-Gap,Device upgrade or contract-renewal incentive (heavy users on aging handsets)
51576,2,0.22996931,High-Usage / Handset-Gap,Device upgrade or contract-renewal incentive (heavy users on aging handsets)
61980,1,0.5674322,Low-Engagement / Passive,"Re-engagement campaign: usage incentives, feature education, win-back offer"
52175,2,0.15149093,High-Usage / Handset-Gap,Device upgrade or contract-renewal incentive (heavy users on aging handsets)
68776,2,0.33686033,High-Usage / Handset-Gap,Device upgrade or contract-renewal incentive (heavy users on aging handsets)
68951,1,0.31429932,Low-Engagement / Passive,"Re-engagement campaign: usage incentives, feature education, win-back offer"
67854,1,0.4822418,Low-Engagement / Passive,"Re-engagement campaign: usage incentives, feature education, win-back offer"
60121,2,0.3696901,High-Usage / Handset-Gap,Device upgrade or contract-renewal incentive (heavy users on aging handsets)
69924,1,0.1352245,Low-Engagement / Passive,"Re-engagement campaign: usage incentives, feature education, win-back offer"
57325,1,0.5699553,Low-Engagement / Passive,"Re-engagement campaign: usage incentives, feature education, win-back offer"
52625,1,0.5672824,Low-Engagement / Passive,"Re-engagement campaign: usage incentives, feature education, win-back offer"
58912,1,0.20494005,Low-Engagement / Passive,"Re-engagement campaign: usage incentives, feature education, win-back offer"
69502,1,0.5502045,Low-Engagement / Passive,"Re-engagement campaign: usage incentives, feature education, win-back offer"
63131,1,0.36420903,Low-Engagement / Passive,"Re-engagement campaign: usage incentives, feature education, win-back offer"
30803,1,0.40594333,Low-Engagement / Passive,"Re-engagement campaign: usage incentives, feature education, win-back offer"
64506,0,0.5294222,At-Risk / Retention-Contact,Priority retention outreach + service recovery (already contacted us)
62876,1,0.3909442,Low-Engagement / Passive,"Re-engagement campaign: usage incentives, feature education, win-back offer"
59191,1,0.34883645,Low-Engagement / Passive,"Re-engagement campaign: usage incentives, feature education, win-back offer"
65455,2,0.46696687,High-Usage / Handset-Gap,Device upgrade or contract-renewal incentive (heavy users on aging handsets)
51799,0,0.19137815,At-Risk / Retention-Contact,Priority retention outreach + service recovery (already contacted us)
31024,0,0.38639665,At-Risk / Retention-Contact,Priority retention outreach + service recovery (already contacted us)
70879,1,0.31595942,Low-Engagement / Passive,"Re-engagement campaign: usage incentives, feature education, win-back offer"
58768,2,0.3367387,High-Usage / Handset-Gap,Device upgrade or contract-renewal incentive (heavy users on aging handsets)
63107,2,0.47768658,High-Usage / Handset-Gap,Device upgrade or contract-renewal incentive (heavy users on aging handsets)
58087,1,0.2873351,Low-Engagement / Passive,"Re-engagement campaign: usage incentives, feature education, win-back offer"
68413,2,0.13008049,High-Usage / Handset-Gap,Device upgrade or contract-renewal incentive (heavy users on aging handsets)
65756,1,0.40683392,Low-Engagement / Passive,"Re-engagement campaign: usage incentives, feature education, win-back offer"
66709,1,0.44341713,Low-Engagement / Passive,"Re-engagement campaign: usage incentives, feature education, win-back offer"
55906,0,0.19702438,At-Risk / Retention-Contact,Priority retention outreach + service recovery (already contacted us)
66495,2,0.3682276,High-Usage / Handset-Gap,Device upgrade or contract-renewal incentive (heavy users on aging handsets)
67991,1,0.35489303,Low-Engagement / Passive,"Re-engagement campaign: usage incentives, feature education, win-back offer"
70866,2,0.6148849,High-Usage / Handset-Gap,Device upgrade or contract-renewal incentive (heavy users on aging handsets)
67122,1,0.5855346,Low-Engagement / Passive,"Re-engagement campaign: usage incentives, feature education, win-back offer"
62488,2,0.3552722,High-Usage / Handset-Gap,Device upgrade or contract-renewal incentive (heavy users on aging handsets)
68608,1,0.35905847,Low-Engagement / Passive,"Re-engagement campaign: usage incentives, feature education, win-back offer"
51245,1,0.11031652,Low-Engagement / Passive,"Re-engagement campaign: usage incentives, feature education, win-back offer"
70230,1,0.21533504,Low-Engagement / Passive,"Re-engagement campaign: usage incentives, feature education, win-back offer"
53769,1,0.15433607,Low-Engagement / Passive,"Re-engagement campaign: usage incentives, feature education, win-back offer"
58964,1,0.51427263,Low-Engagement / Passive,"Re-engagement campaign: usage incentives, feature education, win-back offer"
63611,1,0.45784977,Low-Engagement / Passive,"Re-engagement campaign: usage incentives, feature education, win-back offer"
62954,2,0.55568767,High-Usage / Handset-Gap,Device upgrade or contract-renewal incentive (heavy users on aging handsets)
30680,1,0.27246353,Low-Engagement / Passive,"Re-engagement campaign: usage incentives, feature education, win-back offer"
70394,1,0.124900274,Low-Engagement / Passive,"Re-engagement campaign: usage incentives, feature education, win-back offer"
54061,1,0.39174142,Low-Engagement / Passive,"Re-engagement campaign: usage incentives, feature education, win-back offer"
63489,2,0.4906091,High-Usage / Handset-Gap,Device upgrade or contract-renewal incentive (heavy users on aging handsets)
61078,1,0.26088518,Low-Engagement / Passive,"Re-engagement campaign: usage incentives, feature education, win-back offer"
56675,1,0.54984623,Low-Engagement / Passive,"Re-engagement campaign: usage incentives, feature education, win-back offer"
69601,2,0.61755395,High-Usage / Handset-Gap,Device upgrade or contract-renewal incentive (heavy users on aging handsets)
64338,1,0.49228227,Low-Engagement / Passive,"Re-engagement campaign: usage incentives, feature education, win-back offer"
68217,1,0.37696797,Low-Engagement / Passive,"Re-engagement campaign: usage incentives, feature education, win-back offer"
68229,2,0.74105406,High-Usage / Handset-Gap,Device upgrade or contract-renewal incentive (heavy users on aging handsets)
61616,1,0.37536046,Low-Engagement / Passive,"Re-engagement campaign: usage incentives, feature education, win-back offer"
65506,0,0.39710802,At-Risk / Retention-Contact,Priority retention outreach + service recovery (already contacted us)
70803,2,0.46380144,High-Usage / Handset-Gap,Device upgrade or contract-renewal incentive (heavy users on aging handsets)
61329,1,0.44474143,Low-Engagement / Passive,"Re-engagement campaign: usage incentives, feature education, win-back offer"
69488,2,0.34972364,High-Usage / Handset-Gap,Device upgrade or contract-renewal incentive (heavy users on aging handsets)
59764,1,0.29481432,Low-Engagement / Passive,"Re-engagement campaign: usage incentives, feature education, win-back offer"
60895,1,0.37123793,Low-Engagement / Passive,"Re-engagement campaign: usage incentives, feature education, win-back offer"
30576,1,0.46100292,Low-Engagement / Passive,"Re-engagement campaign: usage incentives, feature education, win-back offer"
59308,1,0.09711843,Low-Engagement / Passive,"Re-engagement campaign: usage incentives, feature education, win-back offer"
59042,2,0.14468014,High-Usage / Handset-Gap,Device upgrade or contract-renewal incentive (heavy users on aging handsets)
61936,1,0.358001,Low-Engagement / Passive,"Re-engagement campaign: usage incentives, feature education, win-back offer"
65243,2,0.3473213,High-Usage / Handset-Gap,Device upgrade or contract-renewal incentive (heavy users on aging handsets)
54093,1,0.067458674,Low-Engagement / Passive,"Re-engagement campaign: usage incentives, feature education, win-back offer"
54631,0,0.5469426,At-Risk / Retention-Contact,Priority retention outreach + service recovery (already contacted us)
56524,0,0.30330184,At-Risk / Retention-Contact,Priority retention outreach + service recovery (already contacted us)
52843,1,0.31636795,Low-Engagement / Passive,"Re-engagement campaign: usage incentives, feature education, win-back offer"
69958,2,0.6238091,High-Usage / Handset-Gap,Device upgrade or contract-renewal incentive (heavy users on aging handsets)
51204,1,0.29578483,Low-Engagement / Passive,"Re-engagement campaign: usage incentives, feature education, win-back offer"
61900,2,0.4051933,High-Usage / Handset-Gap,Device upgrade or contract-renewal incentive (heavy users on aging handsets)
53943,2,0.2504898,High-Usage / Handset-Gap,Device upgrade or contract-renewal incentive (heavy users on aging handsets)
60326,2,0.32166553,High-Usage / Handset-Gap,Device upgrade or contract-renewal incentive (heavy users on aging handsets)
68835,0,0.32997227,At-Risk / Retention-Contact,Priority retention outreach + service recovery (already contacted us)
65802,2,0.5595056,High-Usage / Handset-Gap,Device upgrade or contract-renewal incentive (heavy users on aging handsets)
51411,2,0.6133103,High-Usage / Handset-Gap,Device upgrade or contract-renewal incentive (heavy users on aging handsets)
67280,1,0.29807073,Low-Engagement / Passive,"Re-engagement campaign: usage incentives, feature education, win-back offer"
53340,1,0.1837542,Low-Engagement / Passive,"Re-engagement campaign: usage incentives, feature education, win-back offer"
59954,1,0.44639796,Low-Engagement / Passive,"Re-engagement campaign: usage incentives, feature education, win-back offer"
58332,2,0.14333545,High-Usage / Handset-Gap,Device upgrade or contract-renewal incentive (heavy users on aging handsets)
68462,2,0.39100176,High-Usage / Handset-Gap,Device upgrade or contract-renewal incentive (heavy users on aging handsets)
55066,1,0.3392629,Low-Engagement / Passive,"Re-engagement campaign: usage incentives, feature education, win-back offer"
68643,1,0.18826692,Low-Engagement / Passive,"Re-engagement campaign: usage incentives, feature education, win-back offer"
70285,1,0.32029092,Low-Engagement / Passive,"Re-engagement campaign: usage incentives, feature education, win-back offer"
65554,1,0.52099603,Low-Engagement / Passive,"Re-engagement campaign: usage incentives, feature education, win-back offer"
68203,1,0.44207823,Low-Engagement / Passive,"Re-engagement campaign: usage incentives, feature education, win-back offer"
53013,1,0.28711417,Low-Engagement / Passive,"Re-engagement campaign: usage incentives, feature education, win-back offer"
70480,1,0.30773646,Low-Engagement / Passive,"Re-engagement campaign: usage incentives, feature education, win-back offer"
30625,2,0.32856113,High-Usage / Handset-Gap,Device upgrade or contract-renewal incentive (heavy users on aging handsets)
51254,0,0.5570059,At-Risk / Retention-Contact,Priority retention outreach + service recovery (already contacted us)
68044,1,0.104201555,Low-Engagement / Passive,"Re-engagement campaign: usage incentives, feature education, win-back offer"
52950,2,0.32632014,High-Usage / Handset-Gap,Device upgrade or contract-renewal incentive (heavy users on aging handsets)
57880,1,0.23445047,Low-Engagement / Passive,"Re-engagement campaign: usage incentives, feature education, win-back offer"
60947,1,0.5932292,Low-Engagement / Passive,"Re-engagement campaign: usage incentives, feature education, win-back offer"
58142,2,0.3058891,High-Usage / Handset-Gap,Device upgrade or contract-renewal incentive (heavy users on aging handsets)
68299,1,0.4340765,Low-Engagement / Passive,"Re-engagement campaign: usage incentives, feature education, win-back offer"
52613,2,0.32591486,High-Usage / Handset-Gap,Device upgrade or contract-renewal incentive (heavy users on aging handsets)
64979,1,0.25893575,Low-Engagement / Passive,"Re-engagement campaign: usage incentives, feature education, win-back offer"
68339,1,0.5942768,Low-Engagement / Passive,"Re-engagement campaign: usage incentives, feature education, win-back offer"
59755,1,0.18565,Low-Engagement / Passive,"Re-engagement campaign: usage incentives, feature education, win-back offer"
67474,1,0.6450664,Low-Engagement / Passive,"Re-engagement campaign: usage incentives, feature education, win-back offer"
56718,1,0.41659862,Low-Engagement / Passive,"Re-engagement campaign: usage incentives, feature education, win-back offer"
61572,1,0.45079577,Low-Engagement / Passive,"Re-engagement campaign: usage incentives, feature education, win-back offer"
54951,2,0.37447724,High-Usage / Handset-Gap,Device upgrade or contract-renewal incentive (heavy users on aging handsets)
55763,2,0.30043438,High-Usage / Handset-Gap,Device upgrade or contract-renewal incentive (heavy users on aging handsets)
61619,2,0.60219526,High-Usage / Handset-Gap,Device upgrade or contract-renewal incentive (heavy users on aging handsets)
59630,1,0.12525462,Low-Engagement / Passive,"Re-engagement campaign: usage incentives, feature education, win-back offer"
56859,2,0.24682173,High-Usage / Handset-Gap,Device upgrade or contract-renewal incentive (heavy users on aging handsets)
69484,2,0.176625,High-Usage / Handset-Gap,Device upgrade or contract-renewal incentive (heavy users on aging handsets)
64669,1,0.5804559,Low-Engagement / Passive,"Re-engagement campaign: usage incentives, feature education, win-back offer"
61512,1,0.36774346,Low-Engagement / Passive,"Re-engagement campaign: usage incentives, feature education, win-back offer"
60829,0,0.5699489,At-Risk / Retention-Contact,Priority retention outreach + service recovery (already contacted us)
64471,1,0.49071202,Low-Engagement / Passive,"Re-engagement campaign: usage incentives, feature education, win-back offer"
56526,1,0.37685546,Low-Engagement / Passive,"Re-engagement campaign: usage incentives, feature education, win-back offer"
61538,2,0.41679135,High-Usage / Handset-Gap,Device upgrade or contract-renewal incentive (heavy users on aging handsets)
65306,2,0.7040971,High-Usage / Handset-Gap,Device upgrade or contract-renewal incentive (heavy users on aging handsets)
54444,2,0.3000326,High-Usage / Handset-Gap,Device upgrade or contract-renewal incentive (heavy users on aging handsets)
55074,1,0.29816023,Low-Engagement / Passive,"Re-engagement campaign: usage incentives, feature education, win-back offer"
63977,1,0.25726464,Low-Engagement / Passive,"Re-engagement campaign: usage incentives, feature education, win-back offer"
63193,1,0.42301205,Low-Engagement / Passive,"Re-engagement campaign: usage incentives, feature education, win-back offer"
70251,2,0.11661047,High-Usage / Handset-Gap,Device upgrade or contract-renewal incentive (heavy users on aging handsets)
52062,2,0.60175467,High-Usage / Handset-Gap,Device upgrade or contract-renewal incentive (heavy users on aging handsets)
65703,2,0.59252435,High-Usage / Handset-Gap,Device upgrade or contract-renewal incentive (heavy users on aging handsets)
66950,1,0.32266003,Low-Engagement / Passive,"Re-engagement campaign: usage incentives, feature education, win-back offer"
53363,1,0.29220128,Low-Engagement / Passive,"Re-engagement campaign: usage incentives, feature education, win-back offer"
53906,1,0.31281,Low-Engagement / Passive,"Re-engagement campaign: usage incentives, feature education, win-back offer"
60297,2,0.73891497,High-Usage / Handset-Gap,Device upgrade or contract-renewal incentive (heavy users on aging handsets)
64124,2,0.55868065,High-Usage / Handset-Gap,Device upgrade or contract-renewal incentive (heavy users on aging handsets)
61259,1,0.44497254,Low-Engagement / Passive,"Re-engagement campaign: usage incentives, feature education, win-back offer"
69349,2,0.16694772,High-Usage / Handset-Gap,Device upgrade or contract-renewal incentive (heavy users on aging handsets)
67791,1,0.288125,Low-Engagement / Passive,"Re-engagement campaign: usage incentives, feature education, win-back offer"
68459,1,0.42415,Low-Engagement / Passive,"Re-engagement campaign: usage incentives, feature education, win-back offer"
53089,2,0.050441753,High-Usage / Handset-Gap,Device upgrade or contract-renewal incentive (heavy users on aging handsets)
60328,1,0.47929853,Low-Engagement / Passive,"Re-engagement campaign: usage incentives, feature education, win-back offer"
52407,1,0.4047845,Low-Engagement / Passive,"Re-engagement campaign: usage incentives, feature education, win-back offer"
57642,2,0.30977172,High-Usage / Handset-Gap,Device upgrade or contract-renewal incentive (heavy users on aging handsets)
52169,2,0.35647014,High-Usage / Handset-Gap,Device upgrade or contract-renewal incentive (heavy users on aging handsets)
68704,1,0.39112434,Low-Engagement / Passive,"Re-engagement campaign: usage incentives, feature education, win-back offer"
67773,2,0.54578197,High-Usage / Handset-Gap,Device upgrade or contract-renewal incentive (heavy users on aging handsets)
60486,1,0.39366993,Low-Engagement / Passive,"Re-engagement campaign: usage incentives, feature education, win-back offer"
63452,1,0.6587923,Low-Engagement / Passive,"Re-engagement campaign: usage incentives, feature education, win-back offer"
62645,1,0.49673215,Low-Engagement / Passive,"Re-engagement campaign: usage incentives, feature education, win-back offer"
70509,1,0.44793153,Low-Engagement / Passive,"Re-engagement campaign: usage incentives, feature education, win-back offer"
57284,2,0.31377494,High-Usage / Handset-Gap,Device upgrade or contract-renewal incentive (heavy users on aging handsets)
65169,2,0.2956796,High-Usage / Handset-Gap,Device upgrade or contract-renewal incentive (heavy users on aging handsets)
64444,2,0.17013869,High-Usage / Handset-Gap,Device upgrade or contract-renewal incentive (heavy users on aging handsets)
60542,2,0.38504365,High-Usage / Handset-Gap,Device upgrade or contract-renewal incentive (heavy users on aging handsets)
59745,1,0.33428863,Low-Engagement / Passive,"Re-engagement campaign: usage incentives, feature education, win-back offer"
64288,2,0.54662824,High-Usage / Handset-Gap,Device upgrade or contract-renewal incentive (heavy users on aging handsets)
52664,1,0.27916825,Low-Engagement / Passive,"Re-engagement campaign: usage incentives, feature education, win-back offer"
56324,1,0.2386932,Low-Engagement / Passive,"Re-engagement campaign: usage incentives, feature education, win-back offer"
61353,2,0.50542665,High-Usage / Handset-Gap,Device upgrade or contract-renewal incentive (heavy users on aging handsets)
64573,2,0.48552817,High-Usage / Handset-Gap,Device upgrade or contract-renewal incentive (heavy users on aging handsets)
66125,2,0.36982706,High-Usage / Handset-Gap,Device upgrade or contract-renewal incentive (heavy users on aging handsets)
53183,2,0.55580425,High-Usage / Handset-Gap,Device upgrade or contract-renewal incentive (heavy users on aging handsets)
55365,1,0.19908117,Low-Engagement / Passive,"Re-engagement campaign: usage incentives, feature education, win-back offer"
56928,0,0.6966881,At-Risk / Retention-Contact,Priority retention outreach + service recovery (already contacted us)
62543,1,0.44821206,Low-Engagement / Passive,"Re-engagement campaign: usage incentives, feature education, win-back offer"
30755,1,0.39555505,Low-Engagement / Passive,"Re-engagement campaign: usage incentives, feature education, win-back offer"
60589,2,0.45732677,High-Usage / Handset-Gap,Device upgrade or contract-renewal incentive (heavy users on aging handsets)
65412,1,0.24025844,Low-Engagement / Passive,"Re-engagement campaign: usage incentives, feature education, win-back offer"
66035,1,0.29102823,Low-Engagement / Passive,"Re-engagement campaign: usage incentives, feature education, win-back offer"
58580,1,0.47316548,Low-Engagement / Passive,"Re-engagement campaign: usage incentives, feature education, win-back offer"
66099,1,0.3095508,Low-Engagement / Passive,"Re-engagement campaign: usage incentives, feature education, win-back offer"
55742,2,0.5867265,High-Usage / Handset-Gap,Device upgrade or contract-renewal incentive (heavy users on aging handsets)
64352,1,0.5037209,Low-Engagement / Passive,"Re-engagement campaign: usage incentives, feature education, win-back offer"
65475,2,0.47536206,High-Usage / Handset-Gap,Device upgrade or contract-renewal incentive (heavy users on aging handsets)
56976,2,0.7121617,High-Usage / Handset-Gap,Device upgrade or contract-renewal incentive (heavy users on aging handsets)
53441,1,0.3532409,Low-Engagement / Passive,"Re-engagement campaign: usage incentives, feature education, win-back offer"
60651,1,0.16260822,Low-Engagement / Passive,"Re-engagement campaign: usage incentives, feature education, win-back offer"
64638,1,0.20410182,Low-Engagement / Passive,"Re-engagement campaign: usage incentives, feature education, win-back offer"
55959,1,0.27702907,Low-Engagement / Passive,"Re-engagement campaign: usage incentives, feature education, win-back offer"
58266,2,0.3481429,High-Usage / Handset-Gap,Device upgrade or contract-renewal incentive (heavy users on aging handsets)
57394,1,0.29334164,Low-Engagement / Passive,"Re-engagement campaign: usage incentives, feature education, win-back offer"
58527,1,0.42374584,Low-Engagement / Passive,"Re-engagement campaign: usage incentives, feature education, win-back offer"
53883,2,0.36325294,High-Usage / Handset-Gap,Device upgrade or contract-renewal incentive (heavy users on aging handsets)
58379,2,0.2257559,High-Usage / Handset-Gap,Device upgrade or contract-renewal incentive (heavy users on aging handsets)
53144,2,0.1880024,High-Usage / Handset-Gap,Device upgrade or contract-renewal incentive (heavy users on aging handsets)
68610,1,0.45647103,Low-Engagement / Passive,"Re-engagement campaign: usage incentives, feature education, win-back offer"
67049,1,0.33300278,Low-Engagement / Passive,"Re-engagement campaign: usage incentives, feature education, win-back offer"
66444,2,0.108624905,High-Usage / Handset-Gap,Device upgrade or contract-renewal incentive (heavy users on aging handsets)
69866,1,0.6350146,Low-Engagement / Passive,"Re-engagement campaign: usage incentives, feature education, win-back offer"
56347,2,0.36378503,High-Usage / Handset-Gap,Device upgrade or contract-renewal incentive (heavy users on aging handsets)
67744,2,0.42451584,High-Usage / Handset-Gap,Device upgrade or contract-renewal incentive (heavy users on aging handsets)
61258,2,0.58624727,High-Usage / Handset-Gap,Device upgrade or contract-renewal incentive (heavy users on aging handsets)
63851,1,0.33312297,Low-Engagement / Passive,"Re-engagement campaign: usage incentives, feature education, win-back offer"
70283,1,0.29768834,Low-Engagement / Passive,"Re-engagement campaign: usage incentives, feature education, win-back offer"
58240,1,0.4601338,Low-Engagement / Passive,"Re-engagement campaign: usage incentives, feature education, win-back offer"
65593,2,0.6532187,High-Usage / Handset-Gap,Device upgrade or contract-renewal incentive (heavy users on aging handsets)
62973,1,0.34473965,Low-Engagement / Passive,"Re-engagement campaign: usage incentives, feature education, win-back offer"
68071,2,0.5508693,High-Usage / Handset-Gap,Device upgrade or contract-renewal incentive (heavy users on aging handsets)
54829,2,0.37731576,High-Usage / Handset-Gap,Device upgrade or contract-renewal incentive (heavy users on aging handsets)
64857,1,0.47624126,Low-Engagement / Passive,"Re-engagement campaign: usage incentives, feature education, win-back offer"
68298,1,0.5201318,Low-Engagement / Passive,"Re-engagement campaign: usage incentives, feature education, win-back offer"
68540,1,0.50783116,Low-Engagement / Passive,"Re-engagement campaign: usage incentives, feature education, win-back offer"
53516,1,0.21241044,Low-Engagement / Passive,"Re-engagement campaign: usage incentives, feature education, win-back offer"
63109,1,0.54127175,Low-Engagement / Passive,"Re-engagement campaign: usage incentives, feature education, win-back offer"
64247,1,0.5772734,Low-Engagement / Passive,"Re-engagement campaign: usage incentives, feature education, win-back offer"
67294,0,0.64444816,At-Risk / Retention-Contact,Priority retention outreach + service recovery (already contacted us)
70073,1,0.22697222,Low-Engagement / Passive,"Re-engagement campaign: usage incentives, feature education, win-back offer"
51436,2,0.43031982,High-Usage / Handset-Gap,Device upgrade or contract-renewal incentive (heavy users on aging handsets)
56177,1,0.6239396,Low-Engagement / Passive,"Re-engagement campaign: usage incentives, feature education, win-back offer"
59502,1,0.42582086,Low-Engagement / Passive,"Re-engagement campaign: usage incentives, feature education, win-back offer"
52408,2,0.41041392,High-Usage / Handset-Gap,Device upgrade or contract-renewal incentive (heavy users on aging handsets)
52528,2,0.34847838,High-Usage / Handset-Gap,Device upgrade or contract-renewal incentive (heavy users on aging handsets)
64241,0,0.8518546,At-Risk / Retention-Contact,Priority retention outreach + service recovery (already contacted us)
68735,2,0.2121764,High-Usage / Handset-Gap,Device upgrade or contract-renewal incentive (heavy users on aging handsets)
64321,2,0.24588792,High-Usage / Handset-Gap,Device upgrade or contract-renewal incentive (heavy users on aging handsets)
30737,2,0.21912526,High-Usage / Handset-Gap,Device upgrade or contract-renewal incentive (heavy users on aging handsets)
58840,0,0.41363585,At-Risk / Retention-Contact,Priority retention outreach + service recovery (already contacted us)
51188,2,0.36184737,High-Usage / Handset-Gap,Device upgrade or contract-renewal incentive (heavy users on aging handsets)
65487,2,0.22090968,High-Usage / Handset-Gap,Device upgrade or contract-renewal incentive (heavy users on aging handsets)
69858,1,0.36356804,Low-Engagement / Passive,"Re-engagement campaign: usage incentives, feature education, win-back offer"
59855,1,0.5206706,Low-Engagement / Passive,"Re-engagement campaign: usage incentives, feature education, win-back offer"
66448,2,0.65635055,High-Usage / Handset-Gap,Device upgrade or contract-renewal incentive (heavy users on aging handsets)
55071,1,0.35707867,Low-Engagement / Passive,"Re-engagement campaign: usage incentives, feature education, win-back offer"
57111,1,0.30522016,Low-Engagement / Passive,"Re-engagement campaign: usage incentives, feature education, win-back offer"
61399,1,0.46957496,Low-Engagement / Passive,"Re-engagement campaign: usage incentives, feature education, win-back offer"
51968,1,0.34324393,Low-Engagement / Passive,"Re-engagement campaign: usage incentives, feature education, win-back offer"
62734,2,0.52684045,High-Usage / Handset-Gap,Device upgrade or contract-renewal incentive (heavy users on aging handsets)
54665,2,0.5875982,High-Usage / Handset-Gap,Device upgrade or contract-renewal incentive (heavy users on aging handsets)
52468,1,0.21013236,Low-Engagement / Passive,"Re-engagement campaign: usage incentives, feature education, win-back offer"
58852,1,0.420246,Low-Engagement / Passive,"Re-engagement campaign: usage incentives, feature education, win-back offer"
64138,1,0.1487276,Low-Engagement / Passive,"Re-engagement campaign: usage incentives, feature education, win-back offer"
68377,2,0.32345837,High-Usage / Handset-Gap,Device upgrade or contract-renewal incentive (heavy users on aging handsets)
53926,1,0.3400224,Low-Engagement / Passive,"Re-engagement campaign: usage incentives, feature education, win-back offer"
65590,2,0.60230416,High-Usage / Handset-Gap,Device upgrade or contract-renewal incentive (heavy users on aging handsets)
66286,1,0.23395377,Low-Engagement / Passive,"Re-engagement campaign: usage incentives, feature education, win-back offer"
53990,0,0.6220801,At-Risk / Retention-Contact,Priority retention outreach + service recovery (already contacted us)
61088,1,0.44505385,Low-Engagement / Passive,"Re-engagement campaign: usage incentives, feature education, win-back offer"
52444,1,0.47011605,Low-Engagement / Passive,"Re-engagement campaign: usage incentives, feature education, win-back offer"
56612,0,0.5231618,At-Risk / Retention-Contact,Priority retention outreach + service recovery (already contacted us)
68698,2,0.36220694,High-Usage / Handset-Gap,Device upgrade or contract-renewal incentive (heavy users on aging handsets)
60507,2,0.35691646,High-Usage / Handset-Gap,Device upgrade or contract-renewal incentive (heavy users on aging handsets)
30958,2,0.65034986,High-Usage / Handset-Gap,Device upgrade or contract-renewal incentive (heavy users on aging handsets)
67828,1,0.25157553,Low-Engagement / Passive,"Re-engagement campaign: usage incentives, feature education, win-back offer"
68571,1,0.48670524,Low-Engagement / Passive,"Re-engagement campaign: usage incentives, feature education, win-back offer"
66693,2,0.63022923,High-Usage / Handset-Gap,Device upgrade or contract-renewal incentive (heavy users on aging handsets)
55778,1,0.2972496,Low-Engagement / Passive,"Re-engagement campaign: usage incentives, feature education, win-back offer"
66284,1,0.5291598,Low-Engagement / Passive,"Re-engagement campaign: usage incentives, feature education, win-back offer"
69569,1,0.15908885,Low-Engagement / Passive,"Re-engagement campaign: usage incentives, feature education, win-back offer"
65663,1,0.5559657,Low-Engagement / Passive,"Re-engagement campaign: usage incentives, feature education, win-back offer"
70043,2,0.26674068,High-Usage / Handset-Gap,Device upgrade or contract-renewal incentive (heavy users on aging handsets)
61598,1,0.23568113,Low-Engagement / Passive,"Re-engagement campaign: usage incentives, feature education, win-back offer"
51187,0,0.8704603,At-Risk / Retention-Contact,Priority retention outreach + service recovery (already contacted us)
55301,1,0.16023408,Low-Engagement / Passive,"Re-engagement campaign: usage incentives, feature education, win-back offer"
69254,1,0.32803982,Low-Engagement / Passive,"Re-engagement campaign: usage incentives, feature education, win-back offer"
61677,1,0.31112292,Low-Engagement / Passive,"Re-engagement campaign: usage incentives, feature education, win-back offer"
58304,1,0.25970662,Low-Engagement / Passive,"Re-engagement campaign: usage incentives, feature education, win-back offer"
64270,0,0.6858152,At-Risk / Retention-Contact,Priority retention outreach + service recovery (already contacted us)
65815,2,0.29757044,High-Usage / Handset-Gap,Device upgrade or contract-renewal incentive (heavy users on aging handsets)
62902,1,0.3030743,Low-Engagement / Passive,"Re-engagement campaign: usage incentives, feature education, win-back offer"
67817,2,0.10146076,High-Usage / Handset-Gap,Device upgrade or contract-renewal incentive (heavy users on aging handsets)
60680,1,0.32460144,Low-Engagement / Passive,"Re-engagement campaign: usage incentives, feature education, win-back offer"
63608,1,0.28239712,Low-Engagement / Passive,"Re-engagement campaign: usage incentives, feature education, win-back offer"
52577,1,0.3804781,Low-Engagement / Passive,"Re-engagement campaign: usage incentives, feature education, win-back offer"
66512,2,0.4775549,High-Usage / Handset-Gap,Device upgrade or contract-renewal incentive (heavy users on aging handsets)
66076,1,0.4329641,Low-Engagement / Passive,"Re-engagement campaign: usage incentives, feature education, win-back offer"
57144,1,0.33882234,Low-Engagement / Passive,"Re-engagement campaign: usage incentives, feature education, win-back offer"
64331,2,0.2945081,High-Usage / Handset-Gap,Device upgrade or contract-renewal incentive (heavy users on aging handsets)
55418,2,0.6911288,High-Usage / Handset-Gap,Device upgrade or contract-renewal incentive (heavy users on aging handsets)
62120,2,0.4547162,High-Usage / Handset-Gap,Device upgrade or contract-renewal incentive (heavy users on aging handsets)
68664,1,0.17687295,Low-Engagement / Passive,"Re-engagement campaign: usage incentives, feature education, win-back offer"
67383,1,0.27984387,Low-Engagement / Passive,"Re-engagement campaign: usage incentives, feature education, win-back offer"
64070,2,0.20103362,High-Usage / Handset-Gap,Device upgrade or contract-renewal incentive (heavy users on aging handsets)
56236,1,0.32247812,Low-Engagement / Passive,"Re-engagement campaign: usage incentives, feature education, win-back offer"
62010,1,0.28289214,Low-Engagement / Passive,"Re-engagement campaign: usage incentives, feature education, win-back offer"
57889,0,0.58068603,At-Risk / Retention-Contact,Priority retention outreach + service recovery (already contacted us)
57902,2,0.7431657,High-Usage / Handset-Gap,Device upgrade or contract-renewal incentive (heavy users on aging handsets)
60418,1,0.55078536,Low-Engagement / Passive,"Re-engagement campaign: usage incentives, feature education, win-back offer"
67567,1,0.3698645,Low-Engagement / Passive,"Re-engagement campaign: usage incentives, feature education, win-back offer"
64049,2,0.60031915,High-Usage / Handset-Gap,Device upgrade or contract-renewal incentive (heavy users on aging handsets)
55962,0,0.5871836,At-Risk / Retention-Contact,Priority retention outreach + service recovery (already contacted us)
68330,1,0.30832836,Low-Engagement / Passive,"Re-engagement campaign: usage incentives, feature education, win-back offer"
63741,1,0.3718371,Low-Engagement / Passive,"Re-engagement campaign: usage incentives, feature education, win-back offer"
59586,1,0.11567989,Low-Engagement / Passive,"Re-engagement campaign: usage incentives, feature education, win-back offer"
55707,2,0.4741601,High-Usage / Handset-Gap,Device upgrade or contract-renewal incentive (heavy users on aging handsets)
60426,1,0.43640286,Low-Engagement / Passive,"Re-engagement campaign: usage incentives, feature education, win-back offer"
61093,1,0.37259486,Low-Engagement / Passive,"Re-engagement campaign: usage incentives, feature education, win-back offer"
65434,1,0.4622181,Low-Engagement / Passive,"Re-engagement campaign: usage incentives, feature education, win-back offer"
66635,1,0.2918971,Low-Engagement / Passive,"Re-engagement campaign: usage incentives, feature education, win-back offer"
51257,1,0.13356511,Low-Engagement / Passive,"Re-engagement campaign: usage incentives, feature education, win-back offer"
62664,2,0.4348696,High-Usage / Handset-Gap,Device upgrade or contract-renewal incentive (heavy users on aging handsets)
58758,2,0.3369655,High-Usage / Handset-Gap,Device upgrade or contract-renewal incentive (heavy users on aging handsets)
69555,2,0.04304318,High-Usage / Handset-Gap,Device upgrade or contract-renewal incentive (heavy users on aging handsets)
52058,2,0.408117,High-Usage / Handset-Gap,Device upgrade or contract-renewal incentive (heavy users on aging handsets)
59997,1,0.43173343,Low-Engagement / Passive,"Re-engagement campaign: usage incentives, feature education, win-back offer"
70175,2,0.3434735,High-Usage / Handset-Gap,Device upgrade or contract-renewal incentive (heavy users on aging handsets)
52178,1,0.39882457,Low-Engagement / Passive,"Re-engagement campaign: usage incentives, feature education, win-back offer"
64509,2,0.16521254,High-Usage / Handset-Gap,Device upgrade or contract-renewal incentive (heavy users on aging handsets)
52347,2,0.37350544,High-Usage / Handset-Gap,Device upgrade or contract-renewal incentive (heavy users on aging handsets)
59354,2,0.3444857,High-Usage / Handset-Gap,Device upgrade or contract-renewal incentive (heavy users on aging handsets)
51261,1,0.4274832,Low-Engagement / Passive,"Re-engagement campaign: usage incentives, feature education, win-back offer"
51136,1,0.15989108,Low-Engagement / Passive,"Re-engagement campaign: usage incentives, feature education, win-back offer"
61607,1,0.50700223,Low-Engagement / Passive,"Re-engagement campaign: usage incentives, feature education, win-back offer"
55550,2,0.33163342,High-Usage / Handset-Gap,Device upgrade or contract-renewal incentive (heavy users on aging handsets)
64841,1,0.37663543,Low-Engagement / Passive,"Re-engagement campaign: usage incentives, feature education, win-back offer"
68730,2,0.41999218,High-Usage / Handset-Gap,Device upgrade or contract-renewal incentive (heavy users on aging handsets)
58572,1,0.20550735,Low-Engagement / Passive,"Re-engagement campaign: usage incentives, feature education, win-back offer"
57597,1,0.261038,Low-Engagement / Passive,"Re-engagement campaign: usage incentives, feature education, win-back offer"
70766,2,0.27092996,High-Usage / Handset-Gap,Device upgrade or contract-renewal incentive (heavy users on aging handsets)
68410,1,0.3334664,Low-Engagement / Passive,"Re-engagement campaign: usage incentives, feature education, win-back offer"
67928,2,0.6541801,High-Usage / Handset-Gap,Device upgrade or contract-renewal incentive (heavy users on aging handsets)
59694,1,0.421131,Low-Engagement / Passive,"Re-engagement campaign: usage incentives, feature education, win-back offer"
53192,2,0.5063543,High-Usage / Handset-Gap,Device upgrade or contract-renewal incentive (heavy users on aging handsets)
58569,1,0.3434975,Low-Engagement / Passive,"Re-engagement campaign: usage incentives, feature education, win-back offer"
53961,1,0.27025154,Low-Engagement / Passive,"Re-engagement campaign: usage incentives, feature education, win-back offer"
67878,1,0.5240734,Low-Engagement / Passive,"Re-engagement campaign: usage incentives, feature education, win-back offer"
53993,2,0.3136101,High-Usage / Handset-Gap,Device upgrade or contract-renewal incentive (heavy users on aging handsets)
53828,1,0.20413232,Low-Engagement / Passive,"Re-engagement campaign: usage incentives, feature education, win-back offer"
30612,0,0.76906,At-Risk / Retention-Contact,Priority retention outreach + service recovery (already contacted us)
59266,1,0.4777882,Low-Engagement / Passive,"Re-engagement campaign: usage incentives, feature education, win-back offer"
63841,2,0.52509046,High-Usage / Handset-Gap,Device upgrade or contract-renewal incentive (heavy users on aging handsets)
69605,1,0.58062124,Low-Engagement / Passive,"Re-engagement campaign: usage incentives, feature education, win-back offer"
69024,1,0.20105131,Low-Engagement / Passive,"Re-engagement campaign: usage incentives, feature education, win-back offer"
68729,1,0.406811,Low-Engagement / Passive,"Re-engagement campaign: usage incentives, feature education, win-back offer"
55474,2,0.3994941,High-Usage / Handset-Gap,Device upgrade or contract-renewal incentive (heavy users on aging handsets)
52309,0,0.19716278,At-Risk / Retention-Contact,Priority retention outreach + service recovery (already contacted us)
53892,2,0.23568535,High-Usage / Handset-Gap,Device upgrade or contract-renewal incentive (heavy users on aging handsets)
51863,1,0.24421018,Low-Engagement / Passive,"Re-engagement campaign: usage incentives, feature education, win-back offer"
55741,1,0.24820176,Low-Engagement / Passive,"Re-engagement campaign: usage incentives, feature education, win-back offer"
65078,1,0.5264548,Low-Engagement / Passive,"Re-engagement campaign: usage incentives, feature education, win-back offer"
62313,1,0.27087504,Low-Engagement / Passive,"Re-engagement campaign: usage incentives, feature education, win-back offer"
57443,1,0.34730542,Low-Engagement / Passive,"Re-engagement campaign: usage incentives, feature education, win-back offer"
52549,2,0.36844614,High-Usage / Handset-Gap,Device upgrade or contract-renewal incentive (heavy users on aging handsets)
59050,1,0.39348155,Low-Engagement / Passive,"Re-engagement campaign: usage incentives, feature education, win-back offer"
66953,1,0.2897381,Low-Engagement / Passive,"Re-engagement campaign: usage incentives, feature education, win-back offer"
53931,1,0.5875814,Low-Engagement / Passive,"Re-engagement campaign: usage incentives, feature education, win-back offer"
58885,2,0.33072913,High-Usage / Handset-Gap,Device upgrade or contract-renewal incentive (heavy users on aging handsets)
63824,1,0.4560228,Low-Engagement / Passive,"Re-engagement campaign: usage incentives, feature education, win-back offer"
62652,1,0.38825727,Low-Engagement / Passive,"Re-engagement campaign: usage incentives, feature education, win-back offer"
58359,1,0.26032975,Low-Engagement / Passive,"Re-engagement campaign: usage incentives, feature education, win-back offer"
68597,1,0.24562055,Low-Engagement / Passive,"Re-engagement campaign: usage incentives, feature education, win-back offer"
64787,2,0.28591213,High-Usage / Handset-Gap,Device upgrade or contract-renewal incentive (heavy users on aging handsets)
60269,2,0.27649593,High-Usage / Handset-Gap,Device upgrade or contract-renewal incentive (heavy users on aging handsets)
54806,2,0.2543375,High-Usage / Handset-Gap,Device upgrade or contract-renewal incentive (heavy users on aging handsets)
56108,1,0.34854597,Low-Engagement / Passive,"Re-engagement campaign: usage incentives, feature education, win-back offer"
64550,1,0.33692172,Low-Engagement / Passive,"Re-engagement campaign: usage incentives, feature education, win-back offer"
57409,2,0.27684313,High-Usage / Handset-Gap,Device upgrade or contract-renewal incentive (heavy users on aging handsets)
61776,2,0.38822827,High-Usage / Handset-Gap,Device upgrade or contract-renewal incentive (heavy users on aging handsets)
68037,2,0.5650868,High-Usage / Handset-Gap,Device upgrade or contract-renewal incentive (heavy users on aging handsets)
52418,2,0.7395148,High-Usage / Handset-Gap,Device upgrade or contract-renewal incentive (heavy users on aging handsets)
52871,0,0.420415,At-Risk / Retention-Contact,Priority retention outreach + service recovery (already contacted us)
59750,2,0.22010168,High-Usage / Handset-Gap,Device upgrade or contract-renewal incentive (heavy users on aging handsets)
69010,2,0.07368545,High-Usage / Handset-Gap,Device upgrade or contract-renewal incentive (heavy users on aging handsets)
57474,1,0.42099422,Low-Engagement / Passive,"Re-engagement campaign: usage incentives, feature education, win-back offer"
66940,1,0.26944143,Low-Engagement / Passive,"Re-engagement campaign: usage incentives, feature education, win-back offer"
57204,2,0.29245344,High-Usage / Handset-Gap,Device upgrade or contract-renewal incentive (heavy users on aging handsets)
69854,1,0.46292987,Low-Engagement / Passive,"Re-engagement campaign: usage incentives, feature education, win-back offer"
52691,2,0.25428268,High-Usage / Handset-Gap,Device upgrade or contract-renewal incentive (heavy users on aging handsets)
54076,1,0.26790366,Low-Engagement / Passive,"Re-engagement campaign: usage incentives, feature education, win-back offer"
54651,2,0.3216004,High-Usage / Handset-Gap,Device upgrade or contract-renewal incentive (heavy users on aging handsets)
61948,1,0.45668504,Low-Engagement / Passive,"Re-engagement campaign: usage incentives, feature education, win-back offer"
69389,2,0.27707306,High-Usage / Handset-Gap,Device upgrade or contract-renewal incentive (heavy users on aging handsets)
54903,2,0.2759118,High-Usage / Handset-Gap,Device upgrade or contract-renewal incentive (heavy users on aging handsets)
70713,2,0.7207928,High-Usage / Handset-Gap,Device upgrade or contract-renewal incentive (heavy users on aging handsets)
70632,2,0.06815265,High-Usage / Handset-Gap,Device upgrade or contract-renewal incentive (heavy users on aging handsets)
71025,1,0.41851038,Low-Engagement / Passive,"Re-engagement campaign: usage incentives, feature education, win-back offer"
54096,1,0.43130913,Low-Engagement / Passive,"Re-engagement campaign: usage incentives, feature education, win-back offer"
68873,1,0.2240861,Low-Engagement / Passive,"Re-engagement campaign: usage incentives, feature education, win-back offer"
70054,2,0.17409258,High-Usage / Handset-Gap,Device upgrade or contract-renewal incentive (heavy users on aging handsets)
64492,2,0.2918493,High-Usage / Handset-Gap,Device upgrade or contract-renewal incentive (heavy users on aging handsets)
66679,0,0.57644033,At-Risk / Retention-Contact,Priority retention outreach + service recovery (already contacted us)
68121,1,0.5071432,Low-Engagement / Passive,"Re-engagement campaign: usage incentives, feature education, win-back offer"
61881,1,0.26520497,Low-Engagement / Passive,"Re-engagement campaign: usage incentives, feature education, win-back offer"
60216,1,0.33248067,Low-Engagement / Passive,"Re-engagement campaign: usage incentives, feature education, win-back offer"
68556,1,0.17452495,Low-Engagement / Passive,"Re-engagement campaign: usage incentives, feature education, win-back offer"
64860,1,0.61786926,Low-Engagement / Passive,"Re-engagement campaign: usage incentives, feature education, win-back offer"
69052,2,0.49545255,High-Usage / Handset-Gap,Device upgrade or contract-renewal incentive (heavy users on aging handsets)
60758,2,0.30859122,High-Usage / Handset-Gap,Device upgrade or contract-renewal incentive (heavy users on aging handsets)
69300,1,0.27961668,Low-Engagement / Passive,"Re-engagement campaign: usage incentives, feature education, win-back offer"
58618,1,0.43037558,Low-Engagement / Passive,"Re-engagement campaign: usage incentives, feature education, win-back offer"
63672,1,0.34955662,Low-Engagement / Passive,"Re-engagement campaign: usage incentives, feature education, win-back offer"
54343,2,0.33238325,High-Usage / Handset-Gap,Device upgrade or contract-renewal incentive (heavy users on aging handsets)
54732,0,0.5577379,At-Risk / Retention-Contact,Priority retention outreach + service recovery (already contacted us)
51987,2,0.5335782,High-Usage / Handset-Gap,Device upgrade or contract-renewal incentive (heavy users on aging handsets)
68371,1,0.39074248,Low-Engagement / Passive,"Re-engagement campaign: usage incentives, feature education, win-back offer"
56148,0,0.41768435,At-Risk / Retention-Contact,Priority retention outreach + service recovery (already contacted us)
53106,2,0.42935967,High-Usage / Handset-Gap,Device upgrade or contract-renewal incentive (heavy users on aging handsets)
68469,1,0.6111751,Low-Engagement / Passive,"Re-engagement campaign: usage incentives, feature education, win-back offer"
63342,2,0.20675036,High-Usage / Handset-Gap,Device upgrade or contract-renewal incentive (heavy users on aging handsets)
67915,2,0.6553497,High-Usage / Handset-Gap,Device upgrade or contract-renewal incentive (heavy users on aging handsets)
63695,1,0.35248938,Low-Engagement / Passive,"Re-engagement campaign: usage incentives, feature education, win-back offer"
56150,1,0.29508302,Low-Engagement / Passive,"Re-engagement campaign: usage incentives, feature education, win-back offer"
52823,1,0.60977775,Low-Engagement / Passive,"Re-engagement campaign: usage incentives, feature education, win-back offer"
68644,1,0.18218663,Low-Engagement / Passive,"Re-engagement campaign: usage incentives, feature education, win-back offer"
56065,0,0.45436287,At-Risk / Retention-Contact,Priority retention outreach + service recovery (already contacted us)
65035,1,0.5058244,Low-Engagement / Passive,"Re-engagement campaign: usage incentives, feature education, win-back offer"
59179,2,0.20274727,High-Usage / Handset-Gap,Device upgrade or contract-renewal incentive (heavy users on aging handsets)
58893,1,0.40635103,Low-Engagement / Passive,"Re-engagement campaign: usage incentives, feature education, win-back offer"
53237,0,0.46075258,At-Risk / Retention-Contact,Priority retention outreach + service recovery (already contacted us)
67444,1,0.27099085,Low-Engagement / Passive,"Re-engagement campaign: usage incentives, feature education, win-back offer"
56080,0,0.4748793,At-Risk / Retention-Contact,Priority retention outreach + service recovery (already contacted us)
65901,2,0.767717,High-Usage / Handset-Gap,Device upgrade or contract-renewal incentive (heavy users on aging handsets)
53422,2,0.3635689,High-Usage / Handset-Gap,Device upgrade or contract-renewal incentive (heavy users on aging handsets)
58033,1,0.410795,Low-Engagement / Passive,"Re-engagement campaign: usage incentives, feature education, win-back offer"
52242,2,0.18910667,High-Usage / Handset-Gap,Device upgrade or contract-renewal incentive (heavy users on aging handsets)
62061,1,0.37335688,Low-Engagement / Passive,"Re-engagement campaign: usage incentives, feature education, win-back offer"
70661,1,0.28423667,Low-Engagement / Passive,"Re-engagement campaign: usage incentives, feature education, win-back offer"
58766,2,0.83635217,High-Usage / Handset-Gap,Device upgrade or contract-renewal incentive (heavy users on aging handsets)
62912,2,0.4125567,High-Usage / Handset-Gap,Device upgrade or contract-renewal incentive (heavy users on aging handsets)
54087,1,0.2882304,Low-Engagement / Passive,"Re-engagement campaign: usage incentives, feature education, win-back offer"
60835,1,0.24425244,Low-Engagement / Passive,"Re-engagement campaign: usage incentives, feature education, win-back offer"
60019,1,0.2099697,Low-Engagement / Passive,"Re-engagement campaign: usage incentives, feature education, win-back offer"
56838,1,0.5126657,Low-Engagement / Passive,"Re-engagement campaign: usage incentives, feature education, win-back offer"
67749,1,0.41608277,Low-Engagement / Passive,"Re-engagement campaign: usage incentives, feature education, win-back offer"
69994,1,0.15037967,Low-Engagement / Passive,"Re-engagement campaign: usage incentives, feature education, win-back offer"
63494,2,0.21548241,High-Usage / Handset-Gap,Device upgrade or contract-renewal incentive (heavy users on aging handsets)
65800,1,0.44474682,Low-Engagement / Passive,"Re-engagement campaign: usage incentives, feature education, win-back offer"
68073,1,0.123028666,Low-Engagement / Passive,"Re-engagement campaign: usage incentives, feature education, win-back offer"
65970,1,0.12160324,Low-Engagement / Passive,"Re-engagement campaign: usage incentives, feature education, win-back offer"
60330,2,0.35302928,High-Usage / Handset-Gap,Device upgrade or contract-renewal incentive (heavy users on aging handsets)
70565,1,0.10594765,Low-Engagement / Passive,"Re-engagement campaign: usage incentives, feature education, win-back offer"
56312,1,0.32080495,Low-Engagement / Passive,"Re-engagement campaign: usage incentives, feature education, win-back offer"
66624,1,0.2738104,Low-Engagement / Passive,"Re-engagement campaign: usage incentives, feature education, win-back offer"
57447,2,0.42838305,High-Usage / Handset-Gap,Device upgrade or contract-renewal incentive (heavy users on aging handsets)
58773,0,0.5552696,At-Risk / Retention-Contact,Priority retention outreach + service recovery (already contacted us)
70673,1,0.096186996,Low-Engagement / Passive,"Re-engagement campaign: usage incentives, feature education, win-back offer"
67203,1,0.54276407,Low-Engagement / Passive,"Re-engagement campaign: usage incentives, feature education, win-back offer"
56715,1,0.11104846,Low-Engagement / Passive,"Re-engagement campaign: usage incentives, feature education, win-back offer"
54652,0,0.63796073,At-Risk / Retention-Contact,Priority retention outreach + service recovery (already contacted us)
56621,1,0.32173344,Low-Engagement / Passive,"Re-engagement campaign: usage incentives, feature education, win-back offer"
64391,2,0.43423772,High-Usage / Handset-Gap,Device upgrade or contract-renewal incentive (heavy users on aging handsets)
56387,2,0.3882628,High-Usage / Handset-Gap,Device upgrade or contract-renewal incentive (heavy users on aging handsets)
59597,2,0.42992285,High-Usage / Handset-Gap,Device upgrade or contract-renewal incentive (heavy users on aging handsets)
30674,1,0.49462485,Low-Engagement / Passive,"Re-engagement campaign: usage incentives, feature education, win-back offer"
64016,2,0.28473377,High-Usage / Handset-Gap,Device upgrade or contract-renewal incentive (heavy users on aging handsets)
63405,1,0.34188914,Low-Engagement / Passive,"Re-engagement campaign: usage incentives, feature education, win-back offer"
30766,2,0.19724333,High-Usage / Handset-Gap,Device upgrade or contract-renewal incentive (heavy users on aging handsets)
62945,1,0.4774665,Low-Engagement / Passive,"Re-engagement campaign: usage incentives, feature education, win-back offer"
55562,1,0.40745386,Low-Engagement / Passive,"Re-engagement campaign: usage incentives, feature education, win-back offer"
53971,1,0.15295671,Low-Engagement / Passive,"Re-engagement campaign: usage incentives, feature education, win-back offer"
58197,1,0.25925294,Low-Engagement / Passive,"Re-engagement campaign: usage incentives, feature education, win-back offer"
58650,2,0.1882831,High-Usage / Handset-Gap,Device upgrade or contract-renewal incentive (heavy users on aging handsets)
61460,2,0.14860961,High-Usage / Handset-Gap,Device upgrade or contract-renewal incentive (heavy users on aging handsets)
57529,1,0.35980147,Low-Engagement / Passive,"Re-engagement campaign: usage incentives, feature education, win-back offer"
61371,1,0.39281258,Low-Engagement / Passive,"Re-engagement campaign: usage incentives, feature education, win-back offer"
65567,2,0.4459597,High-Usage / Handset-Gap,Device upgrade or contract-renewal incentive (heavy users on aging handsets)
61038,1,0.512868,Low-Engagement / Passive,"Re-engagement campaign: usage incentives, feature education, win-back offer"
63515,1,0.52496076,Low-Engagement / Passive,"Re-engagement campaign: usage incentives, feature education, win-back offer"
52948,2,0.4245131,High-Usage / Handset-Gap,Device upgrade or contract-renewal incentive (heavy users on aging handsets)
65874,2,0.2723566,High-Usage / Handset-Gap,Device upgrade or contract-renewal incentive (heavy users on aging handsets)
70793,1,0.16782902,Low-Engagement / Passive,"Re-engagement campaign: usage incentives, feature education, win-back offer"
57425,1,0.17445213,Low-Engagement / Passive,"Re-engagement campaign: usage incentives, feature education, win-back offer"
59334,1,0.42709354,Low-Engagement / Passive,"Re-engagement campaign: usage incentives, feature education, win-back offer"
65179,2,0.4238982,High-Usage / Handset-Gap,Device upgrade or contract-renewal incentive (heavy users on aging handsets)
62528,2,0.3838682,High-Usage / Handset-Gap,Device upgrade or contract-renewal incentive (heavy users on aging handsets)
69040,1,0.41093972,Low-Engagement / Passive,"Re-engagement campaign: usage incentives, feature education, win-back offer"
52002,1,0.17042184,Low-Engagement / Passive,"Re-engagement campaign: usage incentives, feature education, win-back offer"
57940,1,0.50054145,Low-Engagement / Passive,"Re-engagement campaign: usage incentives, feature education, win-back offer"
53336,1,0.46842095,Low-Engagement / Passive,"Re-engagement campaign: usage incentives, feature education, win-back offer"
61418,1,0.1591768,Low-Engagement / Passive,"Re-engagement campaign: usage incentives, feature education, win-back offer"
59870,0,0.31839707,At-Risk / Retention-Contact,Priority retention outreach + service recovery (already contacted us)
52270,2,0.20850445,High-Usage / Handset-Gap,Device upgrade or contract-renewal incentive (heavy users on aging handsets)
58956,1,0.560995,Low-Engagement / Passive,"Re-engagement campaign: usage incentives, feature education, win-back offer"
60175,0,0.693476,At-Risk / Retention-Contact,Priority retention outreach + service recovery (already contacted us)
63907,1,0.40497068,Low-Engagement / Passive,"Re-engagement campaign: usage incentives, feature education, win-back offer"
61046,2,0.2785262,High-Usage / Handset-Gap,Device upgrade or contract-renewal incentive (heavy users on aging handsets)
51548,1,0.15621981,Low-Engagement / Passive,"Re-engagement campaign: usage incentives, feature education, win-back offer"
65940,2,0.6774959,High-Usage / Handset-Gap,Device upgrade or contract-renewal incentive (heavy users on aging handsets)
58683,2,0.44883126,High-Usage / Handset-Gap,Device upgrade or contract-renewal incentive (heavy users on aging handsets)
64504,2,0.53677344,High-Usage / Handset-Gap,Device upgrade or contract-renewal incentive (heavy users on aging handsets)
54147,2,0.34712312,High-Usage / Handset-Gap,Device upgrade or contract-renewal incentive (heavy users on aging handsets)
59462,1,0.45181185,Low-Engagement / Passive,"Re-engagement campaign: usage incentives, feature education, win-back offer"
58466,2,0.40323114,High-Usage / Handset-Gap,Device upgrade or contract-renewal incentive (heavy users on aging handsets)
30475,1,0.21829866,Low-Engagement / Passive,"Re-engagement campaign: usage incentives, feature education, win-back offer"
59788,1,0.2100757,Low-Engagement / Passive,"Re-engagement campaign: usage incentives, feature education, win-back offer"
51511,1,0.5218933,Low-Engagement / Passive,"Re-engagement campaign: usage incentives, feature education, win-back offer"
53041,1,0.14159842,Low-Engagement / Passive,"Re-engagement campaign: usage incentives, feature education, win-back offer"
30904,1,0.32560027,Low-Engagement / Passive,"Re-engagement campaign: usage incentives, feature education, win-back offer"
30590,2,0.36936182,High-Usage / Handset-Gap,Device upgrade or contract-renewal incentive (heavy users on aging handsets)
54734,2,0.71074027,High-Usage / Handset-Gap,Device upgrade or contract-renewal incentive (heavy users on aging handsets)
70737,2,0.052248526,High-Usage / Handset-Gap,Device upgrade or contract-renewal incentive (heavy users on aging handsets)
51371,2,0.35536456,High-Usage / Handset-Gap,Device upgrade or contract-renewal incentive (heavy users on aging handsets)
67434,1,0.4902888,Low-Engagement / Passive,"Re-engagement campaign: usage incentives, feature education, win-back offer"
54304,1,0.14694822,Low-Engagement / Passive,"Re-engagement campaign: usage incentives, feature education, win-back offer"
59279,1,0.42005393,Low-Engagement / Passive,"Re-engagement campaign: usage incentives, feature education, win-back offer"
63433,2,0.70086086,High-Usage / Handset-Gap,Device upgrade or contract-renewal incentive (heavy users on aging handsets)
61243,2,0.40308952,High-Usage / Handset-Gap,Device upgrade or contract-renewal incentive (heavy users on aging handsets)
58897,2,0.3455298,High-Usage / Handset-Gap,Device upgrade or contract-renewal incentive (heavy users on aging handsets)
65016,2,0.5549639,High-Usage / Handset-Gap,Device upgrade or contract-renewal incentive (heavy users on aging handsets)
64304,1,0.39769796,Low-Engagement / Passive,"Re-engagement campaign: usage incentives, feature education, win-back offer"
55936,1,0.32543027,Low-Engagement / Passive,"Re-engagement campaign: usage incentives, feature education, win-back offer"
55384,2,0.51229644,High-Usage / Handset-Gap,Device upgrade or contract-renewal incentive (heavy users on aging handsets)
66892,2,0.3975624,High-Usage / Handset-Gap,Device upgrade or contract-renewal incentive (heavy users on aging handsets)
65957,2,0.4239767,High-Usage / Handset-Gap,Device upgrade or contract-renewal incentive (heavy users on aging handsets)
61596,1,0.3469557,Low-Engagement / Passive,"Re-engagement campaign: usage incentives, feature education, win-back offer"
67921,1,0.30590284,Low-Engagement / Passive,"Re-engagement campaign: usage incentives, feature education, win-back offer"
64349,1,0.39133263,Low-Engagement / Passive,"Re-engagement campaign: usage incentives, feature education, win-back offer"
61223,2,0.42772737,High-Usage / Handset-Gap,Device upgrade or contract-renewal incentive (heavy users on aging handsets)
69947,1,0.5117978,Low-Engagement / Passive,"Re-engagement campaign: usage incentives, feature education, win-back offer"
56359,1,0.33675838,Low-Engagement / Passive,"Re-engagement campaign: usage incentives, feature education, win-back offer"
66588,1,0.38860646,Low-Engagement / Passive,"Re-engagement campaign: usage incentives, feature education, win-back offer"
54453,1,0.52874875,Low-Engagement / Passive,"Re-engagement campaign: usage incentives, feature education, win-back offer"
61584,1,0.2712535,Low-Engagement / Passive,"Re-engagement campaign: usage incentives, feature education, win-back offer"
53057,1,0.1919866,Low-Engagement / Passive,"Re-engagement campaign: usage incentives, feature education, win-back offer"
65210,1,0.5145253,Low-Engagement / Passive,"Re-engagement campaign: usage incentives, feature education, win-back offer"
55004,2,0.71281177,High-Usage / Handset-Gap,Device upgrade or contract-renewal incentive (heavy users on aging handsets)
65248,2,0.17334731,High-Usage / Handset-Gap,Device upgrade or contract-renewal incentive (heavy users on aging handsets)
61240,1,0.4276425,Low-Engagement / Passive,"Re-engagement campaign: usage incentives, feature education, win-back offer"
53066,2,0.3297561,High-Usage / Handset-Gap,Device upgrade or contract-renewal incentive (heavy users on aging handsets)
53087,2,0.44951943,High-Usage / Handset-Gap,Device upgrade or contract-renewal incentive (heavy users on aging handsets)
30910,2,0.15820357,High-Usage / Handset-Gap,Device upgrade or contract-renewal incentive (heavy users on aging handsets)
51928,2,0.5935339,High-Usage / Handset-Gap,Device upgrade or contract-renewal incentive (heavy users on aging handsets)
59606,2,0.3417963,High-Usage / Handset-Gap,Device upgrade or contract-renewal incentive (heavy users on aging handsets)
51172,1,0.25716367,Low-Engagement / Passive,"Re-engagement campaign: usage incentives, feature education, win-back offer"
67030,2,0.49535844,High-Usage / Handset-Gap,Device upgrade or contract-renewal incentive (heavy users on aging handsets)
68362,2,0.5233079,High-Usage / Handset-Gap,Device upgrade or contract-renewal incentive (heavy users on aging handsets)
70066,2,0.04569775,High-Usage / Handset-Gap,Device upgrade or contract-renewal incentive (heavy users on aging handsets)
52746,2,0.380907,High-Usage / Handset-Gap,Device upgrade or contract-renewal incentive (heavy users on aging handsets)
71005,2,0.38090423,High-Usage / Handset-Gap,Device upgrade or contract-renewal incentive (heavy users on aging handsets)
53772,2,0.6494939,High-Usage / Handset-Gap,Device upgrade or contract-renewal incentive (heavy users on aging handsets)
51507,2,0.20060648,High-Usage / Handset-Gap,Device upgrade or contract-renewal incentive (heavy users on aging handsets)
60022,1,0.37788075,Low-Engagement / Passive,"Re-engagement campaign: usage incentives, feature education, win-back offer"
61053,2,0.4608477,High-Usage / Handset-Gap,Device upgrade or contract-renewal incentive (heavy users on aging handsets)
60856,2,0.33708873,High-Usage / Handset-Gap,Device upgrade or contract-renewal incentive (heavy users on aging handsets)
60894,1,0.46409437,Low-Engagement / Passive,"Re-engagement campaign: usage incentives, feature education, win-back offer"
67186,1,0.16972768,Low-Engagement / Passive,"Re-engagement campaign: usage incentives, feature education, win-back offer"
64785,2,0.421389,High-Usage / Handset-Gap,Device upgrade or contract-renewal incentive (heavy users on aging handsets)
54071,1,0.18927078,Low-Engagement / Passive,"Re-engagement campaign: usage incentives, feature education, win-back offer"
65819,2,0.42873332,High-Usage / Handset-Gap,Device upgrade or contract-renewal incentive (heavy users on aging handsets)
69905,1,0.33905542,Low-Engagement / Passive,"Re-engagement campaign: usage incentives, feature education, win-back offer"
67193,1,0.3678422,Low-Engagement / Passive,"Re-engagement campaign: usage incentives, feature education, win-back offer"
53085,2,0.5074565,High-Usage / Handset-Gap,Device upgrade or contract-renewal incentive (heavy users on aging handsets)
53289,1,0.23561801,Low-Engagement / Passive,"Re-engagement campaign: usage incentives, feature education, win-back offer"
53635,1,0.18224308,Low-Engagement / Passive,"Re-engagement campaign: usage incentives, feature education, win-back offer"
56151,1,0.3507271,Low-Engagement / Passive,"Re-engagement campaign: usage incentives, feature education, win-back offer"
63502,1,0.3491941,Low-Engagement / Passive,"Re-engagement campaign: usage incentives, feature education, win-back offer"
66552,1,0.37052575,Low-Engagement / Passive,"Re-engagement campaign: usage incentives, feature education, win-back offer"
62209,2,0.51077,High-Usage / Handset-Gap,Device upgrade or contract-renewal incentive (heavy users on aging handsets)
58592,0,0.40281826,At-Risk / Retention-Contact,Priority retention outreach + service recovery (already contacted us)
60609,1,0.5367803,Low-Engagement / Passive,"Re-engagement campaign: usage incentives, feature education, win-back offer"
69223,1,0.28791317,Low-Engagement / Passive,"Re-engagement campaign: usage incentives, feature education, win-back offer"
52907,1,0.2955741,Low-Engagement / Passive,"Re-engagement campaign: usage incentives, feature education, win-back offer"
68978,2,0.37381056,High-Usage / Handset-Gap,Device upgrade or contract-renewal incentive (heavy users on aging handsets)
62642,1,0.2969426,Low-Engagement / Passive,"Re-engagement campaign: usage incentives, feature education, win-back offer"
54274,1,0.41372335,Low-Engagement / Passive,"Re-engagement campaign: usage incentives, feature education, win-back offer"
67792,0,0.4823774,At-Risk / Retention-Contact,Priority retention outreach + service recovery (already contacted us)
70956,1,0.59288496,Low-Engagement / Passive,"Re-engagement campaign: usage incentives, feature education, win-back offer"
66991,1,0.12926789,Low-Engagement / Passive,"Re-engagement campaign: usage incentives, feature education, win-back offer"
67476,1,0.2715253,Low-Engagement / Passive,"Re-engagement campaign: usage incentives, feature education, win-back offer"
65439,2,0.46287665,High-Usage / Handset-Gap,Device upgrade or contract-renewal incentive (heavy users on aging handsets)
57421,1,0.3842513,Low-Engagement / Passive,"Re-engagement campaign: usage incentives, feature education, win-back offer"
64791,1,0.37710008,Low-Engagement / Passive,"Re-engagement campaign: usage incentives, feature education, win-back offer"
30848,2,0.6340244,High-Usage / Handset-Gap,Device upgrade or contract-renewal incentive (heavy users on aging handsets)
65150,2,0.4398475,High-Usage / Handset-Gap,Device upgrade or contract-renewal incentive (heavy users on aging handsets)
64153,1,0.2848905,Low-Engagement / Passive,"Re-engagement campaign: usage incentives, feature education, win-back offer"
67158,2,0.53890383,High-Usage / Handset-Gap,Device upgrade or contract-renewal incentive (heavy users on aging handsets)
57389,1,0.34720868,Low-Engagement / Passive,"Re-engagement campaign: usage incentives, feature education, win-back offer"
69413,1,0.16023304,Low-Engagement / Passive,"Re-engagement campaign: usage incentives, feature education, win-back offer"
61313,0,0.47653675,At-Risk / Retention-Contact,Priority retention outreach + service recovery (already contacted us)
52472,2,0.3587729,High-Usage / Handset-Gap,Device upgrade or contract-renewal incentive (heavy users on aging handsets)
57997,1,0.4802994,Low-Engagement / Passive,"Re-engagement campaign: usage incentives, feature education, win-back offer"
66578,2,0.48751652,High-Usage / Handset-Gap,Device upgrade or contract-renewal incentive (heavy users on aging handsets)
69054,1,0.098623574,Low-Engagement / Passive,"Re-engagement campaign: usage incentives, feature education, win-back offer"
64783,0,0.6092036,At-Risk / Retention-Contact,Priority retention outreach + service recovery (already contacted us)
55576,2,0.40249583,High-Usage / Handset-Gap,Device upgrade or contract-renewal incentive (heavy users on aging handsets)
69152,1,0.48713484,Low-Engagement / Passive,"Re-engagement campaign: usage incentives, feature education, win-back offer"
57765,1,0.21074542,Low-Engagement / Passive,"Re-engagement campaign: usage incentives, feature education, win-back offer"
60944,1,0.273186,Low-Engagement / Passive,"Re-engagement campaign: usage incentives, feature education, win-back offer"
56371,0,0.57391244,At-Risk / Retention-Contact,Priority retention outreach + service recovery (already contacted us)
66463,1,0.21039101,Low-Engagement / Passive,"Re-engagement campaign: usage incentives, feature education, win-back offer"
51246,2,0.4850777,High-Usage / Handset-Gap,Device upgrade or contract-renewal incentive (heavy users on aging handsets)
51898,0,0.18583997,At-Risk / Retention-Contact,Priority retention outreach + service recovery (already contacted us)
66779,1,0.41808134,Low-Engagement / Passive,"Re-engagement campaign: usage incentives, feature education, win-back offer"
69059,2,0.15090474,High-Usage / Handset-Gap,Device upgrade or contract-renewal incentive (heavy users on aging handsets)
67365,1,0.50391203,Low-Engagement / Passive,"Re-engagement campaign: usage incentives, feature education, win-back offer"
60649,1,0.3431108,Low-Engagement / Passive,"Re-engagement campaign: usage incentives, feature education, win-back offer"
58230,2,0.29756287,High-Usage / Handset-Gap,Device upgrade or contract-renewal incentive (heavy users on aging handsets)
56947,1,0.33668974,Low-Engagement / Passive,"Re-engagement campaign: usage incentives, feature education, win-back offer"
52355,1,0.24835996,Low-Engagement / Passive,"Re-engagement campaign: usage incentives, feature education, win-back offer"
64500,2,0.25599813,High-Usage / Handset-Gap,Device upgrade or contract-renewal incentive (heavy users on aging handsets)
53110,1,0.3816072,Low-Engagement / Passive,"Re-engagement campaign: usage incentives, feature education, win-back offer"
59245,1,0.53091013,Low-Engagement / Passive,"Re-engagement campaign: usage incentives, feature education, win-back offer"
55169,0,0.4952552,At-Risk / Retention-Contact,Priority retention outreach + service recovery (already contacted us)
66027,1,0.27592033,Low-Engagement / Passive,"Re-engagement campaign: usage incentives, feature education, win-back offer"
62794,2,0.4445581,High-Usage / Handset-Gap,Device upgrade or contract-renewal incentive (heavy users on aging handsets)
60937,1,0.6581788,Low-Engagement / Passive,"Re-engagement campaign: usage incentives, feature education, win-back offer"
69559,1,0.26044044,Low-Engagement / Passive,"Re-engagement campaign: usage incentives, feature education, win-back offer"
58600,1,0.30666798,Low-Engagement / Passive,"Re-engagement campaign: usage incentives, feature education, win-back offer"
70456,2,0.13895948,High-Usage / Handset-Gap,Device upgrade or contract-renewal incentive (heavy users on aging handsets)
58726,1,0.40756026,Low-Engagement / Passive,"Re-engagement campaign: usage incentives, feature education, win-back offer"
55545,1,0.4149914,Low-Engagement / Passive,"Re-engagement campaign: usage incentives, feature education, win-back offer"
68444,1,0.5215486,Low-Engagement / Passive,"Re-engagement campaign: usage incentives, feature education, win-back offer"
67545,1,0.35209066,Low-Engagement / Passive,"Re-engagement campaign: usage incentives, feature education, win-back offer"
65513,1,0.13426106,Low-Engagement / Passive,"Re-engagement campaign: usage incentives, feature education, win-back offer"
62978,2,0.41458097,High-Usage / Handset-Gap,Device upgrade or contract-renewal incentive (heavy users on aging handsets)
64645,2,0.2720035,High-Usage / Handset-Gap,Device upgrade or contract-renewal incentive (heavy users on aging handsets)
69509,1,0.43164444,Low-Engagement / Passive,"Re-engagement campaign: usage incentives, feature education, win-back offer"
64583,2,0.2893827,High-Usage / Handset-Gap,Device upgrade or contract-renewal incentive (heavy users on aging handsets)
60541,1,0.49454105,Low-Engagement / Passive,"Re-engagement campaign: usage incentives, feature education, win-back offer"
55410,1,0.2375304,Low-Engagement / Passive,"Re-engagement campaign: usage incentives, feature education, win-back offer"
68048,1,0.3042159,Low-Engagement / Passive,"Re-engagement campaign: usage incentives, feature education, win-back offer"
66252,2,0.5383974,High-Usage / Handset-Gap,Device upgrade or contract-renewal incentive (heavy users on aging handsets)
51849,1,0.408202,Low-Engagement / Passive,"Re-engagement campaign: usage incentives, feature education, win-back offer"
62911,2,0.5587673,High-Usage / Handset-Gap,Device upgrade or contract-renewal incentive (heavy users on aging handsets)
59152,2,0.32908234,High-Usage / Handset-Gap,Device upgrade or contract-renewal incentive (heavy users on aging handsets)
70904,2,0.5488136,High-Usage / Handset-Gap,Device upgrade or contract-renewal incentive (heavy users on aging handsets)
64467,2,0.5431837,High-Usage / Handset-Gap,Device upgrade or contract-renewal incentive (heavy users on aging handsets)
67219,1,0.3904573,Low-Engagement / Passive,"Re-engagement campaign: usage incentives, feature education, win-back offer"
66403,2,0.48866484,High-Usage / Handset-Gap,Device upgrade or contract-renewal incentive (heavy users on aging handsets)
62738,1,0.62322944,Low-Engagement / Passive,"Re-engagement campaign: usage incentives, feature education, win-back offer"
70638,2,0.33442637,High-Usage / Handset-Gap,Device upgrade or contract-renewal incentive (heavy users on aging handsets)
67784,1,0.5043388,Low-Engagement / Passive,"Re-engagement campaign: usage incentives, feature education, win-back offer"
58146,2,0.6387025,High-Usage / Handset-Gap,Device upgrade or contract-renewal incentive (heavy users on aging handsets)
52016,1,0.072771505,Low-Engagement / Passive,"Re-engagement campaign: usage incentives, feature education, win-back offer"
64640,2,0.41164327,High-Usage / Handset-Gap,Device upgrade or contract-renewal incentive (heavy users on aging handsets)
60794,1,0.17061278,Low-Engagement / Passive,"Re-engagement campaign: usage incentives, feature education, win-back offer"
65044,1,0.39343888,Low-Engagement / Passive,"Re-engagement campaign: usage incentives, feature education, win-back offer"
64261,1,0.13888477,Low-Engagement / Passive,"Re-engagement campaign: usage incentives, feature education, win-back offer"
56639,2,0.37171748,High-Usage / Handset-Gap,Device upgrade or contract-renewal incentive (heavy users on aging handsets)
61702,2,0.34621304,High-Usage / Handset-Gap,Device upgrade or contract-renewal incentive (heavy users on aging handsets)
65522,2,0.5478074,High-Usage / Handset-Gap,Device upgrade or contract-renewal incentive (heavy users on aging handsets)
65641,2,0.45047376,High-Usage / Handset-Gap,Device upgrade or contract-renewal incentive (heavy users on aging handsets)
53826,1,0.35582003,Low-Engagement / Passive,"Re-engagement campaign: usage incentives, feature education, win-back offer"
51922,2,0.49177825,High-Usage / Handset-Gap,Device upgrade or contract-renewal incentive (heavy users on aging handsets)
61665,1,0.43723497,Low-Engagement / Passive,"Re-engagement campaign: usage incentives, feature education, win-back offer"
55535,1,0.20369,Low-Engagement / Passive,"Re-engagement campaign: usage incentives, feature education, win-back offer"
53177,1,0.42411345,Low-Engagement / Passive,"Re-engagement campaign: usage incentives, feature education, win-back offer"
55615,1,0.35911056,Low-Engagement / Passive,"Re-engagement campaign: usage incentives, feature education, win-back offer"
55934,1,0.23570696,Low-Engagement / Passive,"Re-engagement campaign: usage incentives, feature education, win-back offer"
51457,1,0.12459471,Low-Engagement / Passive,"Re-engagement campaign: usage incentives, feature education, win-back offer"
51382,1,0.28284806,Low-Engagement / Passive,"Re-engagement campaign: usage incentives, feature education, win-back offer"
67319,2,0.06404871,High-Usage / Handset-Gap,Device upgrade or contract-renewal incentive (heavy users on aging handsets)
70171,1,0.29534462,Low-Engagement / Passive,"Re-engagement campaign: usage incentives, feature education, win-back offer"
59342,0,0.5381826,At-Risk / Retention-Contact,Priority retention outreach + service recovery (already contacted us)
54977,1,0.30147162,Low-Engagement / Passive,"Re-engagement campaign: usage incentives, feature education, win-back offer"
64515,1,0.2774909,Low-Engagement / Passive,"Re-engagement campaign: usage incentives, feature education, win-back offer"
56405,2,0.37197173,High-Usage / Handset-Gap,Device upgrade or contract-renewal incentive (heavy users on aging handsets)
55292,1,0.4773521,Low-Engagement / Passive,"Re-engagement campaign: usage incentives, feature education, win-back offer"
69213,1,0.207253,Low-Engagement / Passive,"Re-engagement campaign: usage incentives, feature education, win-back offer"
70710,1,0.1864338,Low-Engagement / Passive,"Re-engagement campaign: usage incentives, feature education, win-back offer"
55546,1,0.42660418,Low-Engagement / Passive,"Re-engagement campaign: usage incentives, feature education, win-back offer"
64727,1,0.37847173,Low-Engagement / Passive,"Re-engagement campaign: usage incentives, feature education, win-back offer"
58557,1,0.51015323,Low-Engagement / Passive,"Re-engagement campaign: usage incentives, feature education, win-back offer"
64257,2,0.5371188,High-Usage / Handset-Gap,Device upgrade or contract-renewal incentive (heavy users on aging handsets)
58423,2,0.3516923,High-Usage / Handset-Gap,Device upgrade or contract-renewal incentive (heavy users on aging handsets)
56019,1,0.3208454,Low-Engagement / Passive,"Re-engagement campaign: usage incentives, feature education, win-back offer"
69969,2,0.12524058,High-Usage / Handset-Gap,Device upgrade or contract-renewal incentive (heavy users on aging handsets)
67093,1,0.4469704,Low-Engagement / Passive,"Re-engagement campaign: usage incentives, feature education, win-back offer"
63747,1,0.27124372,Low-Engagement / Passive,"Re-engagement campaign: usage incentives, feature education, win-back offer"
59830,1,0.23859978,Low-Engagement / Passive,"Re-engagement campaign: usage incentives, feature education, win-back offer"
70475,1,0.2267561,Low-Engagement / Passive,"Re-engagement campaign: usage incentives, feature education, win-back offer"
61337,1,0.21240626,Low-Engagement / Passive,"Re-engagement campaign: usage incentives, feature education, win-back offer"
63850,2,0.57332575,High-Usage / Handset-Gap,Device upgrade or contract-renewal incentive (heavy users on aging handsets)
67051,2,0.48242956,High-Usage / Handset-Gap,Device upgrade or contract-renewal incentive (heavy users on aging handsets)
58147,2,0.4708778,High-Usage / Handset-Gap,Device upgrade or contract-renewal incentive (heavy users on aging handsets)
54979,2,0.21600385,High-Usage / Handset-Gap,Device upgrade or contract-renewal incentive (heavy users on aging handsets)
66366,1,0.52710646,Low-Engagement / Passive,"Re-engagement campaign: usage incentives, feature education, win-back offer"
52198,0,0.41715607,At-Risk / Retention-Contact,Priority retention outreach + service recovery (already contacted us)
62857,2,0.7040914,High-Usage / Handset-Gap,Device upgrade or contract-renewal incentive (heavy users on aging handsets)
53740,1,0.3818491,Low-Engagement / Passive,"Re-engagement campaign: usage incentives, feature education, win-back offer"
52920,1,0.3655683,Low-Engagement / Passive,"Re-engagement campaign: usage incentives, feature education, win-back offer"
58965,1,0.30250168,Low-Engagement / Passive,"Re-engagement campaign: usage incentives, feature education, win-back offer"
56817,1,0.51687145,Low-Engagement / Passive,"Re-engagement campaign: usage incentives, feature education, win-back offer"
68168,1,0.4447726,Low-Engagement / Passive,"Re-engagement campaign: usage incentives, feature education, win-back offer"
64865,2,0.2041174,High-Usage / Handset-Gap,Device upgrade or contract-renewal incentive (heavy users on aging handsets)
52712,2,0.45746958,High-Usage / Handset-Gap,Device upgrade or contract-renewal incentive (heavy users on aging handsets)
31032,1,0.10136615,Low-Engagement / Passive,"Re-engagement campaign: usage incentives, feature education, win-back offer"
64204,1,0.22272715,Low-Engagement / Passive,"Re-engagement campaign: usage incentives, feature education, win-back offer"
69045,1,0.19804142,Low-Engagement / Passive,"Re-engagement campaign: usage incentives, feature education, win-back offer"
55720,2,0.36221963,High-Usage / Handset-Gap,Device upgrade or contract-renewal incentive (heavy users on aging handsets)
55237,1,0.5072526,Low-Engagement / Passive,"Re-engagement campaign: usage incentives, feature education, win-back offer"
55784,0,0.42125732,At-Risk / Retention-Contact,Priority retention outreach + service recovery (already contacted us)
53537,2,0.35366714,High-Usage / Handset-Gap,Device upgrade or contract-renewal incentive (heavy users on aging handsets)
67873,2,0.34584144,High-Usage / Handset-Gap,Device upgrade or contract-renewal incentive (heavy users on aging handsets)
70146,2,0.1867071,High-Usage / Handset-Gap,Device upgrade or contract-renewal incentive (heavy users on aging handsets)
30859,2,0.43408215,High-Usage / Handset-Gap,Device upgrade or contract-renewal incentive (heavy users on aging handsets)
58721,1,0.28851244,Low-Engagement / Passive,"Re-engagement campaign: usage incentives, feature education, win-back offer"
70287,1,0.13744034,Low-Engagement / Passive,"Re-engagement campaign: usage incentives, feature education, win-back offer"
54157,0,0.5861772,At-Risk / Retention-Contact,Priority retention outreach + service recovery (already contacted us)
68214,1,0.5053926,Low-Engagement / Passive,"Re-engagement campaign: usage incentives, feature education, win-back offer"
61806,1,0.4069112,Low-Engagement / Passive,"Re-engagement campaign: usage incentives, feature education, win-back offer"
61559,1,0.3568346,Low-Engagement / Passive,"Re-engagement campaign: usage incentives, feature education, win-back offer"
59786,2,0.40856344,High-Usage / Handset-Gap,Device upgrade or contract-renewal incentive (heavy users on aging handsets)
58179,1,0.3851515,Low-Engagement / Passive,"Re-engagement campaign: usage incentives, feature education, win-back offer"
55961,2,0.22171184,High-Usage / Handset-Gap,Device upgrade or contract-renewal incentive (heavy users on aging handsets)
66206,1,0.31181142,Low-Engagement / Passive,"Re-engagement campaign: usage incentives, feature education, win-back offer"
70041,1,0.252201,Low-Engagement / Passive,"Re-engagement campaign: usage incentives, feature education, win-back offer"
65786,2,0.2957656,High-Usage / Handset-Gap,Device upgrade or contract-renewal incentive (heavy users on aging handsets)
62686,2,0.5769587,High-Usage / Handset-Gap,Device upgrade or contract-renewal incentive (heavy users on aging handsets)
55581,2,0.26302347,High-Usage / Handset-Gap,Device upgrade or contract-renewal incentive (heavy users on aging handsets)
70213,1,0.08046967,Low-Engagement / Passive,"Re-engagement campaign: usage incentives, feature education, win-back offer"
56807,2,0.23234649,High-Usage / Handset-Gap,Device upgrade or contract-renewal incentive (heavy users on aging handsets)
64275,1,0.57970697,Low-Engagement / Passive,"Re-engagement campaign: usage incentives, feature education, win-back offer"
56106,1,0.5587238,Low-Engagement / Passive,"Re-engagement campaign: usage incentives, feature education, win-back offer"
51656,1,0.51821935,Low-Engagement / Passive,"Re-engagement campaign: usage incentives, feature education, win-back offer"
53715,1,0.4939221,Low-Engagement / Passive,"Re-engagement campaign: usage incentives, feature education, win-back offer"
62990,1,0.31880087,Low-Engagement / Passive,"Re-engagement campaign: usage incentives, feature education, win-back offer"
64273,1,0.29104185,Low-Engagement / Passive,"Re-engagement campaign: usage incentives, feature education, win-back offer"
68386,1,0.43941748,Low-Engagement / Passive,"Re-engagement campaign: usage incentives, feature education, win-back offer"
58559,2,0.38195306,High-Usage / Handset-Gap,Device upgrade or contract-renewal incentive (heavy users on aging handsets)
69978,2,0.23967281,High-Usage / Handset-Gap,Device upgrade or contract-renewal incentive (heavy users on aging handsets)
55721,2,0.7552795,High-Usage / Handset-Gap,Device upgrade or contract-renewal incentive (heavy users on aging handsets)
66605,2,0.16080573,High-Usage / Handset-Gap,Device upgrade or contract-renewal incentive (heavy users on aging handsets)
69211,1,0.2963629,Low-Engagement / Passive,"Re-engagement campaign: usage incentives, feature education, win-back offer"
63303,1,0.5021941,Low-Engagement / Passive,"Re-engagement campaign: usage incentives, feature education, win-back offer"
70671,2,0.29314208,High-Usage / Handset-Gap,Device upgrade or contract-renewal incentive (heavy users on aging handsets)
62811,2,0.36153236,High-Usage / Handset-Gap,Device upgrade or contract-renewal incentive (heavy users on aging handsets)
64915,2,0.39679515,High-Usage / Handset-Gap,Device upgrade or contract-renewal incentive (heavy users on aging handsets)
63462,1,0.33000773,Low-Engagement / Passive,"Re-engagement campaign: usage incentives, feature education, win-back offer"
64668,1,0.26778823,Low-Engagement / Passive,"Re-engagement campaign: usage incentives, feature education, win-back offer"
70200,1,0.25909847,Low-Engagement / Passive,"Re-engagement campaign: usage incentives, feature education, win-back offer"
56987,1,0.32356232,Low-Engagement / Passive,"Re-engagement campaign: usage incentives, feature education, win-back offer"
63197,1,0.54523665,Low-Engagement / Passive,"Re-engagement campaign: usage incentives, feature education, win-back offer"
58091,1,0.6036581,Low-Engagement / Passive,"Re-engagement campaign: usage incentives, feature education, win-back offer"
58989,1,0.4810242,Low-Engagement / Passive,"Re-engagement campaign: usage incentives, feature education, win-back offer"
51412,2,0.41108683,High-Usage / Handset-Gap,Device upgrade or contract-renewal incentive (heavy users on aging handsets)
67577,0,0.5248373,At-Risk / Retention-Contact,Priority retention outreach + service recovery (already contacted us)
52896,2,0.43683445,High-Usage / Handset-Gap,Device upgrade or contract-renewal incentive (heavy users on aging handsets)
68154,2,0.50331885,High-Usage / Handset-Gap,Device upgrade or contract-renewal incentive (heavy users on aging handsets)
51093,2,0.4115796,High-Usage / Handset-Gap,Device upgrade or contract-renewal incentive (heavy users on aging handsets)
70753,2,0.45659494,High-Usage / Handset-Gap,Device upgrade or contract-renewal incentive (heavy users on aging handsets)
52782,1,0.38115323,Low-Engagement / Passive,"Re-engagement campaign: usage incentives, feature education, win-back offer"
60514,1,0.41205212,Low-Engagement / Passive,"Re-engagement campaign: usage incentives, feature education, win-back offer"
30856,1,0.4829004,Low-Engagement / Passive,"Re-engagement campaign: usage incentives, feature education, win-back offer"
65334,1,0.111041196,Low-Engagement / Passive,"Re-engagement campaign: usage incentives, feature education, win-back offer"
62525,1,0.4029366,Low-Engagement / Passive,"Re-engagement campaign: usage incentives, feature education, win-back offer"
55024,2,0.36250782,High-Usage / Handset-Gap,Device upgrade or contract-renewal incentive (heavy users on aging handsets)
54014,1,0.480275,Low-Engagement / Passive,"Re-engagement campaign: usage incentives, feature education, win-back offer"
60442,1,0.56999797,Low-Engagement / Passive,"Re-engagement campaign: usage incentives, feature education, win-back offer"
63137,1,0.25534278,Low-Engagement / Passive,"Re-engagement campaign: usage incentives, feature education, win-back offer"
66947,2,0.25033894,High-Usage / Handset-Gap,Device upgrade or contract-renewal incentive (heavy users on aging handsets)
58338,1,0.5447741,Low-Engagement / Passive,"Re-engagement campaign: usage incentives, feature education, win-back offer"
68102,1,0.109234765,Low-Engagement / Passive,"Re-engagement campaign: usage incentives, feature education, win-back offer"
61245,1,0.5441435,Low-Engagement / Passive,"Re-engagement campaign: usage incentives, feature education, win-back offer"
53165,2,0.5113789,High-Usage / Handset-Gap,Device upgrade or contract-renewal incentive (heavy users on aging handsets)
63699,2,0.19925646,High-Usage / Handset-Gap,Device upgrade or contract-renewal incentive (heavy users on aging handsets)
61924,2,0.20987646,High-Usage / Handset-Gap,Device upgrade or contract-renewal incentive (heavy users on aging handsets)
57727,1,0.338096,Low-Engagement / Passive,"Re-engagement campaign: usage incentives, feature education, win-back offer"
56835,2,0.261724,High-Usage / Handset-Gap,Device upgrade or contract-renewal incentive (heavy users on aging handsets)
63981,2,0.24355225,High-Usage / Handset-Gap,Device upgrade or contract-renewal incentive (heavy users on aging handsets)
70722,2,0.40238205,High-Usage / Handset-Gap,Device upgrade or contract-renewal incentive (heavy users on aging handsets)
54101,1,0.2919806,Low-Engagement / Passive,"Re-engagement campaign: usage incentives, feature education, win-back offer"
56125,1,0.23190759,Low-Engagement / Passive,"Re-engagement campaign: usage incentives, feature education, win-back offer"
59430,2,0.3865099,High-Usage / Handset-Gap,Device upgrade or contract-renewal incentive (heavy users on aging handsets)
67031,1,0.26770464,Low-Engagement / Passive,"Re-engagement campaign: usage incentives, feature education, win-back offer"
61030,2,0.23929252,High-Usage / Handset-Gap,Device upgrade or contract-renewal incentive (heavy users on aging handsets)
67339,1,0.39171308,Low-Engagement / Passive,"Re-engagement campaign: usage incentives, feature education, win-back offer"
62176,1,0.45574993,Low-Engagement / Passive,"Re-engagement campaign: usage incentives, feature education, win-back offer"
68175,1,0.44288197,Low-Engagement / Passive,"Re-engagement campaign: usage incentives, feature education, win-back offer"
68903,1,0.41943157,Low-Engagement / Passive,"Re-engagement campaign: usage incentives, feature education, win-back offer"
53324,1,0.38085747,Low-Engagement / Passive,"Re-engagement campaign: usage incentives, feature education, win-back offer"
62891,2,0.26859263,High-Usage / Handset-Gap,Device upgrade or contract-renewal incentive (heavy users on aging handsets)
57496,1,0.42025822,Low-Engagement / Passive,"Re-engagement campaign: usage incentives, feature education, win-back offer"
65518,2,0.47738764,High-Usage / Handset-Gap,Device upgrade or contract-renewal incentive (heavy users on aging handsets)
68474,0,0.49928862,At-Risk / Retention-Contact,Priority retention outreach + service recovery (already contacted us)
63412,1,0.46705508,Low-Engagement / Passive,"Re-engagement campaign: usage incentives, feature education, win-back offer"
60943,1,0.25560427,Low-Engagement / Passive,"Re-engagement campaign: usage incentives, feature education, win-back offer"
62469,1,0.43804267,Low-Engagement / Passive,"Re-engagement campaign: usage incentives, feature education, win-back offer"
67714,1,0.30748743,Low-Engagement / Passive,"Re-engagement campaign: usage incentives, feature education, win-back offer"
69490,2,0.104479134,High-Usage / Handset-Gap,Device upgrade or contract-renewal incentive (heavy users on aging handsets)
68074,1,0.50160605,Low-Engagement / Passive,"Re-engagement campaign: usage incentives, feature education, win-back offer"
67961,1,0.25800318,Low-Engagement / Passive,"Re-engagement campaign: usage incentives, feature education, win-back offer"
51285,1,0.20543295,Low-Engagement / Passive,"Re-engagement campaign: usage incentives, feature education, win-back offer"
61843,0,0.41335157,At-Risk / Retention-Contact,Priority retention outreach + service recovery (already contacted us)
67907,1,0.11750662,Low-Engagement / Passive,"Re-engagement campaign: usage incentives, feature education, win-back offer"
68812,2,0.48782638,High-Usage / Handset-Gap,Device upgrade or contract-renewal incentive (heavy users on aging handsets)
65348,2,0.4584513,High-Usage / Handset-Gap,Device upgrade or contract-renewal incentive (heavy users on aging handsets)
66064,2,0.58332163,High-Usage / Handset-Gap,Device upgrade or contract-renewal incentive (heavy users on aging handsets)
61228,1,0.66583556,Low-Engagement / Passive,"Re-engagement campaign: usage incentives, feature education, win-back offer"
67456,2,0.39152578,High-Usage / Handset-Gap,Device upgrade or contract-renewal incentive (heavy users on aging handsets)
65676,1,0.5604289,Low-Engagement / Passive,"Re-engagement campaign: usage incentives, feature education, win-back offer"
70350,1,0.21277931,Low-Engagement / Passive,"Re-engagement campaign: usage incentives, feature education, win-back offer"
51565,1,0.33954558,Low-Engagement / Passive,"Re-engagement campaign: usage incentives, feature education, win-back offer"
57592,2,0.17590804,High-Usage / Handset-Gap,Device upgrade or contract-renewal incentive (heavy users on aging handsets)
62534,0,0.5294906,At-Risk / Retention-Contact,Priority retention outreach + service recovery (already contacted us)
68317,2,0.09864505,High-Usage / Handset-Gap,Device upgrade or contract-renewal incentive (heavy users on aging handsets)
57577,2,0.3069815,High-Usage / Handset-Gap,Device upgrade or contract-renewal incentive (heavy users on aging handsets)
65975,2,0.5149406,High-Usage / Handset-Gap,Device upgrade or contract-renewal incentive (heavy users on aging handsets)
54325,2,0.31699008,High-Usage / Handset-Gap,Device upgrade or contract-renewal incentive (heavy users on aging handsets)
70155,1,0.17871472,Low-Engagement / Passive,"Re-engagement campaign: usage incentives, feature education, win-back offer"
65461,2,0.34544557,High-Usage / Handset-Gap,Device upgrade or contract-renewal incentive (heavy users on aging handsets)
53543,2,0.27692345,High-Usage / Handset-Gap,Device upgrade or contract-renewal incentive (heavy users on aging handsets)
60420,1,0.45293647,Low-Engagement / Passive,"Re-engagement campaign: usage incentives, feature education, win-back offer"
63651,2,0.35737538,High-Usage / Handset-Gap,Device upgrade or contract-renewal incentive (heavy users on aging handsets)
63935,1,0.47733146,Low-Engagement / Passive,"Re-engagement campaign: usage incentives, feature education, win-back offer"
52451,2,0.42645168,High-Usage / Handset-Gap,Device upgrade or contract-renewal incentive (heavy users on aging handsets)
61985,1,0.19867799,Low-Engagement / Passive,"Re-engagement campaign: usage incentives, feature education, win-back offer"
56179,2,0.33485028,High-Usage / Handset-Gap,Device upgrade or contract-renewal incentive (heavy users on aging handsets)
64562,2,0.4266848,High-Usage / Handset-Gap,Device upgrade or contract-renewal incentive (heavy users on aging handsets)
57747,1,0.4032075,Low-Engagement / Passive,"Re-engagement campaign: usage incentives, feature education, win-back offer"
70383,2,0.3147046,High-Usage / Handset-Gap,Device upgrade or contract-renewal incentive (heavy users on aging handsets)
57691,2,0.21235095,High-Usage / Handset-Gap,Device upgrade or contract-renewal incentive (heavy users on aging handsets)
58291,2,0.41402853,High-Usage / Handset-Gap,Device upgrade or contract-renewal incentive (heavy users on aging handsets)
51894,2,0.36364073,High-Usage / Handset-Gap,Device upgrade or contract-renewal incentive (heavy users on aging handsets)
58895,2,0.12808275,High-Usage / Handset-Gap,Device upgrade or contract-renewal incentive (heavy users on aging handsets)
57082,2,0.29051182,High-Usage / Handset-Gap,Device upgrade or contract-renewal incentive (heavy users on aging handsets)
69914,1,0.09665398,Low-Engagement / Passive,"Re-engagement campaign: usage incentives, feature education, win-back offer"
67411,1,0.30442795,Low-Engagement / Passive,"Re-engagement campaign: usage incentives, feature education, win-back offer"
56628,2,0.26232296,High-Usage / Handset-Gap,Device upgrade or contract-renewal incentive (heavy users on aging handsets)
51766,2,0.25445306,High-Usage / Handset-Gap,Device upgrade or contract-renewal incentive (heavy users on aging handsets)
30929,2,0.5778966,High-Usage / Handset-Gap,Device upgrade or contract-renewal incentive (heavy users on aging handsets)
61524,1,0.3992763,Low-Engagement / Passive,"Re-engagement campaign: usage incentives, feature education, win-back offer"
61413,1,0.18829839,Low-Engagement / Passive,"Re-engagement campaign: usage incentives, feature education, win-back offer"
61496,2,0.5699682,High-Usage / Handset-Gap,Device upgrade or contract-renewal incentive (heavy users on aging handsets)
64055,2,0.3775325,High-Usage / Handset-Gap,Device upgrade or contract-renewal incentive (heavy users on aging handsets)
70919,1,0.3442659,Low-Engagement / Passive,"Re-engagement campaign: usage incentives, feature education, win-back offer"
62319,1,0.3287818,Low-Engagement / Passive,"Re-engagement campaign: usage incentives, feature education, win-back offer"
59900,1,0.3322787,Low-Engagement / Passive,"Re-engagement campaign: usage incentives, feature education, win-back offer"
61518,2,0.20782164,High-Usage / Handset-Gap,Device upgrade or contract-renewal incentive (heavy users on aging handsets)
52835,1,0.2933747,Low-Engagement / Passive,"Re-engagement campaign: usage incentives, feature education, win-back offer"
65338,1,0.28568098,Low-Engagement / Passive,"Re-engagement campaign: usage incentives, feature education, win-back offer"
67903,2,0.38122562,High-Usage / Handset-Gap,Device upgrade or contract-renewal incentive (heavy users on aging handsets)
69797,2,0.41010278,High-Usage / Handset-Gap,Device upgrade or contract-renewal incentive (heavy users on aging handsets)
61548,1,0.28454623,Low-Engagement / Passive,"Re-engagement campaign: usage incentives, feature education, win-back offer"
58227,1,0.14580743,Low-Engagement / Passive,"Re-engagement campaign: usage incentives, feature education, win-back offer"
30464,1,0.51671094,Low-Engagement / Passive,"Re-engagement campaign: usage incentives, feature education, win-back offer"
68492,1,0.5240493,Low-Engagement / Passive,"Re-engagement campaign: usage incentives, feature education, win-back offer"
59943,1,0.31336352,Low-Engagement / Passive,"Re-engagement campaign: usage incentives, feature education, win-back offer"
69503,1,0.4647502,Low-Engagement / Passive,"Re-engagement campaign: usage incentives, feature education, win-back offer"
63703,2,0.46518508,High-Usage / Handset-Gap,Device upgrade or contract-renewal incentive (heavy users on aging handsets)
58535,1,0.5429152,Low-Engagement / Passive,"Re-engagement campaign: usage incentives, feature education, win-back offer"
64800,1,0.29579583,Low-Engagement / Passive,"Re-engagement campaign: usage incentives, feature education, win-back offer"
63360,2,0.364878,High-Usage / Handset-Gap,Device upgrade or contract-renewal incentive (heavy users on aging handsets)
68722,1,0.32485697,Low-Engagement / Passive,"Re-engagement campaign: usage incentives, feature education, win-back offer"
54299,2,0.32204416,High-Usage / Handset-Gap,Device upgrade or contract-renewal incentive (heavy users on aging handsets)
51295,2,0.7071695,High-Usage / Handset-Gap,Device upgrade or contract-renewal incentive (heavy users on aging handsets)
62052,2,0.37398887,High-Usage / Handset-Gap,Device upgrade or contract-renewal incentive (heavy users on aging handsets)
53172,2,0.42640015,High-Usage / Handset-Gap,Device upgrade or contract-renewal incentive (heavy users on aging handsets)
55963,2,0.4837959,High-Usage / Handset-Gap,Device upgrade or contract-renewal incentive (heavy users on aging handsets)
56826,1,0.094057605,Low-Engagement / Passive,"Re-engagement campaign: usage incentives, feature education, win-back offer"
56412,2,0.3082909,High-Usage / Handset-Gap,Device upgrade or contract-renewal incentive (heavy users on aging handsets)
62116,1,0.51354367,Low-Engagement / Passive,"Re-engagement campaign: usage incentives, feature education, win-back offer"
65865,1,0.6982681,Low-Engagement / Passive,"Re-engagement campaign: usage incentives, feature education, win-back offer"
68820,1,0.32129964,Low-Engagement / Passive,"Re-engagement campaign: usage incentives, feature education, win-back offer"
58584,2,0.53429496,High-Usage / Handset-Gap,Device upgrade or contract-renewal incentive (heavy users on aging handsets)
54091,1,0.2104528,Low-Engagement / Passive,"Re-engagement campaign: usage incentives, feature education, win-back offer"
66657,2,0.38757038,High-Usage / Handset-Gap,Device upgrade or contract-renewal incentive (heavy users on aging handsets)
56302,2,0.6854776,High-Usage / Handset-Gap,Device upgrade or contract-renewal incentive (heavy users on aging handsets)
58983,1,0.44125494,Low-Engagement / Passive,"Re-engagement campaign: usage incentives, feature education, win-back offer"
59144,2,0.3321383,High-Usage / Handset-Gap,Device upgrade or contract-renewal incentive (heavy users on aging handsets)
52329,1,0.5113938,Low-Engagement / Passive,"Re-engagement campaign: usage incentives, feature education, win-back offer"
66915,1,0.22929808,Low-Engagement / Passive,"Re-engagement campaign: usage incentives, feature education, win-back offer"
57589,1,0.50770247,Low-Engagement / Passive,"Re-engagement campaign: usage incentives, feature education, win-back offer"
56517,2,0.34019783,High-Usage / Handset-Gap,Device upgrade or contract-renewal incentive (heavy users on aging handsets)
64211,2,0.71193904,High-Usage / Handset-Gap,Device upgrade or contract-renewal incentive (heavy users on aging handsets)
66765,1,0.20872137,Low-Engagement / Passive,"Re-engagement campaign: usage incentives, feature education, win-back offer"
55881,1,0.24908654,Low-Engagement / Passive,"Re-engagement campaign: usage incentives, feature education, win-back offer"
61036,1,0.36432,Low-Engagement / Passive,"Re-engagement campaign: usage incentives, feature education, win-back offer"
70219,1,0.0721996,Low-Engagement / Passive,"Re-engagement campaign: usage incentives, feature education, win-back offer"
55976,2,0.42715308,High-Usage / Handset-Gap,Device upgrade or contract-renewal incentive (heavy users on aging handsets)
66160,1,0.41277945,Low-Engagement / Passive,"Re-engagement campaign: usage incentives, feature education, win-back offer"
54959,2,0.21727093,High-Usage / Handset-Gap,Device upgrade or contract-renewal incentive (heavy users on aging handsets)
69581,2,0.43946186,High-Usage / Handset-Gap,Device upgrade or contract-renewal incentive (heavy users on aging handsets)
64687,1,0.20071621,Low-Engagement / Passive,"Re-engagement campaign: usage incentives, feature education, win-back offer"
54782,2,0.25513548,High-Usage / Handset-Gap,Device upgrade or contract-renewal incentive (heavy users on aging handsets)
59689,0,0.78436077,At-Risk / Retention-Contact,Priority retention outreach + service recovery (already contacted us)
58459,2,0.47048092,High-Usage / Handset-Gap,Device upgrade or contract-renewal incentive (heavy users on aging handsets)
55233,2,0.54089195,High-Usage / Handset-Gap,Device upgrade or contract-renewal incentive (heavy users on aging handsets)
62852,1,0.1246933,Low-Engagement / Passive,"Re-engagement campaign: usage incentives, feature education, win-back offer"
53381,2,0.31472436,High-Usage / Handset-Gap,Device upgrade or contract-renewal incentive (heavy users on aging handsets)
55412,1,0.12964593,Low-Engagement / Passive,"Re-engagement campaign: usage incentives, feature education, win-back offer"
68401,2,0.51785177,High-Usage / Handset-Gap,Device upgrade or contract-renewal incentive (heavy users on aging handsets)
56348,2,0.38018477,High-Usage / Handset-Gap,Device upgrade or contract-renewal incentive (heavy users on aging handsets)
69824,1,0.41662663,Low-Engagement / Passive,"Re-engagement campaign: usage incentives, feature education, win-back offer"
54309,1,0.5570397,Low-Engagement / Passive,"Re-engagement campaign: usage incentives, feature education, win-back offer"
68517,2,0.15755448,High-Usage / Handset-Gap,Device upgrade or contract-renewal incentive (heavy users on aging handsets)
64560,1,0.46783003,Low-Engagement / Passive,"Re-engagement campaign: usage incentives, feature education, win-back offer"
52495,2,0.45256308,High-Usage / Handset-Gap,Device upgrade or contract-renewal incentive (heavy users on aging handsets)
58620,2,0.3464796,High-Usage / Handset-Gap,Device upgrade or contract-renewal incentive (heavy users on aging handsets)
65973,2,0.3300111,High-Usage / Handset-Gap,Device upgrade or contract-renewal incentive (heavy users on aging handsets)
63025,2,0.30668673,High-Usage / Handset-Gap,Device upgrade or contract-renewal incentive (heavy users on aging handsets)
62730,1,0.25514397,Low-Engagement / Passive,"Re-engagement campaign: usage incentives, feature education, win-back offer"
68282,1,0.5384386,Low-Engagement / Passive,"Re-engagement campaign: usage incentives, feature education, win-back offer"
53512,1,0.28443378,Low-Engagement / Passive,"Re-engagement campaign: usage incentives, feature education, win-back offer"
56165,1,0.22248526,Low-Engagement / Passive,"Re-engagement campaign: usage incentives, feature education, win-back offer"
54136,0,0.45756277,At-Risk / Retention-Contact,Priority retention outreach + service recovery (already contacted us)
62398,1,0.07498827,Low-Engagement / Passive,"Re-engagement campaign: usage incentives, feature education, win-back offer"
69741,1,0.2603883,Low-Engagement / Passive,"Re-engagement campaign: usage incentives, feature education, win-back offer"
53573,2,0.8280846,High-Usage / Handset-Gap,Device upgrade or contract-renewal incentive (heavy users on aging handsets)
52287,2,0.37631896,High-Usage / Handset-Gap,Device upgrade or contract-renewal incentive (heavy users on aging handsets)
70765,2,0.38165095,High-Usage / Handset-Gap,Device upgrade or contract-renewal incentive (heavy users on aging handsets)
65611,1,0.42122126,Low-Engagement / Passive,"Re-engagement campaign: usage incentives, feature education, win-back offer"
61249,0,0.6549004,At-Risk / Retention-Contact,Priority retention outreach + service recovery (already contacted us)
58484,2,0.7068484,High-Usage / Handset-Gap,Device upgrade or contract-renewal incentive (heavy users on aging handsets)
68603,1,0.36778075,Low-Engagement / Passive,"Re-engagement campaign: usage incentives, feature education, win-back offer"
64234,1,0.16257617,Low-Engagement / Passive,"Re-engagement campaign: usage incentives, feature education, win-back offer"
51899,1,0.43971875,Low-Engagement / Passive,"Re-engagement campaign: usage incentives, feature education, win-back offer"
62490,1,0.5315539,Low-Engagement / Passive,"Re-engagement campaign: usage incentives, feature education, win-back offer"
57510,1,0.44143644,Low-Engagement / Passive,"Re-engagement campaign: usage incentives, feature education, win-back offer"
55492,1,0.2277093,Low-Engagement / Passive,"Re-engagement campaign: usage incentives, feature education, win-back offer"
69722,2,0.44823578,High-Usage / Handset-Gap,Device upgrade or contract-renewal incentive (heavy users on aging handsets)
53395,1,0.27013442,Low-Engagement / Passive,"Re-engagement campaign: usage incentives, feature education, win-back offer"
60890,1,0.38327911,Low-Engagement / Passive,"Re-engagement campaign: usage incentives, feature education, win-back offer"
68166,1,0.0461027,Low-Engagement / Passive,"Re-engagement campaign: usage incentives, feature education, win-back offer"
63880,1,0.24496703,Low-Engagement / Passive,"Re-engagement campaign: usage incentives, feature education, win-back offer"
60687,2,0.19962838,High-Usage / Handset-Gap,Device upgrade or contract-renewal incentive (heavy users on aging handsets)
53285,2,0.19545522,High-Usage / Handset-Gap,Device upgrade or contract-renewal incentive (heavy users on aging handsets)
57286,1,0.3522965,Low-Engagement / Passive,"Re-engagement campaign: usage incentives, feature education, win-back offer"
60403,1,0.15558878,Low-Engagement / Passive,"Re-engagement campaign: usage incentives, feature education, win-back offer"
53377,1,0.24951094,Low-Engagement / Passive,"Re-engagement campaign: usage incentives, feature education, win-back offer"
54942,1,0.27483827,Low-Engagement / Passive,"Re-engagement campaign: usage incentives, feature education, win-back offer"
65110,2,0.4744262,High-Usage / Handset-Gap,Device upgrade or contract-renewal incentive (heavy users on aging handsets)
64674,2,0.30409753,High-Usage / Handset-Gap,Device upgrade or contract-renewal incentive (heavy users on aging handsets)
66075,2,0.55996835,High-Usage / Handset-Gap,Device upgrade or contract-renewal incentive (heavy users on aging handsets)
52507,1,0.1877283,Low-Engagement / Passive,"Re-engagement campaign: usage incentives, feature education, win-back offer"
59724,1,0.39031726,Low-Engagement / Passive,"Re-engagement campaign: usage incentives, feature education, win-back offer"
62399,2,0.31140286,High-Usage / Handset-Gap,Device upgrade or contract-renewal incentive (heavy users on aging handsets)
56994,2,0.31938636,High-Usage / Handset-Gap,Device upgrade or contract-renewal incentive (heavy users on aging handsets)
64725,2,0.33693588,High-Usage / Handset-Gap,Device upgrade or contract-renewal incentive (heavy users on aging handsets)
57802,0,0.53176194,At-Risk / Retention-Contact,Priority retention outreach + service recovery (already contacted us)
51587,1,0.079688594,Low-Engagement / Passive,"Re-engagement campaign: usage incentives, feature education, win-back offer"
57397,1,0.49249014,Low-Engagement / Passive,"Re-engagement campaign: usage incentives, feature education, win-back offer"
59886,0,0.44198748,At-Risk / Retention-Contact,Priority retention outreach + service recovery (already contacted us)
61898,2,0.29799628,High-Usage / Handset-Gap,Device upgrade or contract-renewal incentive (heavy users on aging handsets)
61091,2,0.22781378,High-Usage / Handset-Gap,Device upgrade or contract-renewal incentive (heavy users on aging handsets)
70344,1,0.07389668,Low-Engagement / Passive,"Re-engagement campaign: usage incentives, feature education, win-back offer"
51282,1,0.21828671,Low-Engagement / Passive,"Re-engagement campaign: usage incentives, feature education, win-back offer"
66931,1,0.4477178,Low-Engagement / Passive,"Re-engagement campaign: usage incentives, feature education, win-back offer"
63083,0,0.9323155,At-Risk / Retention-Contact,Priority retention outreach + service recovery (already contacted us)
68601,2,0.10246175,High-Usage / Handset-Gap,Device upgrade or contract-renewal incentive (heavy users on aging handsets)
60876,1,0.3654845,Low-Engagement / Passive,"Re-engagement campaign: usage incentives, feature education, win-back offer"
58498,2,0.36499313,High-Usage / Handset-Gap,Device upgrade or contract-renewal incentive (heavy users on aging handsets)
67990,1,0.28692847,Low-Engagement / Passive,"Re-engagement campaign: usage incentives, feature education, win-back offer"
66420,2,0.28660035,High-Usage / Handset-Gap,Device upgrade or contract-renewal incentive (heavy users on aging handsets)
68877,1,0.21418895,Low-Engagement / Passive,"Re-engagement campaign: usage incentives, feature education, win-back offer"
61754,1,0.397808,Low-Engagement / Passive,"Re-engagement campaign: usage incentives, feature education, win-back offer"
61276,2,0.23071142,High-Usage / Handset-Gap,Device upgrade or contract-renewal incentive (heavy users on aging handsets)
57483,1,0.18162595,Low-Engagement / Passive,"Re-engagement campaign: usage incentives, feature education, win-back offer"
68020,0,0.42846623,At-Risk / Retention-Contact,Priority retention outreach + service recovery (already contacted us)
51365,2,0.46447438,High-Usage / Handset-Gap,Device upgrade or contract-renewal incentive (heavy users on aging handsets)
65031,1,0.4007556,Low-Engagement / Passive,"Re-engagement campaign: usage incentives, feature education, win-back offer"
52586,0,0.6042184,At-Risk / Retention-Contact,Priority retention outreach + service recovery (already contacted us)
56448,1,0.39894688,Low-Engagement / Passive,"Re-engagement campaign: usage incentives, feature education, win-back offer"
51342,2,0.6947495,High-Usage / Handset-Gap,Device upgrade or contract-renewal incentive (heavy users on aging handsets)
52891,1,0.36758935,Low-Engagement / Passive,"Re-engagement campaign: usage incentives, feature education, win-back offer"
64765,2,0.37040398,High-Usage / Handset-Gap,Device upgrade or contract-renewal incentive (heavy users on aging handsets)
57890,1,0.31443948,Low-Engagement / Passive,"Re-engagement campaign: usage incentives, feature education, win-back offer"
55875,1,0.4486468,Low-Engagement / Passive,"Re-engagement campaign: usage incentives, feature education, win-back offer"
57574,2,0.39019457,High-Usage / Handset-Gap,Device upgrade or contract-renewal incentive (heavy users on aging handsets)
51574,1,0.12586796,Low-Engagement / Passive,"Re-engagement campaign: usage incentives, feature education, win-back offer"
70747,2,0.3893304,High-Usage / Handset-Gap,Device upgrade or contract-renewal incentive (heavy users on aging handsets)
54898,2,0.56710356,High-Usage / Handset-Gap,Device upgrade or contract-renewal incentive (heavy users on aging handsets)
58358,2,0.36265048,High-Usage / Handset-Gap,Device upgrade or contract-renewal incentive (heavy users on aging handsets)
53536,2,0.4686789,High-Usage / Handset-Gap,Device upgrade or contract-renewal incentive (heavy users on aging handsets)
53487,2,0.292658,High-Usage / Handset-Gap,Device upgrade or contract-renewal incentive (heavy users on aging handsets)
52491,0,0.5501049,At-Risk / Retention-Contact,Priority retention outreach + service recovery (already contacted us)
51275,2,0.81426924,High-Usage / Handset-Gap,Device upgrade or contract-renewal incentive (heavy users on aging handsets)
61075,2,0.15663967,High-Usage / Handset-Gap,Device upgrade or contract-renewal incentive (heavy users on aging handsets)
51103,1,0.36364836,Low-Engagement / Passive,"Re-engagement campaign: usage incentives, feature education, win-back offer"
51356,1,0.093194485,Low-Engagement / Passive,"Re-engagement campaign: usage incentives, feature education, win-back offer"
30747,2,0.2692943,High-Usage / Handset-Gap,Device upgrade or contract-renewal incentive (heavy users on aging handsets)
66934,1,0.5179862,Low-Engagement / Passive,"Re-engagement campaign: usage incentives, feature education, win-back offer"
54537,1,0.45160258,Low-Engagement / Passive,"Re-engagement campaign: usage incentives, feature education, win-back offer"
62265,1,0.5965579,Low-Engagement / Passive,"Re-engagement campaign: usage incentives, feature education, win-back offer"
69225,1,0.14593259,Low-Engagement / Passive,"Re-engagement campaign: usage incentives, feature education, win-back offer"
70539,1,0.11101674,Low-Engagement / Passive,"Re-engagement campaign: usage incentives, feature education, win-back offer"
52126,1,0.10431097,Low-Engagement / Passive,"Re-engagement campaign: usage incentives, feature education, win-back offer"
69397,1,0.1194898,Low-Engagement / Passive,"Re-engagement campaign: usage incentives, feature education, win-back offer"
60850,1,0.44160163,Low-Engagement / Passive,"Re-engagement campaign: usage incentives, feature education, win-back offer"
60999,1,0.34900358,Low-Engagement / Passive,"Re-engagement campaign: usage incentives, feature education, win-back offer"
69587,1,0.46071061,Low-Engagement / Passive,"Re-engagement campaign: usage incentives, feature education, win-back offer"
56162,2,0.3268975,High-Usage / Handset-Gap,Device upgrade or contract-renewal incentive (heavy users on aging handsets)
65403,1,0.58219135,Low-Engagement / Passive,"Re-engagement campaign: usage incentives, feature education, win-back offer"
57159,1,0.35210967,Low-Engagement / Passive,"Re-engagement campaign: usage incentives, feature education, win-back offer"
60740,1,0.32780257,Low-Engagement / Passive,"Re-engagement campaign: usage incentives, feature education, win-back offer"
57383,1,0.3493914,Low-Engagement / Passive,"Re-engagement campaign: usage incentives, feature education, win-back offer"
56799,1,0.2814228,Low-Engagement / Passive,"Re-engagement campaign: usage incentives, feature education, win-back offer"
67021,2,0.52948695,High-Usage / Handset-Gap,Device upgrade or contract-renewal incentive (heavy users on aging handsets)
53805,1,0.25037643,Low-Engagement / Passive,"Re-engagement campaign: usage incentives, feature education, win-back offer"
56787,2,0.2459191,High-Usage / Handset-Gap,Device upgrade or contract-renewal incentive (heavy users on aging handsets)
54708,2,0.34080288,High-Usage / Handset-Gap,Device upgrade or contract-renewal incentive (heavy users on aging handsets)
64382,2,0.49541673,High-Usage / Handset-Gap,Device upgrade or contract-renewal incentive (heavy users on aging handsets)
60198,2,0.3605764,High-Usage / Handset-Gap,Device upgrade or contract-renewal incentive (heavy users on aging handsets)
53312,2,0.26139954,High-Usage / Handset-Gap,Device upgrade or contract-renewal incentive (heavy users on aging handsets)
51908,2,0.5915761,High-Usage / Handset-Gap,Device upgrade or contract-renewal incentive (heavy users on aging handsets)
63769,1,0.6308536,Low-Engagement / Passive,"Re-engagement campaign: usage incentives, feature education, win-back offer"
61693,2,0.38998246,High-Usage / Handset-Gap,Device upgrade or contract-renewal incentive (heavy users on aging handsets)
62924,1,0.48907056,Low-Engagement / Passive,"Re-engagement campaign: usage incentives, feature education, win-back offer"
56357,1,0.36344257,Low-Engagement / Passive,"Re-engagement campaign: usage incentives, feature education, win-back offer"
60519,1,0.53779167,Low-Engagement / Passive,"Re-engagement campaign: usage incentives, feature education, win-back offer"
52228,0,0.36177737,At-Risk / Retention-Contact,Priority retention outreach + service recovery (already contacted us)
66863,1,0.404914,Low-Engagement / Passive,"Re-engagement campaign: usage incentives, feature education, win-back offer"
69936,1,0.46895358,Low-Engagement / Passive,"Re-engagement campaign: usage incentives, feature education, win-back offer"
59377,1,0.36777422,Low-Engagement / Passive,"Re-engagement campaign: usage incentives, feature education, win-back offer"
58981,1,0.28728926,Low-Engagement / Passive,"Re-engagement campaign: usage incentives, feature education, win-back offer"
55916,2,0.40182465,High-Usage / Handset-Gap,Device upgrade or contract-renewal incentive (heavy users on aging handsets)
54548,1,0.42489076,Low-Engagement / Passive,"Re-engagement campaign: usage incentives, feature education, win-back offer"
68944,1,0.24701688,Low-Engagement / Passive,"Re-engagement campaign: usage incentives, feature education, win-back offer"
51158,1,0.23443055,Low-Engagement / Passive,"Re-engagement campaign: usage incentives, feature education, win-back offer"
57031,1,0.25689456,Low-Engagement / Passive,"Re-engagement campaign: usage incentives, feature education, win-back offer"
54189,2,0.35889482,High-Usage / Handset-Gap,Device upgrade or contract-renewal incentive (heavy users on aging handsets)
54637,2,0.29684085,High-Usage / Handset-Gap,Device upgrade or contract-renewal incentive (heavy users on aging handsets)
64229,1,0.40745735,Low-Engagement / Passive,"Re-engagement campaign: usage incentives, feature education, win-back offer"
55825,1,0.360553,Low-Engagement / Passive,"Re-engagement campaign: usage incentives, feature education, win-back offer"
58171,1,0.27692777,Low-Engagement / Passive,"Re-engagement campaign: usage incentives, feature education, win-back offer"
65755,1,0.40016875,Low-Engagement / Passive,"Re-engagement campaign: usage incentives, feature education, win-back offer"
31009,1,0.64190173,Low-Engagement / Passive,"Re-engagement campaign: usage incentives, feature education, win-back offer"
67732,2,0.22136998,High-Usage / Handset-Gap,Device upgrade or contract-renewal incentive (heavy users on aging handsets)
58835,2,0.268484,High-Usage / Handset-Gap,Device upgrade or contract-renewal incentive (heavy users on aging handsets)
66171,2,0.0878221,High-Usage / Handset-Gap,Device upgrade or contract-renewal incentive (heavy users on aging handsets)
57335,1,0.26433736,Low-Engagement / Passive,"Re-engagement campaign: usage incentives, feature education, win-back offer"
60560,1,0.64292675,Low-Engagement / Passive,"Re-engagement campaign: usage incentives, feature education, win-back offer"
67330,2,0.48624527,High-Usage / Handset-Gap,Device upgrade or contract-renewal incentive (heavy users on aging handsets)
67493,1,0.3906327,Low-Engagement / Passive,"Re-engagement campaign: usage incentives, feature education, win-back offer"
60503,0,0.5565099,At-Risk / Retention-Contact,Priority retention outreach + service recovery (already contacted us)
51474,2,0.5275825,High-Usage / Handset-Gap,Device upgrade or contract-renewal incentive (heavy users on aging handsets)
54695,2,0.38517484,High-Usage / Handset-Gap,Device upgrade or contract-renewal incentive (heavy users on aging handsets)
60860,2,0.40653297,High-Usage / Handset-Gap,Device upgrade or contract-renewal incentive (heavy users on aging handsets)
58868,1,0.25061738,Low-Engagement / Passive,"Re-engagement campaign: usage incentives, feature education, win-back offer"
67944,1,0.5592972,Low-Engagement / Passive,"Re-engagement campaign: usage incentives, feature education, win-back offer"
30983,1,0.19827196,Low-Engagement / Passive,"Re-engagement campaign: usage incentives, feature education, win-back offer"
58097,1,0.2712086,Low-Engagement / Passive,"Re-engagement campaign: usage incentives, feature education, win-back offer"
62658,1,0.34701395,Low-Engagement / Passive,"Re-engagement campaign: usage incentives, feature education, win-back offer"
61503,2,0.46847123,High-Usage / Handset-Gap,Device upgrade or contract-renewal incentive (heavy users on aging handsets)
52820,1,0.14700447,Low-Engagement / Passive,"Re-engagement campaign: usage incentives, feature education, win-back offer"
56242,1,0.40574273,Low-Engagement / Passive,"Re-engagement campaign: usage incentives, feature education, win-back offer"
70338,2,0.3973426,High-Usage / Handset-Gap,Device upgrade or contract-renewal incentive (heavy users on aging handsets)
51624,2,0.3004529,High-Usage / Handset-Gap,Device upgrade or contract-renewal incentive (heavy users on aging handsets)
51315,1,0.40835395,Low-Engagement / Passive,"Re-engagement campaign: usage incentives, feature education, win-back offer"
65020,1,0.35804886,Low-Engagement / Passive,"Re-engagement campaign: usage incentives, feature education, win-back offer"
67321,1,0.34742627,Low-Engagement / Passive,"Re-engagement campaign: usage incentives, feature education, win-back offer"
64814,1,0.3950833,Low-Engagement / Passive,"Re-engagement campaign: usage incentives, feature education, win-back offer"
70470,1,0.23342939,Low-Engagement / Passive,"Re-engagement campaign: usage incentives, feature education, win-back offer"
60223,1,0.51457137,Low-Engagement / Passive,"Re-engagement campaign: usage incentives, feature education, win-back offer"
53077,2,0.42613292,High-Usage / Handset-Gap,Device upgrade or contract-renewal incentive (heavy users on aging handsets)
52353,2,0.6207398,High-Usage / Handset-Gap,Device upgrade or contract-renewal incentive (heavy users on aging handsets)
58391,2,0.19738494,High-Usage / Handset-Gap,Device upgrade or contract-renewal incentive (heavy users on aging handsets)
70288,1,0.28144795,Low-Engagement / Passive,"Re-engagement campaign: usage incentives, feature education, win-back offer"
67224,2,0.37157246,High-Usage / Handset-Gap,Device upgrade or contract-renewal incentive (heavy users on aging handsets)
58066,1,0.12591957,Low-Engagement / Passive,"Re-engagement campaign: usage incentives, feature education, win-back offer"
51431,1,0.37373757,Low-Engagement / Passive,"Re-engagement campaign: usage incentives, feature education, win-back offer"
59484,2,0.4054044,High-Usage / Handset-Gap,Device upgrade or contract-renewal incentive (heavy users on aging handsets)
61614,2,0.5048349,High-Usage / Handset-Gap,Device upgrade or contract-renewal incentive (heavy users on aging handsets)
60362,1,0.3307392,Low-Engagement / Passive,"Re-engagement campaign: usage incentives, feature education, win-back offer"
61277,1,0.6412693,Low-Engagement / Passive,"Re-engagement campaign: usage incentives, feature education, win-back offer"
52553,1,0.19100006,Low-Engagement / Passive,"Re-engagement campaign: usage incentives, feature education, win-back offer"
53235,2,0.6028158,High-Usage / Handset-Gap,Device upgrade or contract-renewal incentive (heavy users on aging handsets)
59015,1,0.49417415,Low-Engagement / Passive,"Re-engagement campaign: usage incentives, feature education, win-back offer"
52035,2,0.30485877,High-Usage / Handset-Gap,Device upgrade or contract-renewal incentive (heavy users on aging handsets)
51686,2,0.26142508,High-Usage / Handset-Gap,Device upgrade or contract-renewal incentive (heavy users on aging handsets)
66894,2,0.5279081,High-Usage / Handset-Gap,Device upgrade or contract-renewal incentive (heavy users on aging handsets)
64057,2,0.22821008,High-Usage / Handset-Gap,Device upgrade or contract-renewal incentive (heavy users on aging handsets)
59662,1,0.27400017,Low-Engagement / Passive,"Re-engagement campaign: usage incentives, feature education, win-back offer"
58661,0,0.44073668,At-Risk / Retention-Contact,Priority retention outreach + service recovery (already contacted us)
54960,1,0.33892623,Low-Engagement / Passive,"Re-engagement campaign: usage incentives, feature education, win-back offer"
52023,2,0.36768574,High-Usage / Handset-Gap,Device upgrade or contract-renewal incentive (heavy users on aging handsets)
52364,2,0.24273592,High-Usage / Handset-Gap,Device upgrade or contract-renewal incentive (heavy users on aging handsets)
62774,2,0.40781328,High-Usage / Handset-Gap,Device upgrade or contract-renewal incentive (heavy users on aging handsets)
67486,2,0.37548074,High-Usage / Handset-Gap,Device upgrade or contract-renewal incentive (heavy users on aging handsets)
55548,1,0.40017763,Low-Engagement / Passive,"Re-engagement campaign: usage incentives, feature education, win-back offer"
51746,2,0.20915966,High-Usage / Handset-Gap,Device upgrade or contract-renewal incentive (heavy users on aging handsets)
58695,1,0.411246,Low-Engagement / Passive,"Re-engagement campaign: usage incentives, feature education, win-back offer"
53717,2,0.37259507,High-Usage / Handset-Gap,Device upgrade or contract-renewal incentive (heavy users on aging handsets)
60206,1,0.36012775,Low-Engagement / Passive,"Re-engagement campaign: usage incentives, feature education, win-back offer"
55072,2,0.22282459,High-Usage / Handset-Gap,Device upgrade or contract-renewal incentive (heavy users on aging handsets)
59290,2,0.3471876,High-Usage / Handset-Gap,Device upgrade or contract-renewal incentive (heavy users on aging handsets)
62417,2,0.21380006,High-Usage / Handset-Gap,Device upgrade or contract-renewal incentive (heavy users on aging handsets)
53138,2,0.60585,High-Usage / Handset-Gap,Device upgrade or contract-renewal incentive (heavy users on aging handsets)
58733,2,0.29923195,High-Usage / Handset-Gap,Device upgrade or contract-renewal incentive (heavy users on aging handsets)
53817,2,0.39047536,High-Usage / Handset-Gap,Device upgrade or contract-renewal incentive (heavy users on aging handsets)
30739,2,0.24032262,High-Usage / Handset-Gap,Device upgrade or contract-renewal incentive (heavy users on aging handsets)
69111,1,0.46123275,Low-Engagement / Passive,"Re-engagement campaign: usage incentives, feature education, win-back offer"
70811,1,0.31378067,Low-Engagement / Passive,"Re-engagement campaign: usage incentives, feature education, win-back offer"
70424,2,0.2215502,High-Usage / Handset-Gap,Device upgrade or contract-renewal incentive (heavy users on aging handsets)
58990,1,0.18156955,Low-Engagement / Passive,"Re-engagement campaign: usage incentives, feature education, win-back offer"
52098,2,0.39325133,High-Usage / Handset-Gap,Device upgrade or contract-renewal incentive (heavy users on aging handsets)
67226,1,0.14941944,Low-Engagement / Passive,"Re-engagement campaign: usage incentives, feature education, win-back offer"
55131,2,0.40586036,High-Usage / Handset-Gap,Device upgrade or contract-renewal incentive (heavy users on aging handsets)
58292,1,0.49593467,Low-Engagement / Passive,"Re-engagement campaign: usage incentives, feature education, win-back offer"
60421,2,0.31568474,High-Usage / Handset-Gap,Device upgrade or contract-renewal incentive (heavy users on aging handsets)
69157,1,0.08561305,Low-Engagement / Passive,"Re-engagement campaign: usage incentives, feature education, win-back offer"
56414,2,0.31388295,High-Usage / Handset-Gap,Device upgrade or contract-renewal incentive (heavy users on aging handsets)
63602,1,0.1459507,Low-Engagement / Passive,"Re-engagement campaign: usage incentives, feature education, win-back offer"
64368,1,0.4466226,Low-Engagement / Passive,"Re-engagement campaign: usage incentives, feature education, win-back offer"
67538,1,0.2226657,Low-Engagement / Passive,"Re-engagement campaign: usage incentives, feature education, win-back offer"
63076,1,0.48761213,Low-Engagement / Passive,"Re-engagement campaign: usage incentives, feature education, win-back offer"
58167,1,0.36903504,Low-Engagement / Passive,"Re-engagement campaign: usage incentives, feature education, win-back offer"
53035,2,0.25437048,High-Usage / Handset-Gap,Device upgrade or contract-renewal incentive (heavy users on aging handsets)
55796,0,0.60021245,At-Risk / Retention-Contact,Priority retention outreach + service recovery (already contacted us)
51582,2,0.31642094,High-Usage / Handset-Gap,Device upgrade or contract-renewal incentive (heavy users on aging handsets)
69731,1,0.24865992,Low-Engagement / Passive,"Re-engagement campaign: usage incentives, feature education, win-back offer"
56617,1,0.42408207,Low-Engagement / Passive,"Re-engagement campaign: usage incentives, feature education, win-back offer"
66389,1,0.21133627,Low-Engagement / Passive,"Re-engagement campaign: usage incentives, feature education, win-back offer"
69991,1,0.18713714,Low-Engagement / Passive,"Re-engagement campaign: usage incentives, feature education, win-back offer"
66157,2,0.344417,High-Usage / Handset-Gap,Device upgrade or contract-renewal incentive (heavy users on aging handsets)
69193,1,0.6025788,Low-Engagement / Passive,"Re-engagement campaign: usage incentives, feature education, win-back offer"
58098,2,0.2846231,High-Usage / Handset-Gap,Device upgrade or contract-renewal incentive (heavy users on aging handsets)
58418,1,0.44114333,Low-Engagement / Passive,"Re-engagement campaign: usage incentives, feature education, win-back offer"
64454,0,0.57284725,At-Risk / Retention-Contact,Priority retention outreach + service recovery (already contacted us)
60166,1,0.4637552,Low-Engagement / Passive,"Re-engagement campaign: usage incentives, feature education, win-back offer"
30472,0,0.5533627,At-Risk / Retention-Contact,Priority retention outreach + service recovery (already contacted us)
62837,2,0.44898885,High-Usage / Handset-Gap,Device upgrade or contract-renewal incentive (heavy users on aging handsets)
62648,1,0.28185162,Low-Engagement / Passive,"Re-engagement campaign: usage incentives, feature education, win-back offer"
54638,2,0.40038368,High-Usage / Handset-Gap,Device upgrade or contract-renewal incentive (heavy users on aging handsets)
66643,0,0.7073876,At-Risk / Retention-Contact,Priority retention outreach + service recovery (already contacted us)
64388,1,0.22586612,Low-Engagement / Passive,"Re-engagement campaign: usage incentives, feature education, win-back offer"
61540,1,0.29085916,Low-Engagement / Passive,"Re-engagement campaign: usage incentives, feature education, win-back offer"
58783,1,0.16936976,Low-Engagement / Passive,"Re-engagement campaign: usage incentives, feature education, win-back offer"
64764,1,0.40990454,Low-Engagement / Passive,"Re-engagement campaign: usage incentives, feature education, win-back offer"
67799,1,0.39110786,Low-Engagement / Passive,"Re-engagement campaign: usage incentives, feature education, win-back offer"
51512,2,0.41541138,High-Usage / Handset-Gap,Device upgrade or contract-renewal incentive (heavy users on aging handsets)
67581,2,0.31652918,High-Usage / Handset-Gap,Device upgrade or contract-renewal incentive (heavy users on aging handsets)
57395,1,0.28947294,Low-Engagement / Passive,"Re-engagement campaign: usage incentives, feature education, win-back offer"
70465,2,0.115500405,High-Usage / Handset-Gap,Device upgrade or contract-renewal incentive (heavy users on aging handsets)
54498,1,0.2544041,Low-Engagement / Passive,"Re-engagement campaign: usage incentives, feature education, win-back offer"
59348,1,0.50792825,Low-Engagement / Passive,"Re-engagement campaign: usage incentives, feature education, win-back offer"
69025,2,0.40114906,High-Usage / Handset-Gap,Device upgrade or contract-renewal incentive (heavy users on aging handsets)
70874,1,0.33155906,Low-Engagement / Passive,"Re-engagement campaign: usage incentives, feature education, win-back offer"
62824,1,0.33672264,Low-Engagement / Passive,"Re-engagement campaign: usage incentives, feature education, win-back offer"
67061,1,0.12589397,Low-Engagement / Passive,"Re-engagement campaign: usage incentives, feature education, win-back offer"
54893,1,0.3158804,Low-Engagement / Passive,"Re-engagement campaign: usage incentives, feature education, win-back offer"
66483,1,0.18944937,Low-Engagement / Passive,"Re-engagement campaign: usage incentives, feature education, win-back offer"
69920,1,0.37367216,Low-Engagement / Passive,"Re-engagement campaign: usage incentives, feature education, win-back offer"
67113,1,0.4588939,Low-Engagement / Passive,"Re-engagement campaign: usage incentives, feature education, win-back offer"
65607,2,0.17518422,High-Usage / Handset-Gap,Device upgrade or contract-renewal incentive (heavy users on aging handsets)
62129,1,0.5687832,Low-Engagement / Passive,"Re-engagement campaign: usage incentives, feature education, win-back offer"
30727,2,0.5570494,High-Usage / Handset-Gap,Device upgrade or contract-renewal incentive (heavy users on aging handsets)
70681,1,0.34223187,Low-Engagement / Passive,"Re-engagement campaign: usage incentives, feature education, win-back offer"
52562,2,0.69955975,High-Usage / Handset-Gap,Device upgrade or contract-renewal incentive (heavy users on aging handsets)
59504,1,0.5082006,Low-Engagement / Passive,"Re-engagement campaign: usage incentives, feature education, win-back offer"
56416,0,0.31249255,At-Risk / Retention-Contact,Priority retention outreach + service recovery (already contacted us)
55187,1,0.29325357,Low-Engagement / Passive,"Re-engagement campaign: usage incentives, feature education, win-back offer"
55656,1,0.20123994,Low-Engagement / Passive,"Re-engagement campaign: usage incentives, feature education, win-back offer"
30708,2,0.22539566,High-Usage / Handset-Gap,Device upgrade or contract-renewal incentive (heavy users on aging handsets)
66581,2,0.17954026,High-Usage / Handset-Gap,Device upgrade or contract-renewal incentive (heavy users on aging handsets)
68694,1,0.3618581,Low-Engagement / Passive,"Re-engagement campaign: usage incentives, feature education, win-back offer"
66636,1,0.21254033,Low-Engagement / Passive,"Re-engagement campaign: usage incentives, feature education, win-back offer"
59508,2,0.4158303,High-Usage / Handset-Gap,Device upgrade or contract-renewal incentive (heavy users on aging handsets)
58814,2,0.39889276,High-Usage / Handset-Gap,Device upgrade or contract-renewal incentive (heavy users on aging handsets)
70615,1,0.23909892,Low-Engagement / Passive,"Re-engagement campaign: usage incentives, feature education, win-back offer"
51064,1,0.28322342,Low-Engagement / Passive,"Re-engagement campaign: usage incentives, feature education, win-back offer"
66122,1,0.4820382,Low-Engagement / Passive,"Re-engagement campaign: usage incentives, feature education, win-back offer"
63500,1,0.30953234,Low-Engagement / Passive,"Re-engagement campaign: usage incentives, feature education, win-back offer"
53994,2,0.31866267,High-Usage / Handset-Gap,Device upgrade or contract-renewal incentive (heavy users on aging handsets)
68762,1,0.2124675,Low-Engagement / Passive,"Re-engagement campaign: usage incentives, feature education, win-back offer"
70040,1,0.16620582,Low-Engagement / Passive,"Re-engagement campaign: usage incentives, feature education, win-back offer"
58931,2,0.34326398,High-Usage / Handset-Gap,Device upgrade or contract-renewal incentive (heavy users on aging handsets)
52862,2,0.64795476,High-Usage / Handset-Gap,Device upgrade or contract-renewal incentive (heavy users on aging handsets)
60975,1,0.17195241,Low-Engagement / Passive,"Re-engagement campaign: usage incentives, feature education, win-back offer"
60879,1,0.39331934,Low-Engagement / Passive,"Re-engagement campaign: usage incentives, feature education, win-back offer"
66085,1,0.47568226,Low-Engagement / Passive,"Re-engagement campaign: usage incentives, feature education, win-back offer"
66298,1,0.4033062,Low-Engagement / Passive,"Re-engagement campaign: usage incentives, feature education, win-back offer"
55736,2,0.18869312,High-Usage / Handset-Gap,Device upgrade or contract-renewal incentive (heavy users on aging handsets)
68863,1,0.5131033,Low-Engagement / Passive,"Re-engagement campaign: usage incentives, feature education, win-back offer"
63625,1,0.24200235,Low-Engagement / Passive,"Re-engagement campaign: usage incentives, feature education, win-back offer"
68205,2,0.31813088,High-Usage / Handset-Gap,Device upgrade or contract-renewal incentive (heavy users on aging handsets)
61791,0,0.7273667,At-Risk / Retention-Contact,Priority retention outreach + service recovery (already contacted us)
67257,2,0.27957594,High-Usage / Handset-Gap,Device upgrade or contract-renewal incentive (heavy users on aging handsets)
57516,1,0.20770188,Low-Engagement / Passive,"Re-engagement campaign: usage incentives, feature education, win-back offer"
61738,0,0.6580406,At-Risk / Retention-Contact,Priority retention outreach + service recovery (already contacted us)
57926,2,0.337892,High-Usage / Handset-Gap,Device upgrade or contract-renewal incentive (heavy users on aging handsets)
67341,1,0.74734735,Low-Engagement / Passive,"Re-engagement campaign: usage incentives, feature education, win-back offer"
70242,2,0.057592113,High-Usage / Handset-Gap,Device upgrade or contract-renewal incentive (heavy users on aging handsets)
52829,1,0.29861805,Low-Engagement / Passive,"Re-engagement campaign: usage incentives, feature education, win-back offer"
30487,1,0.34380218,Low-Engagement / Passive,"Re-engagement campaign: usage incentives, feature education, win-back offer"
65892,1,0.21596906,Low-Engagement / Passive,"Re-engagement campaign: usage incentives, feature education, win-back offer"
64030,1,0.33525977,Low-Engagement / Passive,"Re-engagement campaign: usage incentives, feature education, win-back offer"
70422,2,0.3026972,High-Usage / Handset-Gap,Device upgrade or contract-renewal incentive (heavy users on aging handsets)
65310,2,0.3512201,High-Usage / Handset-Gap,Device upgrade or contract-renewal incentive (heavy users on aging handsets)
62464,1,0.42193267,Low-Engagement / Passive,"Re-engagement campaign: usage incentives, feature education, win-back offer"
52638,1,0.53895086,Low-Engagement / Passive,"Re-engagement campaign: usage incentives, feature education, win-back offer"
53463,1,0.13959445,Low-Engagement / Passive,"Re-engagement campaign: usage incentives, feature education, win-back offer"
59441,1,0.51201695,Low-Engagement / Passive,"Re-engagement campaign: usage incentives, feature education, win-back offer"
55587,2,0.34771335,High-Usage / Handset-Gap,Device upgrade or contract-renewal incentive (heavy users on aging handsets)
63803,2,0.36448157,High-Usage / Handset-Gap,Device upgrade or contract-renewal incentive (heavy users on aging handsets)
60043,1,0.1885378,Low-Engagement / Passive,"Re-engagement campaign: usage incentives, feature education, win-back offer"
66043,1,0.37585977,Low-Engagement / Passive,"Re-engagement campaign: usage incentives, feature education, win-back offer"
63521,2,0.3169716,High-Usage / Handset-Gap,Device upgrade or contract-renewal incentive (heavy users on aging handsets)
66755,1,0.5060377,Low-Engagement / Passive,"Re-engagement campaign: usage incentives, feature education, win-back offer"
63002,1,0.3217849,Low-Engagement / Passive,"Re-engagement campaign: usage incentives, feature education, win-back offer"
66597,2,0.31158096,High-Usage / Handset-Gap,Device upgrade or contract-renewal incentive (heavy users on aging handsets)
52257,1,0.39196685,Low-Engagement / Passive,"Re-engagement campaign: usage incentives, feature education, win-back offer"
55899,1,0.15549709,Low-Engagement / Passive,"Re-engagement campaign: usage incentives, feature education, win-back offer"
68710,1,0.5700055,Low-Engagement / Passive,"Re-engagement campaign: usage incentives, feature education, win-back offer"
53979,0,0.40596014,At-Risk / Retention-Contact,Priority retention outreach + service recovery (already contacted us)
57766,2,0.3370869,High-Usage / Handset-Gap,Device upgrade or contract-renewal incentive (heavy users on aging handsets)
30639,1,0.32771522,Low-Engagement / Passive,"Re-engagement campaign: usage incentives, feature education, win-back offer"
51124,1,0.28206837,Low-Engagement / Passive,"Re-engagement campaign: usage incentives, feature education, win-back offer"
54383,1,0.21369453,Low-Engagement / Passive,"Re-engagement campaign: usage incentives, feature education, win-back offer"
63061,1,0.2851554,Low-Engagement / Passive,"Re-engagement campaign: usage incentives, feature education, win-back offer"
68897,1,0.5125186,Low-Engagement / Passive,"Re-engagement campaign: usage incentives, feature education, win-back offer"
56089,1,0.114991084,Low-Engagement / Passive,"Re-engagement campaign: usage incentives, feature education, win-back offer"
62814,0,0.60720617,At-Risk / Retention-Contact,Priority retention outreach + service recovery (already contacted us)
56511,2,0.43709293,High-Usage / Handset-Gap,Device upgrade or contract-renewal incentive (heavy users on aging handsets)
58305,1,0.57136667,Low-Engagement / Passive,"Re-engagement campaign: usage incentives, feature education, win-back offer"
62702,1,0.26023847,Low-Engagement / Passive,"Re-engagement campaign: usage incentives, feature education, win-back offer"
61958,1,0.49778718,Low-Engagement / Passive,"Re-engagement campaign: usage incentives, feature education, win-back offer"
56595,1,0.30730134,Low-Engagement / Passive,"Re-engagement campaign: usage incentives, feature education, win-back offer"
58894,1,0.40320742,Low-Engagement / Passive,"Re-engagement campaign: usage incentives, feature education, win-back offer"
60982,1,0.28182858,Low-Engagement / Passive,"Re-engagement campaign: usage incentives, feature education, win-back offer"
68796,1,0.40021837,Low-Engagement / Passive,"Re-engagement campaign: usage incentives, feature education, win-back offer"
67611,2,0.11873093,High-Usage / Handset-Gap,Device upgrade or contract-renewal incentive (heavy users on aging handsets)
65043,1,0.29805654,Low-Engagement / Passive,"Re-engagement campaign: usage incentives, feature education, win-back offer"
64849,0,0.49825552,At-Risk / Retention-Contact,Priority retention outreach + service recovery (already contacted us)
64744,1,0.38363028,Low-Engagement / Passive,"Re-engagement campaign: usage incentives, feature education, win-back offer"
61047,1,0.406245,Low-Engagement / Passive,"Re-engagement campaign: usage incentives, feature education, win-back offer"
55030,2,0.3589369,High-Usage / Handset-Gap,Device upgrade or contract-renewal incentive (heavy users on aging handsets)
53127,2,0.38633665,High-Usage / Handset-Gap,Device upgrade or contract-renewal incentive (heavy users on aging handsets)
70111,2,0.410198,High-Usage / Handset-Gap,Device upgrade or contract-renewal incentive (heavy users on aging handsets)
66630,2,0.34084615,High-Usage / Handset-Gap,Device upgrade or contract-renewal incentive (heavy users on aging handsets)
53896,2,0.41711125,High-Usage / Handset-Gap,Device upgrade or contract-renewal incentive (heavy users on aging handsets)
69955,2,0.16766013,High-Usage / Handset-Gap,Device upgrade or contract-renewal incentive (heavy users on aging handsets)
30478,1,0.38008508,Low-Engagement / Passive,"Re-engagement campaign: usage incentives, feature education, win-back offer"
56751,1,0.653028,Low-Engagement / Passive,"Re-engagement campaign: usage incentives, feature education, win-back offer"
60790,1,0.24756426,Low-Engagement / Passive,"Re-engagement campaign: usage incentives, feature education, win-back offer"
53461,1,0.28709245,Low-Engagement / Passive,"Re-engagement campaign: usage incentives, feature education, win-back offer"
63967,1,0.48888856,Low-Engagement / Passive,"Re-engagement campaign: usage incentives, feature education, win-back offer"
63845,2,0.2502372,High-Usage / Handset-Gap,Device upgrade or contract-renewal incentive (heavy users on aging handsets)
57969,1,0.36121845,Low-Engagement / Passive,"Re-engagement campaign: usage incentives, feature education, win-back offer"
59923,1,0.4012386,Low-Engagement / Passive,"Re-engagement campaign: usage incentives, feature education, win-back offer"
66789,1,0.15699907,Low-Engagement / Passive,"Re-engagement campaign: usage incentives, feature education, win-back offer"
54500,1,0.23181042,Low-Engagement / Passive,"Re-engagement campaign: usage incentives, feature education, win-back offer"
56246,1,0.30709618,Low-Engagement / Passive,"Re-engagement campaign: usage incentives, feature education, win-back offer"
69537,1,0.18127102,Low-Engagement / Passive,"Re-engagement campaign: usage incentives, feature education, win-back offer"
53103,1,0.16950305,Low-Engagement / Passive,"Re-engagement campaign: usage incentives, feature education, win-back offer"
69355,1,0.48698643,Low-Engagement / Passive,"Re-engagement campaign: usage incentives, feature education, win-back offer"
62699,1,0.42713094,Low-Engagement / Passive,"Re-engagement campaign: usage incentives, feature education, win-back offer"
53148,2,0.30746987,High-Usage / Handset-Gap,Device upgrade or contract-renewal incentive (heavy users on aging handsets)
51888,1,0.099674016,Low-Engagement / Passive,"Re-engagement campaign: usage incentives, feature education, win-back offer"
62948,0,0.3142284,At-Risk / Retention-Contact,Priority retention outreach + service recovery (already contacted us)
56713,1,0.53828466,Low-Engagement / Passive,"Re-engagement campaign: usage incentives, feature education, win-back offer"
60647,0,0.5367766,At-Risk / Retention-Contact,Priority retention outreach + service recovery (already contacted us)
65454,0,0.6104367,At-Risk / Retention-Contact,Priority retention outreach + service recovery (already contacted us)
55685,1,0.15613085,Low-Engagement / Passive,"Re-engagement campaign: usage incentives, feature education, win-back offer"
52532,2,0.469012,High-Usage / Handset-Gap,Device upgrade or contract-renewal incentive (heavy users on aging handsets)
64064,1,0.2747178,Low-Engagement / Passive,"Re-engagement campaign: usage incentives, feature education, win-back offer"
57492,1,0.2977545,Low-Engagement / Passive,"Re-engagement campaign: usage incentives, feature education, win-back offer"
65089,2,0.6775173,High-Usage / Handset-Gap,Device upgrade or contract-renewal incentive (heavy users on aging handsets)
69067,2,0.2030028,High-Usage / Handset-Gap,Device upgrade or contract-renewal incentive (heavy users on aging handsets)
67012,1,0.547057,Low-Engagement / Passive,"Re-engagement campaign: usage incentives, feature education, win-back offer"
55271,2,0.3196626,High-Usage / Handset-Gap,Device upgrade or contract-renewal incentive (heavy users on aging handsets)
51397,2,0.4211004,High-Usage / Handset-Gap,Device upgrade or contract-renewal incentive (heavy users on aging handsets)
56774,1,0.07159439,Low-Engagement / Passive,"Re-engagement campaign: usage incentives, feature education, win-back offer"
56185,2,0.28220922,High-Usage / Handset-Gap,Device upgrade or contract-renewal incentive (heavy users on aging handsets)
65381,2,0.5780197,High-Usage / Handset-Gap,Device upgrade or contract-renewal incentive (heavy users on aging handsets)
56184,1,0.30512,Low-Engagement / Passive,"Re-engagement campaign: usage incentives, feature education, win-back offer"
59515,1,0.29657823,Low-Engagement / Passive,"Re-engagement campaign: usage incentives, feature education, win-back offer"
66537,2,0.52758455,High-Usage / Handset-Gap,Device upgrade or contract-renewal incentive (heavy users on aging handsets)
52163,2,0.39164224,High-Usage / Handset-Gap,Device upgrade or contract-renewal incentive (heavy users on aging handsets)
62253,1,0.38814196,Low-Engagement / Passive,"Re-engagement campaign: usage incentives, feature education, win-back offer"
53605,1,0.6098608,Low-Engagement / Passive,"Re-engagement campaign: usage incentives, feature education, win-back offer"
55861,2,0.36638916,High-Usage / Handset-Gap,Device upgrade or contract-renewal incentive (heavy users on aging handsets)
57885,1,0.32875898,Low-Engagement / Passive,"Re-engagement campaign: usage incentives, feature education, win-back offer"
59628,1,0.4474745,Low-Engagement / Passive,"Re-engagement campaign: usage incentives, feature education, win-back offer"
62889,1,0.46460688,Low-Engagement / Passive,"Re-engagement campaign: usage incentives, feature education, win-back offer"
63979,1,0.39236307,Low-Engagement / Passive,"Re-engagement campaign: usage incentives, feature education, win-back offer"
68804,1,0.36823776,Low-Engagement / Passive,"Re-engagement campaign: usage incentives, feature education, win-back offer"
65638,2,0.5143634,High-Usage / Handset-Gap,Device upgrade or contract-renewal incentive (heavy users on aging handsets)
66912,1,0.40157032,Low-Engagement / Passive,"Re-engagement campaign: usage incentives, feature education, win-back offer"
61400,2,0.2360381,High-Usage / Handset-Gap,Device upgrade or contract-renewal incentive (heavy users on aging handsets)
70629,1,0.15999164,Low-Engagement / Passive,"Re-engagement campaign: usage incentives, feature education, win-back offer"
53706,2,0.3239701,High-Usage / Handset-Gap,Device upgrade or contract-renewal incentive (heavy users on aging handsets)
58984,2,0.29092515,High-Usage / Handset-Gap,Device upgrade or contract-renewal incentive (heavy users on aging handsets)
63601,2,0.26839936,High-Usage / Handset-Gap,Device upgrade or contract-renewal incentive (heavy users on aging handsets)
54447,1,0.27055028,Low-Engagement / Passive,"Re-engagement campaign: usage incentives, feature education, win-back offer"
64930,2,0.24721858,High-Usage / Handset-Gap,Device upgrade or contract-renewal incentive (heavy users on aging handsets)
68160,1,0.39632744,Low-Engagement / Passive,"Re-engagement campaign: usage incentives, feature education, win-back offer"
62770,1,0.32218638,Low-Engagement / Passive,"Re-engagement campaign: usage incentives, feature education, win-back offer"
70471,1,0.12293471,Low-Engagement / Passive,"Re-engagement campaign: usage incentives, feature education, win-back offer"
55133,2,0.28418228,High-Usage / Handset-Gap,Device upgrade or contract-renewal incentive (heavy users on aging handsets)
57330,1,0.35518792,Low-Engagement / Passive,"Re-engagement campaign: usage incentives, feature education, win-back offer"
65709,1,0.5617299,Low-Engagement / Passive,"Re-engagement campaign: usage incentives, feature education, win-back offer"
69275,1,0.46356267,Low-Engagement / Passive,"Re-engagement campaign: usage incentives, feature education, win-back offer"
30561,2,0.31494096,High-Usage / Handset-Gap,Device upgrade or contract-renewal incentive (heavy users on aging handsets)
56920,1,0.5202588,Low-Engagement / Passive,"Re-engagement campaign: usage incentives, feature education, win-back offer"
61018,1,0.1884512,Low-Engagement / Passive,"Re-engagement campaign: usage incentives, feature education, win-back offer"
58427,1,0.4196152,Low-Engagement / Passive,"Re-engagement campaign: usage incentives, feature education, win-back offer"
69776,1,0.4094718,Low-Engagement / Passive,"Re-engagement campaign: usage incentives, feature education, win-back offer"
59541,1,0.43822777,Low-Engagement / Passive,"Re-engagement campaign: usage incentives, feature education, win-back offer"
54433,1,0.32314524,Low-Engagement / Passive,"Re-engagement campaign: usage incentives, feature education, win-back offer"
61064,1,0.39496806,Low-Engagement / Passive,"Re-engagement campaign: usage incentives, feature education, win-back offer"
68620,1,0.31175074,Low-Engagement / Passive,"Re-engagement campaign: usage incentives, feature education, win-back offer"
63835,1,0.264513,Low-Engagement / Passive,"Re-engagement campaign: usage incentives, feature education, win-back offer"
60897,1,0.29983422,Low-Engagement / Passive,"Re-engagement campaign: usage incentives, feature education, win-back offer"
67351,0,0.38063645,At-Risk / Retention-Contact,Priority retention outreach + service recovery (already contacted us)
60012,1,0.24633989,Low-Engagement / Passive,"Re-engagement campaign: usage incentives, feature education, win-back offer"
61597,1,0.41557345,Low-Engagement / Passive,"Re-engagement campaign: usage incentives, feature education, win-back offer"
69346,1,0.4096299,Low-Engagement / Passive,"Re-engagement campaign: usage incentives, feature education, win-back offer"
62351,1,0.34283683,Low-Engagement / Passive,"Re-engagement campaign: usage incentives, feature education, win-back offer"
56983,2,0.36433122,High-Usage / Handset-Gap,Device upgrade or contract-renewal incentive (heavy users on aging handsets)
30769,1,0.44233638,Low-Engagement / Passive,"Re-engagement campaign: usage incentives, feature education, win-back offer"
66337,2,0.340274,High-Usage / Handset-Gap,Device upgrade or contract-renewal incentive (heavy users on aging handsets)
61176,1,0.16104308,Low-Engagement / Passive,"Re-engagement campaign: usage incentives, feature education, win-back offer"
52892,2,0.35273764,High-Usage / Handset-Gap,Device upgrade or contract-renewal incentive (heavy users on aging handsets)
62271,2,0.3322392,High-Usage / Handset-Gap,Device upgrade or contract-renewal incentive (heavy users on aging handsets)
59762,1,0.40346396,Low-Engagement / Passive,"Re-engagement campaign: usage incentives, feature education, win-back offer"
67898,2,0.051141895,High-Usage / Handset-Gap,Device upgrade or contract-renewal incentive (heavy users on aging handsets)
62293,2,0.75625145,High-Usage / Handset-Gap,Device upgrade or contract-renewal incentive (heavy users on aging handsets)
51372,2,0.22215222,High-Usage / Handset-Gap,Device upgrade or contract-renewal incentive (heavy users on aging handsets)
65065,2,0.1586881,High-Usage / Handset-Gap,Device upgrade or contract-renewal incentive (heavy users on aging handsets)
64952,2,0.38124955,High-Usage / Handset-Gap,Device upgrade or contract-renewal incentive (heavy users on aging handsets)
52852,1,0.22978207,Low-Engagement / Passive,"Re-engagement campaign: usage incentives, feature education, win-back offer"
67884,1,0.332287,Low-Engagement / Passive,"Re-engagement campaign: usage incentives, feature education, win-back offer"
61330,1,0.37561345,Low-Engagement / Passive,"Re-engagement campaign: usage incentives, feature education, win-back offer"
54783,2,0.35213405,High-Usage / Handset-Gap,Device upgrade or contract-renewal incentive (heavy users on aging handsets)
62935,2,0.206493,High-Usage / Handset-Gap,Device upgrade or contract-renewal incentive (heavy users on aging handsets)
60931,2,0.37916553,High-Usage / Handset-Gap,Device upgrade or contract-renewal incentive (heavy users on aging handsets)
51116,0,0.7162256,At-Risk / Retention-Contact,Priority retention outreach + service recovery (already contacted us)
64140,0,0.682727,At-Risk / Retention-Contact,Priority retention outreach + service recovery (already contacted us)
63420,1,0.5195481,Low-Engagement / Passive,"Re-engagement campaign: usage incentives, feature education, win-back offer"
52197,2,0.42077044,High-Usage / Handset-Gap,Device upgrade or contract-renewal incentive (heavy users on aging handsets)
54105,2,0.5252257,High-Usage / Handset-Gap,Device upgrade or contract-renewal incentive (heavy users on aging handsets)
55472,1,0.20075387,Low-Engagement / Passive,"Re-engagement campaign: usage incentives, feature education, win-back offer"
69564,1,0.32793757,Low-Engagement / Passive,"Re-engagement campaign: usage incentives, feature education, win-back offer"
66439,0,0.40439484,At-Risk / Retention-Contact,Priority retention outreach + service recovery (already contacted us)
52680,1,0.17294928,Low-Engagement / Passive,"Re-engagement campaign: usage incentives, feature education, win-back offer"
66071,2,0.5401592,High-Usage / Handset-Gap,Device upgrade or contract-renewal incentive (heavy users on aging handsets)
61816,2,0.23160778,High-Usage / Handset-Gap,Device upgrade or contract-renewal incentive (heavy users on aging handsets)
66893,0,0.693333,At-Risk / Retention-Contact,Priority retention outreach + service recovery (already contacted us)
52433,2,0.2292694,High-Usage / Handset-Gap,Device upgrade or contract-renewal incentive (heavy users on aging handsets)
59598,2,0.67967194,High-Usage / Handset-Gap,Device upgrade or contract-renewal incentive (heavy users on aging handsets)
65783,1,0.59080577,Low-Engagement / Passive,"Re-engagement campaign: usage incentives, feature education, win-back offer"
64845,1,0.44997564,Low-Engagement / Passive,"Re-engagement campaign: usage incentives, feature education, win-back offer"
62808,2,0.5726895,High-Usage / Handset-Gap,Device upgrade or contract-renewal incentive (heavy users on aging handsets)
70087,2,0.17183642,High-Usage / Handset-Gap,Device upgrade or contract-renewal incentive (heavy users on aging handsets)
64202,2,0.4168781,High-Usage / Handset-Gap,Device upgrade or contract-renewal incentive (heavy users on aging handsets)
51794,1,0.6258186,Low-Engagement / Passive,"Re-engagement campaign: usage incentives, feature education, win-back offer"
55367,1,0.566804,Low-Engagement / Passive,"Re-engagement campaign: usage incentives, feature education, win-back offer"
51629,2,0.5251225,High-Usage / Handset-Gap,Device upgrade or contract-renewal incentive (heavy users on aging handsets)
64630,2,0.3654926,High-Usage / Handset-Gap,Device upgrade or contract-renewal incentive (heavy users on aging handsets)
57314,1,0.5114669,Low-Engagement / Passive,"Re-engagement campaign: usage incentives, feature education, win-back offer"
62066,1,0.48534095,Low-Engagement / Passive,"Re-engagement campaign: usage incentives, feature education, win-back offer"
53140,0,0.4741508,At-Risk / Retention-Contact,Priority retention outreach + service recovery (already contacted us)
51260,1,0.094698794,Low-Engagement / Passive,"Re-engagement campaign: usage incentives, feature education, win-back offer"
59751,1,0.31623295,Low-Engagement / Passive,"Re-engagement campaign: usage incentives, feature education, win-back offer"
60585,2,0.818867,High-Usage / Handset-Gap,Device upgrade or contract-renewal incentive (heavy users on aging handsets)
51360,1,0.27359143,Low-Engagement / Passive,"Re-engagement campaign: usage incentives, feature education, win-back offer"
64362,2,0.28641438,High-Usage / Handset-Gap,Device upgrade or contract-renewal incentive (heavy users on aging handsets)
61150,2,0.37396553,High-Usage / Handset-Gap,Device upgrade or contract-renewal incentive (heavy users on aging handsets)
62080,1,0.5199242,Low-Engagement / Passive,"Re-engagement campaign: usage incentives, feature education, win-back offer"
55231,1,0.31362274,Low-Engagement / Passive,"Re-engagement campaign: usage incentives, feature education, win-back offer"
53005,2,0.500559,High-Usage / Handset-Gap,Device upgrade or contract-renewal incentive (heavy users on aging handsets)
57648,1,0.22263758,Low-Engagement / Passive,"Re-engagement campaign: usage incentives, feature education, win-back offer"
53223,2,0.36660177,High-Usage / Handset-Gap,Device upgrade or contract-renewal incentive (heavy users on aging handsets)
63593,2,0.2762694,High-Usage / Handset-Gap,Device upgrade or contract-renewal incentive (heavy users on aging handsets)
55165,1,0.3750078,Low-Engagement / Passive,"Re-engagement campaign: usage incentives, feature education, win-back offer"
54741,1,0.57693905,Low-Engagement / Passive,"Re-engagement campaign: usage incentives, feature education, win-back offer"
61632,1,0.26735127,Low-Engagement / Passive,"Re-engagement campaign: usage incentives, feature education, win-back offer"
51500,1,0.3986805,Low-Engagement / Passive,"Re-engagement campaign: usage incentives, feature education, win-back offer"
60355,2,0.35250148,High-Usage / Handset-Gap,Device upgrade or contract-renewal incentive (heavy users on aging handsets)
70831,2,0.30693877,High-Usage / Handset-Gap,Device upgrade or contract-renewal incentive (heavy users on aging handsets)
62998,1,0.31880182,Low-Engagement / Passive,"Re-engagement campaign: usage incentives, feature education, win-back offer"
59608,1,0.37538436,Low-Engagement / Passive,"Re-engagement campaign: usage incentives, feature education, win-back offer"
57285,1,0.4474774,Low-Engagement / Passive,"Re-engagement campaign: usage incentives, feature education, win-back offer"
56085,2,0.458956,High-Usage / Handset-Gap,Device upgrade or contract-renewal incentive (heavy users on aging handsets)
65902,2,0.17995203,High-Usage / Handset-Gap,Device upgrade or contract-renewal incentive (heavy users on aging handsets)
57472,2,0.22924073,High-Usage / Handset-Gap,Device upgrade or contract-renewal incentive (heavy users on aging handsets)
69631,1,0.42336944,Low-Engagement / Passive,"Re-engagement campaign: usage incentives, feature education, win-back offer"
31018,0,0.44025615,At-Risk / Retention-Contact,Priority retention outreach + service recovery (already contacted us)
66278,0,0.4522068,At-Risk / Retention-Contact,Priority retention outreach + service recovery (already contacted us)
51363,0,0.54571706,At-Risk / Retention-Contact,Priority retention outreach + service recovery (already contacted us)
63070,2,0.575971,High-Usage / Handset-Gap,Device upgrade or contract-renewal incentive (heavy users on aging handsets)
58279,2,0.2285791,High-Usage / Handset-Gap,Device upgrade or contract-renewal incentive (heavy users on aging handsets)
62830,2,0.7810606,High-Usage / Handset-Gap,Device upgrade or contract-renewal incentive (heavy users on aging handsets)
54272,1,0.0931916,Low-Engagement / Passive,"Re-engagement campaign: usage incentives, feature education, win-back offer"
69607,1,0.27523014,Low-Engagement / Passive,"Re-engagement campaign: usage incentives, feature education, win-back offer"
56988,1,0.35322317,Low-Engagement / Passive,"Re-engagement campaign: usage incentives, feature education, win-back offer"
55017,2,0.204626,High-Usage / Handset-Gap,Device upgrade or contract-renewal incentive (heavy users on aging handsets)
54408,1,0.6064268,Low-Engagement / Passive,"Re-engagement campaign: usage incentives, feature education, win-back offer"
58832,0,0.5486179,At-Risk / Retention-Contact,Priority retention outreach + service recovery (already contacted us)
69907,1,0.43565083,Low-Engagement / Passive,"Re-engagement campaign: usage incentives, feature education, win-back offer"
57643,1,0.4037607,Low-Engagement / Passive,"Re-engagement campaign: usage incentives, feature education, win-back offer"
69280,1,0.31743065,Low-Engagement / Passive,"Re-engagement campaign: usage incentives, feature education, win-back offer"
63619,1,0.10558182,Low-Engagement / Passive,"Re-engagement campaign: usage incentives, feature education, win-back offer"
58628,2,0.17493117,High-Usage / Handset-Gap,Device upgrade or contract-renewal incentive (heavy users on aging handsets)
57037,1,0.27648026,Low-Engagement / Passive,"Re-engagement campaign: usage incentives, feature education, win-back offer"
56577,1,0.12778169,Low-Engagement / Passive,"Re-engagement campaign: usage incentives, feature education, win-back offer"
62692,1,0.5135801,Low-Engagement / Passive,"Re-engagement campaign: usage incentives, feature education, win-back offer"
53326,2,0.38731438,High-Usage / Handset-Gap,Device upgrade or contract-renewal incentive (heavy users on aging handsets)
66627,0,0.23464641,At-Risk / Retention-Contact,Priority retention outreach + service recovery (already contacted us)
55251,1,0.29543895,Low-Engagement / Passive,"Re-engagement campaign: usage incentives, feature education, win-back offer"
70451,2,0.11845364,High-Usage / Handset-Gap,Device upgrade or contract-renewal incentive (heavy users on aging handsets)
60249,1,0.24396586,Low-Engagement / Passive,"Re-engagement campaign: usage incentives, feature education, win-back offer"
59570,1,0.23381044,Low-Engagement / Passive,"Re-engagement campaign: usage incentives, feature education, win-back offer"
58822,1,0.48437843,Low-Engagement / Passive,"Re-engagement campaign: usage incentives, feature education, win-back offer"
64109,2,0.3861878,High-Usage / Handset-Gap,Device upgrade or contract-renewal incentive (heavy users on aging handsets)
58245,2,0.28731093,High-Usage / Handset-Gap,Device upgrade or contract-renewal incentive (heavy users on aging handsets)
64987,2,0.21793057,High-Usage / Handset-Gap,Device upgrade or contract-renewal incentive (heavy users on aging handsets)
58254,2,0.39371616,High-Usage / Handset-Gap,Device upgrade or contract-renewal incentive (heavy users on aging handsets)
71008,0,0.47485015,At-Risk / Retention-Contact,Priority retention outreach + service recovery (already contacted us)
54578,1,0.19255327,Low-Engagement / Passive,"Re-engagement campaign: usage incentives, feature education, win-back offer"
68450,1,0.6198308,Low-Engagement / Passive,"Re-engagement campaign: usage incentives, feature education, win-back offer"
65058,2,0.41097814,High-Usage / Handset-Gap,Device upgrade or contract-renewal incentive (heavy users on aging handsets)
52357,2,0.2864964,High-Usage / Handset-Gap,Device upgrade or contract-renewal incentive (heavy users on aging handsets)
54178,2,0.43580934,High-Usage / Handset-Gap,Device upgrade or contract-renewal incentive (heavy users on aging handsets)
61541,1,0.5248965,Low-Engagement / Passive,"Re-engagement campaign: usage incentives, feature education, win-back offer"
56872,2,0.21078189,High-Usage / Handset-Gap,Device upgrade or contract-renewal incentive (heavy users on aging handsets)
63592,2,0.3946457,High-Usage / Handset-Gap,Device upgrade or contract-renewal incentive (heavy users on aging handsets)
58611,1,0.2929563,Low-Engagement / Passive,"Re-engagement campaign: usage incentives, feature education, win-back offer"
65770,2,0.5893242,High-Usage / Handset-Gap,Device upgrade or contract-renewal incentive (heavy users on aging handsets)
59800,2,0.11536226,High-Usage / Handset-Gap,Device upgrade or contract-renewal incentive (heavy users on aging handsets)
63493,1,0.48229167,Low-Engagement / Passive,"Re-engagement campaign: usage incentives, feature education, win-back offer"
53154,1,0.13930857,Low-Engagement / Passive,"Re-engagement campaign: usage incentives, feature education, win-back offer"
60994,1,0.19101156,Low-Engagement / Passive,"Re-engagement campaign: usage incentives, feature education, win-back offer"
61054,2,0.33471498,High-Usage / Handset-Gap,Device upgrade or contract-renewal incentive (heavy users on aging handsets)
53925,1,0.38527903,Low-Engagement / Passive,"Re-engagement campaign: usage incentives, feature education, win-back offer"
58651,1,0.29187614,Low-Engagement / Passive,"Re-engagement campaign: usage incentives, feature education, win-back offer"
54425,2,0.32718566,High-Usage / Handset-Gap,Device upgrade or contract-renewal incentive (heavy users on aging handsets)
55244,1,0.42856815,Low-Engagement / Passive,"Re-engagement campaign: usage incentives, feature education, win-back offer"
52437,2,0.5609823,High-Usage / Handset-Gap,Device upgrade or contract-renewal incentive (heavy users on aging handsets)
67395,1,0.53394854,Low-Engagement / Passive,"Re-engagement campaign: usage incentives, feature education, win-back offer"
60251,2,0.18955049,High-Usage / Handset-Gap,Device upgrade or contract-renewal incentive (heavy users on aging handsets)
52702,2,0.43129408,High-Usage / Handset-Gap,Device upgrade or contract-renewal incentive (heavy users on aging handsets)
63004,1,0.22878662,Low-Engagement / Passive,"Re-engagement campaign: usage incentives, feature education, win-back offer"
58106,2,0.48529387,High-Usage / Handset-Gap,Device upgrade or contract-renewal incentive (heavy users on aging handsets)
64745,2,0.5684084,High-Usage / Handset-Gap,Device upgrade or contract-renewal incentive (heavy users on aging handsets)
62483,2,0.41016245,High-Usage / Handset-Gap,Device upgrade or contract-renewal incentive (heavy users on aging handsets)
65534,2,0.6443705,High-Usage / Handset-Gap,Device upgrade or contract-renewal incentive (heavy users on aging handsets)
55356,1,0.10943794,Low-Engagement / Passive,"Re-engagement campaign: usage incentives, feature education, win-back offer"
59234,1,0.21445094,Low-Engagement / Passive,"Re-engagement campaign: usage incentives, feature education, win-back offer"
62479,2,0.3035035,High-Usage / Handset-Gap,Device upgrade or contract-renewal incentive (heavy users on aging handsets)
61641,1,0.40327862,Low-Engagement / Passive,"Re-engagement campaign: usage incentives, feature education, win-back offer"
69242,2,0.16622137,High-Usage / Handset-Gap,Device upgrade or contract-renewal incentive (heavy users on aging handsets)
56013,2,0.4114475,High-Usage / Handset-Gap,Device upgrade or contract-renewal incentive (heavy users on aging handsets)
52542,1,0.21310125,Low-Engagement / Passive,"Re-engagement campaign: usage incentives, feature education, win-back offer"
70455,1,0.23422419,Low-Engagement / Passive,"Re-engagement campaign: usage incentives, feature education, win-back offer"
30677,1,0.31023565,Low-Engagement / Passive,"Re-engagement campaign: usage incentives, feature education, win-back offer"
53453,1,0.1947667,Low-Engagement / Passive,"Re-engagement campaign: usage incentives, feature education, win-back offer"
52750,1,0.19693956,Low-Engagement / Passive,"Re-engagement campaign: usage incentives, feature education, win-back offer"
69618,1,0.52592045,Low-Engagement / Passive,"Re-engagement campaign: usage incentives, feature education, win-back offer"
51546,2,0.23013067,High-Usage / Handset-Gap,Device upgrade or contract-renewal incentive (heavy users on aging handsets)
63952,1,0.1263198,Low-Engagement / Passive,"Re-engagement campaign: usage incentives, feature education, win-back offer"
64465,1,0.22305496,Low-Engagement / Passive,"Re-engagement campaign: usage incentives, feature education, win-back offer"
54681,2,0.292389,High-Usage / Handset-Gap,Device upgrade or contract-renewal incentive (heavy users on aging handsets)
63249,1,0.5590125,Low-Engagement / Passive,"Re-engagement campaign: usage incentives, feature education, win-back offer"
51183,2,0.5348796,High-Usage / Handset-Gap,Device upgrade or contract-renewal incentive (heavy users on aging handsets)
64189,1,0.20507309,Low-Engagement / Passive,"Re-engagement campaign: usage incentives, feature education, win-back offer"
68573,1,0.24731328,Low-Engagement / Passive,"Re-engagement campaign: usage incentives, feature education, win-back offer"
55557,1,0.3096967,Low-Engagement / Passive,"Re-engagement campaign: usage incentives, feature education, win-back offer"
61462,1,0.5441124,Low-Engagement / Passive,"Re-engagement campaign: usage incentives, feature education, win-back offer"
70693,1,0.20252073,Low-Engagement / Passive,"Re-engagement campaign: usage incentives, feature education, win-back offer"
67700,2,0.36144754,High-Usage / Handset-Gap,Device upgrade or contract-renewal incentive (heavy users on aging handsets)
68319,1,0.5553907,Low-Engagement / Passive,"Re-engagement campaign: usage incentives, feature education, win-back offer"
55387,2,0.28119084,High-Usage / Handset-Gap,Device upgrade or contract-renewal incentive (heavy users on aging handsets)
56890,1,0.4078415,Low-Engagement / Passive,"Re-engagement campaign: usage incentives, feature education, win-back offer"
53248,1,0.35577467,Low-Engagement / Passive,"Re-engagement campaign: usage incentives, feature education, win-back offer"
55115,2,0.41569415,High-Usage / Handset-Gap,Device upgrade or contract-renewal incentive (heavy users on aging handsets)
51953,2,0.50511247,High-Usage / Handset-Gap,Device upgrade or contract-renewal incentive (heavy users on aging handsets)
63111,2,0.76654685,High-Usage / Handset-Gap,Device upgrade or contract-renewal incentive (heavy users on aging handsets)
66503,2,0.6370198,High-Usage / Handset-Gap,Device upgrade or contract-renewal incentive (heavy users on aging handsets)
53439,2,0.34486732,High-Usage / Handset-Gap,Device upgrade or contract-renewal incentive (heavy users on aging handsets)
57213,1,0.17988613,Low-Engagement / Passive,"Re-engagement campaign: usage incentives, feature education, win-back offer"
66987,1,0.35308552,Low-Engagement / Passive,"Re-engagement campaign: usage incentives, feature education, win-back offer"
63657,1,0.4250758,Low-Engagement / Passive,"Re-engagement campaign: usage incentives, feature education, win-back offer"
56535,1,0.34031716,Low-Engagement / Passive,"Re-engagement campaign: usage incentives, feature education, win-back offer"
57692,2,0.20174019,High-Usage / Handset-Gap,Device upgrade or contract-renewal incentive (heavy users on aging handsets)
60768,2,0.4617084,High-Usage / Handset-Gap,Device upgrade or contract-renewal incentive (heavy users on aging handsets)
63250,1,0.38624004,Low-Engagement / Passive,"Re-engagement campaign: usage incentives, feature education, win-back offer"
59395,2,0.27334592,High-Usage / Handset-Gap,Device upgrade or contract-renewal incentive (heavy users on aging handsets)
54449,1,0.2541072,Low-Engagement / Passive,"Re-engagement campaign: usage incentives, feature education, win-back offer"
51835,2,0.3262961,High-Usage / Handset-Gap,Device upgrade or contract-renewal incentive (heavy users on aging handsets)
57521,1,0.50993854,Low-Engagement / Passive,"Re-engagement campaign: usage incentives, feature education, win-back offer"
52882,2,0.26449013,High-Usage / Handset-Gap,Device upgrade or contract-renewal incentive (heavy users on aging handsets)
60117,1,0.3376056,Low-Engagement / Passive,"Re-engagement campaign: usage incentives, feature education, win-back offer"
67562,2,0.14455149,High-Usage / Handset-Gap,Device upgrade or contract-renewal incentive (heavy users on aging handsets)
56406,1,0.45799756,Low-Engagement / Passive,"Re-engagement campaign: usage incentives, feature education, win-back offer"
58068,1,0.40550032,Low-Engagement / Passive,"Re-engagement campaign: usage incentives, feature education, win-back offer"
55824,1,0.3021562,Low-Engagement / Passive,"Re-engagement campaign: usage incentives, feature education, win-back offer"
61905,1,0.4031209,Low-Engagement / Passive,"Re-engagement campaign: usage incentives, feature education, win-back offer"
68174,1,0.3732949,Low-Engagement / Passive,"Re-engagement campaign: usage incentives, feature education, win-back offer"
52344,1,0.18899994,Low-Engagement / Passive,"Re-engagement campaign: usage incentives, feature education, win-back offer"
52607,1,0.17047605,Low-Engagement / Passive,"Re-engagement campaign: usage incentives, feature education, win-back offer"
66746,1,0.40626445,Low-Engagement / Passive,"Re-engagement campaign: usage incentives, feature education, win-back offer"
30523,1,0.260402,Low-Engagement / Passive,"Re-engagement campaign: usage incentives, feature education, win-back offer"
62683,1,0.4546823,Low-Engagement / Passive,"Re-engagement campaign: usage incentives, feature education, win-back offer"
62816,1,0.51487213,Low-Engagement / Passive,"Re-engagement campaign: usage incentives, feature education, win-back offer"
67524,1,0.35900593,Low-Engagement / Passive,"Re-engagement campaign: usage incentives, feature education, win-back offer"
63122,1,0.5881501,Low-Engagement / Passive,"Re-engagement campaign: usage incentives, feature education, win-back offer"
56146,1,0.6231506,Low-Engagement / Passive,"Re-engagement campaign: usage incentives, feature education, win-back offer"
51433,2,0.29526493,High-Usage / Handset-Gap,Device upgrade or contract-renewal incentive (heavy users on aging handsets)
52947,1,0.5452653,Low-Engagement / Passive,"Re-engagement campaign: usage incentives, feature education, win-back offer"
57051,1,0.36712417,Low-Engagement / Passive,"Re-engagement campaign: usage incentives, feature education, win-back offer"
60600,1,0.4775707,Low-Engagement / Passive,"Re-engagement campaign: usage incentives, feature education, win-back offer"
59565,2,0.40687117,High-Usage / Handset-Gap,Device upgrade or contract-renewal incentive (heavy users on aging handsets)
30719,1,0.1644822,Low-Engagement / Passive,"Re-engagement campaign: usage incentives, feature education, win-back offer"
57188,2,0.3213245,High-Usage / Handset-Gap,Device upgrade or contract-renewal incentive (heavy users on aging handsets)
53101,2,0.55653036,High-Usage / Handset-Gap,Device upgrade or contract-renewal incentive (heavy users on aging handsets)
68090,1,0.4285496,Low-Engagement / Passive,"Re-engagement campaign: usage incentives, feature education, win-back offer"
55993,2,0.3211739,High-Usage / Handset-Gap,Device upgrade or contract-renewal incentive (heavy users on aging handsets)
53544,1,0.1681005,Low-Engagement / Passive,"Re-engagement campaign: usage incentives, feature education, win-back offer"
70013,1,0.39039877,Low-Engagement / Passive,"Re-engagement campaign: usage incentives, feature education, win-back offer"
70923,2,0.45046133,High-Usage / Handset-Gap,Device upgrade or contract-renewal incentive (heavy users on aging handsets)
59284,1,0.34423712,Low-Engagement / Passive,"Re-engagement campaign: usage incentives, feature education, win-back offer"
62821,2,0.37125605,High-Usage / Handset-Gap,Device upgrade or contract-renewal incentive (heavy users on aging handsets)
62117,2,0.6766859,High-Usage / Handset-Gap,Device upgrade or contract-renewal incentive (heavy users on aging handsets)
63390,1,0.45565453,Low-Engagement / Passive,"Re-engagement campaign: usage incentives, feature education, win-back offer"
67111,1,0.45253843,Low-Engagement / Passive,"Re-engagement campaign: usage incentives, feature education, win-back offer"
68670,1,0.4150287,Low-Engagement / Passive,"Re-engagement campaign: usage incentives, feature education, win-back offer"
58110,2,0.29778045,High-Usage / Handset-Gap,Device upgrade or contract-renewal incentive (heavy users on aging handsets)
67408,1,0.4504034,Low-Engagement / Passive,"Re-engagement campaign: usage incentives, feature education, win-back offer"
30551,2,0.3166456,High-Usage / Handset-Gap,Device upgrade or contract-renewal incentive (heavy users on aging handsets)
56822,2,0.34839875,High-Usage / Handset-Gap,Device upgrade or contract-renewal incentive (heavy users on aging handsets)
66550,2,0.29032347,High-Usage / Handset-Gap,Device upgrade or contract-renewal incentive (heavy users on aging handsets)
61455,2,0.3735766,High-Usage / Handset-Gap,Device upgrade or contract-renewal incentive (heavy users on aging handsets)
52628,2,0.38441852,High-Usage / Handset-Gap,Device upgrade or contract-renewal incentive (heavy users on aging handsets)
70921,1,0.50067455,Low-Engagement / Passive,"Re-engagement campaign: usage incentives, feature education, win-back offer"
55973,1,0.22269675,Low-Engagement / Passive,"Re-engagement campaign: usage incentives, feature education, win-back offer"
67048,1,0.12523907,Low-Engagement / Passive,"Re-engagement campaign: usage incentives, feature education, win-back offer"
55983,1,0.29056376,Low-Engagement / Passive,"Re-engagement campaign: usage incentives, feature education, win-back offer"
30714,1,0.13870543,Low-Engagement / Passive,"Re-engagement campaign: usage incentives, feature education, win-back offer"
58943,1,0.28806436,Low-Engagement / Passive,"Re-engagement campaign: usage incentives, feature education, win-back offer"
67889,1,0.21289147,Low-Engagement / Passive,"Re-engagement campaign: usage incentives, feature education, win-back offer"
57109,2,0.27263638,High-Usage / Handset-Gap,Device upgrade or contract-renewal incentive (heavy users on aging handsets)
59562,1,0.4252533,Low-Engagement / Passive,"Re-engagement campaign: usage incentives, feature education, win-back offer"
63970,2,0.5385723,High-Usage / Handset-Gap,Device upgrade or contract-renewal incentive (heavy users on aging handsets)
58641,2,0.36528257,High-Usage / Handset-Gap,Device upgrade or contract-renewal incentive (heavy users on aging handsets)
59528,2,0.3236121,High-Usage / Handset-Gap,Device upgrade or contract-renewal incentive (heavy users on aging handsets)
59700,1,0.2691297,Low-Engagement / Passive,"Re-engagement campaign: usage incentives, feature education, win-back offer"
55646,2,0.22389439,High-Usage / Handset-Gap,Device upgrade or contract-renewal incentive (heavy users on aging handsets)
64297,2,0.7654027,High-Usage / Handset-Gap,Device upgrade or contract-renewal incentive (heavy users on aging handsets)
69188,2,0.41616756,High-Usage / Handset-Gap,Device upgrade or contract-renewal incentive (heavy users on aging handsets)
58345,2,0.5290503,High-Usage / Handset-Gap,Device upgrade or contract-renewal incentive (heavy users on aging handsets)
68961,1,0.50015056,Low-Engagement / Passive,"Re-engagement campaign: usage incentives, feature education, win-back offer"
67058,2,0.56220734,High-Usage / Handset-Gap,Device upgrade or contract-renewal incentive (heavy users on aging handsets)
52278,2,0.5582198,High-Usage / Handset-Gap,Device upgrade or contract-renewal incentive (heavy users on aging handsets)
69209,1,0.43246815,Low-Engagement / Passive,"Re-engagement campaign: usage incentives, feature education, win-back offer"
64689,0,0.55655676,At-Risk / Retention-Contact,Priority retention outreach + service recovery (already contacted us)
53970,2,0.2024005,High-Usage / Handset-Gap,Device upgrade or contract-renewal incentive (heavy users on aging handsets)
68665,1,0.60680085,Low-Engagement / Passive,"Re-engagement campaign: usage incentives, feature education, win-back offer"
30878,2,0.2774011,High-Usage / Handset-Gap,Device upgrade or contract-renewal incentive (heavy users on aging handsets)
65532,2,0.42114487,High-Usage / Handset-Gap,Device upgrade or contract-renewal incentive (heavy users on aging handsets)
62239,1,0.295496,Low-Engagement / Passive,"Re-engagement campaign: usage incentives, feature education, win-back offer"
52962,1,0.42482612,Low-Engagement / Passive,"Re-engagement campaign: usage incentives, feature education, win-back offer"
57901,2,0.46595737,High-Usage / Handset-Gap,Device upgrade or contract-renewal incentive (heavy users on aging handsets)
56509,2,0.30590612,High-Usage / Handset-Gap,Device upgrade or contract-renewal incentive (heavy users on aging handsets)
64620,2,0.46626648,High-Usage / Handset-Gap,Device upgrade or contract-renewal incentive (heavy users on aging handsets)
70957,1,0.27620074,Low-Engagement / Passive,"Re-engagement campaign: usage incentives, feature education, win-back offer"
67561,1,0.38397682,Low-Engagement / Passive,"Re-engagement campaign: usage incentives, feature education, win-back offer"
58955,1,0.28623956,Low-Engagement / Passive,"Re-engagement campaign: usage incentives, feature education, win-back offer"
64690,2,0.32969442,High-Usage / Handset-Gap,Device upgrade or contract-renewal incentive (heavy users on aging handsets)
67366,2,0.7609085,High-Usage / Handset-Gap,Device upgrade or contract-renewal incentive (heavy users on aging handsets)
56541,2,0.5010125,High-Usage / Handset-Gap,Device upgrade or contract-renewal incentive (heavy users on aging handsets)
52029,1,0.39248478,Low-Engagement / Passive,"Re-engagement campaign: usage incentives, feature education, win-back offer"
67908,2,0.35143915,High-Usage / Handset-Gap,Device upgrade or contract-renewal incentive (heavy users on aging handsets)
65484,2,0.6634172,High-Usage / Handset-Gap,Device upgrade or contract-renewal incentive (heavy users on aging handsets)
59665,2,0.26545078,High-Usage / Handset-Gap,Device upgrade or contract-renewal incentive (heavy users on aging handsets)
57731,2,0.4557745,High-Usage / Handset-Gap,Device upgrade or contract-renewal incentive (heavy users on aging handsets)
69712,1,0.42315117,Low-Engagement / Passive,"Re-engagement campaign: usage incentives, feature education, win-back offer"
61646,1,0.43497366,Low-Engagement / Passive,"Re-engagement campaign: usage incentives, feature education, win-back offer"
66712,2,0.5103287,High-Usage / Handset-Gap,Device upgrade or contract-renewal incentive (heavy users on aging handsets)
60391,2,0.37621877,High-Usage / Handset-Gap,Device upgrade or contract-renewal incentive (heavy users on aging handsets)
69875,1,0.5299404,Low-Engagement / Passive,"Re-engagement campaign: usage incentives, feature education, win-back offer"
57066,2,0.20647255,High-Usage / Handset-Gap,Device upgrade or contract-renewal incentive (heavy users on aging handsets)
70929,1,0.1596481,Low-Engagement / Passive,"Re-engagement campaign: usage incentives, feature education, win-back offer"
64978,1,0.38891026,Low-Engagement / Passive,"Re-engagement campaign: usage incentives, feature education, win-back offer"
55453,1,0.37046605,Low-Engagement / Passive,"Re-engagement campaign: usage incentives, feature education, win-back offer"
61262,1,0.27249297,Low-Engagement / Passive,"Re-engagement campaign: usage incentives, feature education, win-back offer"
58922,2,0.280847,High-Usage / Handset-Gap,Device upgrade or contract-renewal incentive (heavy users on aging handsets)
65680,0,0.79945564,At-Risk / Retention-Contact,Priority retention outreach + service recovery (already contacted us)
66622,1,0.2943393,Low-Engagement / Passive,"Re-engagement campaign: usage incentives, feature education, win-back offer"
64024,1,0.5948609,Low-Engagement / Passive,"Re-engagement campaign: usage incentives, feature education, win-back offer"
56732,2,0.16459166,High-Usage / Handset-Gap,Device upgrade or contract-renewal incentive (heavy users on aging handsets)
63196,2,0.42720902,High-Usage / Handset-Gap,Device upgrade or contract-renewal incentive (heavy users on aging handsets)
56720,1,0.28214872,Low-Engagement / Passive,"Re-engagement campaign: usage incentives, feature education, win-back offer"
54945,1,0.39070946,Low-Engagement / Passive,"Re-engagement campaign: usage incentives, feature education, win-back offer"
67405,1,0.22201826,Low-Engagement / Passive,"Re-engagement campaign: usage incentives, feature education, win-back offer"
56960,1,0.24317777,Low-Engagement / Passive,"Re-engagement campaign: usage incentives, feature education, win-back offer"
55527,0,0.56806654,At-Risk / Retention-Contact,Priority retention outreach + service recovery (already contacted us)
54358,2,0.5740832,High-Usage / Handset-Gap,Device upgrade or contract-renewal incentive (heavy users on aging handsets)
69173,1,0.20850666,Low-Engagement / Passive,"Re-engagement campaign: usage incentives, feature education, win-back offer"
53679,2,0.2717047,High-Usage / Handset-Gap,Device upgrade or contract-renewal incentive (heavy users on aging handsets)
60246,1,0.35498998,Low-Engagement / Passive,"Re-engagement campaign: usage incentives, feature education, win-back offer"
61170,1,0.26138714,Low-Engagement / Passive,"Re-engagement campaign: usage incentives, feature education, win-back offer"
30979,1,0.21171014,Low-Engagement / Passive,"Re-engagement campaign: usage incentives, feature education, win-back offer"
30559,1,0.30769986,Low-Engagement / Passive,"Re-engagement campaign: usage incentives, feature education, win-back offer"
53596,1,0.16754852,Low-Engagement / Passive,"Re-engagement campaign: usage incentives, feature education, win-back offer"
68904,1,0.40233463,Low-Engagement / Passive,"Re-engagement campaign: usage incentives, feature education, win-back offer"
63740,1,0.42818666,Low-Engagement / Passive,"Re-engagement campaign: usage incentives, feature education, win-back offer"
66929,1,0.3695012,Low-Engagement / Passive,"Re-engagement campaign: usage incentives, feature education, win-back offer"
63357,2,0.47240546,High-Usage / Handset-Gap,Device upgrade or contract-renewal incentive (heavy users on aging handsets)
66710,1,0.7202967,Low-Engagement / Passive,"Re-engagement campaign: usage incentives, feature education, win-back offer"
64570,2,0.26277372,High-Usage / Handset-Gap,Device upgrade or contract-renewal incentive (heavy users on aging handsets)
60973,1,0.44371998,Low-Engagement / Passive,"Re-engagement campaign: usage incentives, feature education, win-back offer"
64474,1,0.5658652,Low-Engagement / Passive,"Re-engagement campaign: usage incentives, feature education, win-back offer"
30504,1,0.34030053,Low-Engagement / Passive,"Re-engagement campaign: usage incentives, feature education, win-back offer"
30534,1,0.31724444,Low-Engagement / Passive,"Re-engagement campaign: usage incentives, feature education, win-back offer"
30873,1,0.42496318,Low-Engagement / Passive,"Re-engagement campaign: usage incentives, feature education, win-back offer"
58795,2,0.19832622,High-Usage / Handset-Gap,Device upgrade or contract-renewal incentive (heavy users on aging handsets)
52850,1,0.48048076,Low-Engagement / Passive,"Re-engagement campaign: usage incentives, feature education, win-back offer"
65092,1,0.31593862,Low-Engagement / Passive,"Re-engagement campaign: usage incentives, feature education, win-back offer"
68173,2,0.6984226,High-Usage / Handset-Gap,Device upgrade or contract-renewal incentive (heavy users on aging handsets)
68050,1,0.5932512,Low-Engagement / Passive,"Re-engagement campaign: usage incentives, feature education, win-back offer"
56444,1,0.43627325,Low-Engagement / Passive,"Re-engagement campaign: usage incentives, feature education, win-back offer"
66192,0,0.7593897,At-Risk / Retention-Contact,Priority retention outreach + service recovery (already contacted us)
70474,1,0.2794919,Low-Engagement / Passive,"Re-engagement campaign: usage incentives, feature education, win-back offer"
53533,0,0.5095126,At-Risk / Retention-Contact,Priority retention outreach + service recovery (already contacted us)
66625,2,0.4953671,High-Usage / Handset-Gap,Device upgrade or contract-renewal incentive (heavy users on aging handsets)
52641,2,0.34978724,High-Usage / Handset-Gap,Device upgrade or contract-renewal incentive (heavy users on aging handsets)
63045,1,0.47942233,Low-Engagement / Passive,"Re-engagement campaign: usage incentives, feature education, win-back offer"
53900,1,0.13379967,Low-Engagement / Passive,"Re-engagement campaign: usage incentives, feature education, win-back offer"
60092,1,0.30876172,Low-Engagement / Passive,"Re-engagement campaign: usage incentives, feature education, win-back offer"
51762,2,0.06790961,High-Usage / Handset-Gap,Device upgrade or contract-renewal incentive (heavy users on aging handsets)
61466,1,0.29937196,Low-Engagement / Passive,"Re-engagement campaign: usage incentives, feature education, win-back offer"
58346,1,0.27530715,Low-Engagement / Passive,"Re-engagement campaign: usage incentives, feature education, win-back offer"
70637,1,0.15092875,Low-Engagement / Passive,"Re-engagement campaign: usage incentives, feature education, win-back offer"
64400,2,0.45426992,High-Usage / Handset-Gap,Device upgrade or contract-renewal incentive (heavy users on aging handsets)
57488,1,0.33032104,Low-Engagement / Passive,"Re-engagement campaign: usage incentives, feature education, win-back offer"
64082,0,0.60209715,At-Risk / Retention-Contact,Priority retention outreach + service recovery (already contacted us)
70418,1,0.10847513,Low-Engagement / Passive,"Re-engagement campaign: usage incentives, feature education, win-back offer"
51221,1,0.3819439,Low-Engagement / Passive,"Re-engagement campaign: usage incentives, feature education, win-back offer"
65096,1,0.20883027,Low-Engagement / Passive,"Re-engagement campaign: usage incentives, feature education, win-back offer"
69442,1,0.29596072,Low-Engagement / Passive,"Re-engagement campaign: usage incentives, feature education, win-back offer"
65866,2,0.18111452,High-Usage / Handset-Gap,Device upgrade or contract-renewal incentive (heavy users on aging handsets)
70610,1,0.28320774,Low-Engagement / Passive,"Re-engagement campaign: usage incentives, feature education, win-back offer"
70975,1,0.36927465,Low-Engagement / Passive,"Re-engagement campaign: usage incentives, feature education, win-back offer"
71040,2,0.5104072,High-Usage / Handset-Gap,Device upgrade or contract-renewal incentive (heavy users on aging handsets)
55057,2,0.39194334,High-Usage / Handset-Gap,Device upgrade or contract-renewal incentive (heavy users on aging handsets)
66259,2,0.2844768,High-Usage / Handset-Gap,Device upgrade or contract-renewal incentive (heavy users on aging handsets)
54004,1,0.5028283,Low-Engagement / Passive,"Re-engagement campaign: usage incentives, feature education, win-back offer"
51978,1,0.2929518,Low-Engagement / Passive,"Re-engagement campaign: usage incentives, feature education, win-back offer"
65038,1,0.08573595,Low-Engagement / Passive,"Re-engagement campaign: usage incentives, feature education, win-back offer"
64833,2,0.6546119,High-Usage / Handset-Gap,Device upgrade or contract-renewal incentive (heavy users on aging handsets)
53473,1,0.46484166,Low-Engagement / Passive,"Re-engagement campaign: usage incentives, feature education, win-back offer"
51699,1,0.65115345,Low-Engagement / Passive,"Re-engagement campaign: usage incentives, feature education, win-back offer"
58320,1,0.5010915,Low-Engagement / Passive,"Re-engagement campaign: usage incentives, feature education, win-back offer"
51148,2,0.09867042,High-Usage / Handset-Gap,Device upgrade or contract-renewal incentive (heavy users on aging handsets)
55554,1,0.17851083,Low-Engagement / Passive,"Re-engagement campaign: usage incentives, feature education, win-back offer"
65570,2,0.3732095,High-Usage / Handset-Gap,Device upgrade or contract-renewal incentive (heavy users on aging handsets)
57741,1,0.553224,Low-Engagement / Passive,"Re-engagement campaign: usage incentives, feature education, win-back offer"
51237,1,0.2089534,Low-Engagement / Passive,"Re-engagement campaign: usage incentives, feature education, win-back offer"
66513,2,0.3577499,High-Usage / Handset-Gap,Device upgrade or contract-renewal incentive (heavy users on aging handsets)
55808,2,0.37210828,High-Usage / Handset-Gap,Device upgrade or contract-renewal incentive (heavy users on aging handsets)
58213,1,0.28967473,Low-Engagement / Passive,"Re-engagement campaign: usage incentives, feature education, win-back offer"
65048,1,0.44048172,Low-Engagement / Passive,"Re-engagement campaign: usage incentives, feature education, win-back offer"
58937,2,0.48041517,High-Usage / Handset-Gap,Device upgrade or contract-renewal incentive (heavy users on aging handsets)
55085,1,0.1099911,Low-Engagement / Passive,"Re-engagement campaign: usage incentives, feature education, win-back offer"
67980,1,0.44971433,Low-Engagement / Passive,"Re-engagement campaign: usage incentives, feature education, win-back offer"
60170,2,0.4695487,High-Usage / Handset-Gap,Device upgrade or contract-renewal incentive (heavy users on aging handsets)
66706,1,0.5458129,Low-Engagement / Passive,"Re-engagement campaign: usage incentives, feature education, win-back offer"
64762,1,0.4005873,Low-Engagement / Passive,"Re-engagement campaign: usage incentives, feature education, win-back offer"
52070,2,0.34444648,High-Usage / Handset-Gap,Device upgrade or contract-renewal incentive (heavy users on aging handsets)
55355,2,0.52218074,High-Usage / Handset-Gap,Device upgrade or contract-renewal incentive (heavy users on aging handsets)
63295,1,0.31161755,Low-Engagement / Passive,"Re-engagement campaign: usage incentives, feature education, win-back offer"
56662,1,0.19054915,Low-Engagement / Passive,"Re-engagement campaign: usage incentives, feature education, win-back offer"
67999,1,0.328318,Low-Engagement / Passive,"Re-engagement campaign: usage incentives, feature education, win-back offer"
70772,2,0.7224012,High-Usage / Handset-Gap,Device upgrade or contract-renewal incentive (heavy users on aging handsets)
66771,1,0.18126906,Low-Engagement / Passive,"Re-engagement campaign: usage incentives, feature education, win-back offer"
70645,1,0.3629473,Low-Engagement / Passive,"Re-engagement campaign: usage incentives, feature education, win-back offer"
63323,2,0.5300252,High-Usage / Handset-Gap,Device upgrade or contract-renewal incentive (heavy users on aging handsets)
56378,2,0.22682418,High-Usage / Handset-Gap,Device upgrade or contract-renewal incentive (heavy users on aging handsets)
70419,1,0.47146136,Low-Engagement / Passive,"Re-engagement campaign: usage incentives, feature education, win-back offer"
59003,2,0.40633282,High-Usage / Handset-Gap,Device upgrade or contract-renewal incentive (heavy users on aging handsets)
69811,2,0.32380712,High-Usage / Handset-Gap,Device upgrade or contract-renewal incentive (heavy users on aging handsets)
53736,2,0.3655161,High-Usage / Handset-Gap,Device upgrade or contract-renewal incentive (heavy users on aging handsets)
59975,2,0.36907846,High-Usage / Handset-Gap,Device upgrade or contract-renewal incentive (heavy users on aging handsets)
58517,1,0.3154158,Low-Engagement / Passive,"Re-engagement campaign: usage incentives, feature education, win-back offer"
64977,2,0.46176714,High-Usage / Handset-Gap,Device upgrade or contract-renewal incentive (heavy users on aging handsets)
67445,1,0.15640973,Low-Engagement / Passive,"Re-engagement campaign: usage incentives, feature education, win-back offer"
54336,2,0.40502614,High-Usage / Handset-Gap,Device upgrade or contract-renewal incentive (heavy users on aging handsets)
61622,2,0.30255255,High-Usage / Handset-Gap,Device upgrade or contract-renewal incentive (heavy users on aging handsets)
56688,1,0.35382998,Low-Engagement / Passive,"Re-engagement campaign: usage incentives, feature education, win-back offer"
65472,1,0.528745,Low-Engagement / Passive,"Re-engagement campaign: usage incentives, feature education, win-back offer"
67098,1,0.4176833,Low-Engagement / Passive,"Re-engagement campaign: usage incentives, feature education, win-back offer"
57379,1,0.22078896,Low-Engagement / Passive,"Re-engagement campaign: usage incentives, feature education, win-back offer"
70106,1,0.069977954,Low-Engagement / Passive,"Re-engagement campaign: usage incentives, feature education, win-back offer"
68082,2,0.5911553,High-Usage / Handset-Gap,Device upgrade or contract-renewal incentive (heavy users on aging handsets)
58187,2,0.48424673,High-Usage / Handset-Gap,Device upgrade or contract-renewal incentive (heavy users on aging handsets)
70438,1,0.27617574,Low-Engagement / Passive,"Re-engagement campaign: usage incentives, feature education, win-back offer"
68507,1,0.38689208,Low-Engagement / Passive,"Re-engagement campaign: usage incentives, feature education, win-back offer"
64789,2,0.4346975,High-Usage / Handset-Gap,Device upgrade or contract-renewal incentive (heavy users on aging handsets)
59263,1,0.44758967,Low-Engagement / Passive,"Re-engagement campaign: usage incentives, feature education, win-back offer"
58108,1,0.5377395,Low-Engagement / Passive,"Re-engagement campaign: usage incentives, feature education, win-back offer"
52265,1,0.09937642,Low-Engagement / Passive,"Re-engagement campaign: usage incentives, feature education, win-back offer"
53359,1,0.47792765,Low-Engagement / Passive,"Re-engagement campaign: usage incentives, feature education, win-back offer"
70255,1,0.23096901,Low-Engagement / Passive,"Re-engagement campaign: usage incentives, feature education, win-back offer"
60491,0,0.32299098,At-Risk / Retention-Contact,Priority retention outreach + service recovery (already contacted us)
65185,2,0.4953822,High-Usage / Handset-Gap,Device upgrade or contract-renewal incentive (heavy users on aging handsets)
71044,1,0.29919386,Low-Engagement / Passive,"Re-engagement campaign: usage incentives, feature education, win-back offer"
58406,2,0.32636136,High-Usage / Handset-Gap,Device upgrade or contract-renewal incentive (heavy users on aging handsets)
66470,1,0.66514665,Low-Engagement / Passive,"Re-engagement campaign: usage incentives, feature education, win-back offer"
62392,2,0.46706194,High-Usage / Handset-Gap,Device upgrade or contract-renewal incentive (heavy users on aging handsets)
70756,2,0.18238747,High-Usage / Handset-Gap,Device upgrade or contract-renewal incentive (heavy users on aging handsets)
55272,2,0.35387623,High-Usage / Handset-Gap,Device upgrade or contract-renewal incentive (heavy users on aging handsets)
64369,1,0.3634352,Low-Engagement / Passive,"Re-engagement campaign: usage incentives, feature education, win-back offer"
66068,2,0.37413546,High-Usage / Handset-Gap,Device upgrade or contract-renewal incentive (heavy users on aging handsets)
56502,2,0.5982931,High-Usage / Handset-Gap,Device upgrade or contract-renewal incentive (heavy users on aging handsets)
53299,0,0.7417971,At-Risk / Retention-Contact,Priority retention outreach + service recovery (already contacted us)
52849,1,0.4781011,Low-Engagement / Passive,"Re-engagement campaign: usage incentives, feature education, win-back offer"
57667,2,0.34051314,High-Usage / Handset-Gap,Device upgrade or contract-renewal incentive (heavy users on aging handsets)
52455,2,0.5935527,High-Usage / Handset-Gap,Device upgrade or contract-renewal incentive (heavy users on aging handsets)
62039,2,0.4481139,High-Usage / Handset-Gap,Device upgrade or contract-renewal incentive (heavy users on aging handsets)
55657,1,0.35081273,Low-Engagement / Passive,"Re-engagement campaign: usage incentives, feature education, win-back offer"
60926,2,0.17498459,High-Usage / Handset-Gap,Device upgrade or contract-renewal incentive (heavy users on aging handsets)
54198,1,0.07107348,Low-Engagement / Passive,"Re-engagement campaign: usage incentives, feature education, win-back offer"
30474,2,0.5398646,High-Usage / Handset-Gap,Device upgrade or contract-renewal incentive (heavy users on aging handsets)
70626,1,0.15590759,Low-Engagement / Passive,"Re-engagement campaign: usage incentives, feature education, win-back offer"
57183,1,0.35899913,Low-Engagement / Passive,"Re-engagement campaign: usage incentives, feature education, win-back offer"
61132,1,0.41737458,Low-Engagement / Passive,"Re-engagement campaign: usage incentives, feature education, win-back offer"
69073,0,0.5154435,At-Risk / Retention-Contact,Priority retention outreach + service recovery (already contacted us)
70553,2,0.20619144,High-Usage / Handset-Gap,Device upgrade or contract-renewal incentive (heavy users on aging handsets)
54776,1,0.249607,Low-Engagement / Passive,"Re-engagement campaign: usage incentives, feature education, win-back offer"
67839,2,0.33645922,High-Usage / Handset-Gap,Device upgrade or contract-renewal incentive (heavy users on aging handsets)
60096,1,0.35885924,Low-Engagement / Passive,"Re-engagement campaign: usage incentives, feature education, win-back offer"
67197,1,0.21069409,Low-Engagement / Passive,"Re-engagement campaign: usage incentives, feature education, win-back offer"
67306,2,0.20256111,High-Usage / Handset-Gap,Device upgrade or contract-renewal incentive (heavy users on aging handsets)
70161,1,0.27370754,Low-Engagement / Passive,"Re-engagement campaign: usage incentives, feature education, win-back offer"
58202,2,0.300315,High-Usage / Handset-Gap,Device upgrade or contract-renewal incentive (heavy users on aging handsets)
30653,2,0.36039707,High-Usage / Handset-Gap,Device upgrade or contract-renewal incentive (heavy users on aging handsets)
55454,1,0.4122834,Low-Engagement / Passive,"Re-engagement campaign: usage incentives, feature education, win-back offer"
69376,2,0.3964369,High-Usage / Handset-Gap,Device upgrade or contract-renewal incentive (heavy users on aging handsets)
67912,1,0.5041045,Low-Engagement / Passive,"Re-engagement campaign: usage incentives, feature education, win-back offer"
60296,1,0.26280352,Low-Engagement / Passive,"Re-engagement campaign: usage incentives, feature education, win-back offer"
30949,1,0.14590012,Low-Engagement / Passive,"Re-engagement campaign: usage incentives, feature education, win-back offer"
70023,1,0.190097,Low-Engagement / Passive,"Re-engagement campaign: usage incentives, feature education, win-back offer"
69058,1,0.16512981,Low-Engagement / Passive,"Re-engagement campaign: usage incentives, feature education, win-back offer"
58120,1,0.32367676,Low-Engagement / Passive,"Re-engagement campaign: usage incentives, feature education, win-back offer"
57573,2,0.34570575,High-Usage / Handset-Gap,Device upgrade or contract-renewal incentive (heavy users on aging handsets)
58817,2,0.5123542,High-Usage / Handset-Gap,Device upgrade or contract-renewal incentive (heavy users on aging handsets)
68387,1,0.43317088,Low-Engagement / Passive,"Re-engagement campaign: usage incentives, feature education, win-back offer"
56152,1,0.3099229,Low-Engagement / Passive,"Re-engagement campaign: usage incentives, feature education, win-back offer"
69000,0,0.64974,At-Risk / Retention-Contact,Priority retention outreach + service recovery (already contacted us)
64498,2,0.7597639,High-Usage / Handset-Gap,Device upgrade or contract-renewal incentive (heavy users on aging handsets)
68817,1,0.51591253,Low-Engagement / Passive,"Re-engagement campaign: usage incentives, feature education, win-back offer"
58029,1,0.58202094,Low-Engagement / Passive,"Re-engagement campaign: usage incentives, feature education, win-back offer"
68631,2,0.25578457,High-Usage / Handset-Gap,Device upgrade or contract-renewal incentive (heavy users on aging handsets)
60990,0,0.5287503,At-Risk / Retention-Contact,Priority retention outreach + service recovery (already contacted us)
64652,0,0.27695438,At-Risk / Retention-Contact,Priority retention outreach + service recovery (already contacted us)
62257,1,0.4769923,Low-Engagement / Passive,"Re-engagement campaign: usage incentives, feature education, win-back offer"
55056,2,0.37988883,High-Usage / Handset-Gap,Device upgrade or contract-renewal incentive (heavy users on aging handsets)
69831,1,0.5271289,Low-Engagement / Passive,"Re-engagement campaign: usage incentives, feature education, win-back offer"
51569,2,0.3276317,High-Usage / Handset-Gap,Device upgrade or contract-renewal incentive (heavy users on aging handsets)
61918,2,0.52287984,High-Usage / Handset-Gap,Device upgrade or contract-renewal incentive (heavy users on aging handsets)
60518,2,0.38534898,High-Usage / Handset-Gap,Device upgrade or contract-renewal incentive (heavy users on aging handsets)
30545,1,0.18256722,Low-Engagement / Passive,"Re-engagement campaign: usage incentives, feature education, win-back offer"
66018,2,0.2554919,High-Usage / Handset-Gap,Device upgrade or contract-renewal incentive (heavy users on aging handsets)
68660,2,0.41287604,High-Usage / Handset-Gap,Device upgrade or contract-renewal incentive (heavy users on aging handsets)
64877,0,0.476743,At-Risk / Retention-Contact,Priority retention outreach + service recovery (already contacted us)
59022,2,0.2486382,High-Usage / Handset-Gap,Device upgrade or contract-renewal incentive (heavy users on aging handsets)
62976,1,0.31019264,Low-Engagement / Passive,"Re-engagement campaign: usage incentives, feature education, win-back offer"
67547,1,0.124920405,Low-Engagement / Passive,"Re-engagement campaign: usage incentives, feature education, win-back offer"
62354,1,0.37501392,Low-Engagement / Passive,"Re-engagement campaign: usage incentives, feature education, win-back offer"
65309,2,0.16642731,High-Usage / Handset-Gap,Device upgrade or contract-renewal incentive (heavy users on aging handsets)
61758,1,0.2575036,Low-Engagement / Passive,"Re-engagement campaign: usage incentives, feature education, win-back offer"
56758,1,0.3503263,Low-Engagement / Passive,"Re-engagement campaign: usage incentives, feature education, win-back offer"
62040,2,0.4260434,High-Usage / Handset-Gap,Device upgrade or contract-renewal incentive (heavy users on aging handsets)
69048,1,0.38587445,Low-Engagement / Passive,"Re-engagement campaign: usage incentives, feature education, win-back offer"
69031,1,0.44829983,Low-Engagement / Passive,"Re-engagement campaign: usage incentives, feature education, win-back offer"
60476,2,0.43754107,High-Usage / Handset-Gap,Device upgrade or contract-renewal incentive (heavy users on aging handsets)
67237,2,0.7746634,High-Usage / Handset-Gap,Device upgrade or contract-renewal incentive (heavy users on aging handsets)
61609,2,0.44552,High-Usage / Handset-Gap,Device upgrade or contract-renewal incentive (heavy users on aging handsets)
61454,1,0.44441232,Low-Engagement / Passive,"Re-engagement campaign: usage incentives, feature education, win-back offer"
58252,2,0.4708527,High-Usage / Handset-Gap,Device upgrade or contract-renewal incentive (heavy users on aging handsets)
59432,1,0.25531223,Low-Engagement / Passive,"Re-engagement campaign: usage incentives, feature education, win-back offer"
69471,2,0.36172256,High-Usage / Handset-Gap,Device upgrade or contract-renewal incentive (heavy users on aging handsets)
62159,2,0.3984416,High-Usage / Handset-Gap,Device upgrade or contract-renewal incentive (heavy users on aging handsets)
61749,1,0.38219172,Low-Engagement / Passive,"Re-engagement campaign: usage incentives, feature education, win-back offer"
60996,2,0.27654132,High-Usage / Handset-Gap,Device upgrade or contract-renewal incentive (heavy users on aging handsets)
52529,1,0.18927228,Low-Engagement / Passive,"Re-engagement campaign: usage incentives, feature education, win-back offer"
69404,1,0.6034781,Low-Engagement / Passive,"Re-engagement campaign: usage incentives, feature education, win-back offer"
57049,2,0.44474208,High-Usage / Handset-Gap,Device upgrade or contract-renewal incentive (heavy users on aging handsets)
55809,2,0.53687793,High-Usage / Handset-Gap,Device upgrade or contract-renewal incentive (heavy users on aging handsets)
57016,1,0.50362825,Low-Engagement / Passive,"Re-engagement campaign: usage incentives, feature education, win-back offer"
53996,1,0.24510477,Low-Engagement / Passive,"Re-engagement campaign: usage incentives, feature education, win-back offer"
65327,1,0.349251,Low-Engagement / Passive,"Re-engagement campaign: usage incentives, feature education, win-back offer"
62513,1,0.3562611,Low-Engagement / Passive,"Re-engagement campaign: usage incentives, feature education, win-back offer"
59252,2,0.5102878,High-Usage / Handset-Gap,Device upgrade or contract-renewal incentive (heavy users on aging handsets)
68836,0,0.49599895,At-Risk / Retention-Contact,Priority retention outreach + service recovery (already contacted us)
60914,2,0.3103247,High-Usage / Handset-Gap,Device upgrade or contract-renewal incentive (heavy users on aging handsets)
59519,2,0.5464486,High-Usage / Handset-Gap,Device upgrade or contract-renewal incentive (heavy users on aging handsets)
58229,1,0.20081444,Low-Engagement / Passive,"Re-engagement campaign: usage incentives, feature education, win-back offer"
53073,0,0.58068264,At-Risk / Retention-Contact,Priority retention outreach + service recovery (already contacted us)
65118,1,0.40233263,Low-Engagement / Passive,"Re-engagement campaign: usage incentives, feature education, win-back offer"
67322,1,0.1512719,Low-Engagement / Passive,"Re-engagement campaign: usage incentives, feature education, win-back offer"
54107,2,0.35438925,High-Usage / Handset-Gap,Device upgrade or contract-renewal incentive (heavy users on aging handsets)
57221,1,0.44433004,Low-Engagement / Passive,"Re-engagement campaign: usage incentives, feature education, win-back offer"
53683,1,0.22529912,Low-Engagement / Passive,"Re-engagement campaign: usage incentives, feature education, win-back offer"
57659,1,0.3495406,Low-Engagement / Passive,"Re-engagement campaign: usage incentives, feature education, win-back offer"
67661,2,0.3406871,High-Usage / Handset-Gap,Device upgrade or contract-renewal incentive (heavy users on aging handsets)
60572,1,0.26659876,Low-Engagement / Passive,"Re-engagement campaign: usage incentives, feature education, win-back offer"
69851,1,0.35678372,Low-Engagement / Passive,"Re-engagement campaign: usage incentives, feature education, win-back offer"
61238,1,0.5817182,Low-Engagement / Passive,"Re-engagement campaign: usage incentives, feature education, win-back offer"
61379,1,0.17913777,Low-Engagement / Passive,"Re-engagement campaign: usage incentives, feature education, win-back offer"
64804,1,0.5390549,Low-Engagement / Passive,"Re-engagement campaign: usage incentives, feature education, win-back offer"
64909,1,0.46800762,Low-Engagement / Passive,"Re-engagement campaign: usage incentives, feature education, win-back offer"
67795,1,0.15292849,Low-Engagement / Passive,"Re-engagement campaign: usage incentives, feature education, win-back offer"
30500,0,0.4299187,At-Risk / Retention-Contact,Priority retention outreach + service recovery (already contacted us)
60285,1,0.34395128,Low-Engagement / Passive,"Re-engagement campaign: usage incentives, feature education, win-back offer"
65312,2,0.3179884,High-Usage / Handset-Gap,Device upgrade or contract-renewal incentive (heavy users on aging handsets)
60038,1,0.2369501,Low-Engagement / Passive,"Re-engagement campaign: usage incentives, feature education, win-back offer"
70782,2,0.49495885,High-Usage / Handset-Gap,Device upgrade or contract-renewal incentive (heavy users on aging handsets)
60772,2,0.42611998,High-Usage / Handset-Gap,Device upgrade or contract-renewal incentive (heavy users on aging handsets)
53983,2,0.48915324,High-Usage / Handset-Gap,Device upgrade or contract-renewal incentive (heavy users on aging handsets)
67542,1,0.40827835,Low-Engagement / Passive,"Re-engagement campaign: usage incentives, feature education, win-back offer"
69126,1,0.27390903,Low-Engagement / Passive,"Re-engagement campaign: usage incentives, feature education, win-back offer"
67415,2,0.24158777,High-Usage / Handset-Gap,Device upgrade or contract-renewal incentive (heavy users on aging handsets)
69316,1,0.16896783,Low-Engagement / Passive,"Re-engagement campaign: usage incentives, feature education, win-back offer"
70938,0,0.6371673,At-Risk / Retention-Contact,Priority retention outreach + service recovery (already contacted us)
51560,1,0.6421349,Low-Engagement / Passive,"Re-engagement campaign: usage incentives, feature education, win-back offer"
67705,1,0.1886885,Low-Engagement / Passive,"Re-engagement campaign: usage incentives, feature education, win-back offer"
59951,2,0.27170953,High-Usage / Handset-Gap,Device upgrade or contract-renewal incentive (heavy users on aging handsets)
59605,2,0.2693106,High-Usage / Handset-Gap,Device upgrade or contract-renewal incentive (heavy users on aging handsets)
52508,1,0.28477532,Low-Engagement / Passive,"Re-engagement campaign: usage incentives, feature education, win-back offer"
65321,2,0.57011443,High-Usage / Handset-Gap,Device upgrade or contract-renewal incentive (heavy users on aging handsets)
56445,1,0.33201417,Low-Engagement / Passive,"Re-engagement campaign: usage incentives, feature education, win-back offer"
63054,1,0.5008954,Low-Engagement / Passive,"Re-engagement campaign: usage incentives, feature education, win-back offer"
68009,1,0.36128154,Low-Engagement / Passive,"Re-engagement campaign: usage incentives, feature education, win-back offer"
67798,2,0.58050543,High-Usage / Handset-Gap,Device upgrade or contract-renewal incentive (heavy users on aging handsets)
53495,2,0.30218765,High-Usage / Handset-Gap,Device upgrade or contract-renewal incentive (heavy users on aging handsets)
63191,1,0.17031623,Low-Engagement / Passive,"Re-engagement campaign: usage incentives, feature education, win-back offer"
52911,2,0.3136532,High-Usage / Handset-Gap,Device upgrade or contract-renewal incentive (heavy users on aging handsets)
69868,1,0.52057034,Low-Engagement / Passive,"Re-engagement campaign: usage incentives, feature education, win-back offer"
68777,1,0.45184553,Low-Engagement / Passive,"Re-engagement campaign: usage incentives, feature education, win-back offer"
55388,2,0.47070697,High-Usage / Handset-Gap,Device upgrade or contract-renewal incentive (heavy users on aging handsets)
64905,2,0.48518658,High-Usage / Handset-Gap,Device upgrade or contract-renewal incentive (heavy users on aging handsets)
67541,1,0.30382368,Low-Engagement / Passive,"Re-engagement campaign: usage incentives, feature education, win-back offer"
69791,0,0.42343697,At-Risk / Retention-Contact,Priority retention outreach + service recovery (already contacted us)
63582,1,0.43898755,Low-Engagement / Passive,"Re-engagement campaign: usage incentives, feature education, win-back offer"
53702,2,0.54962856,High-Usage / Handset-Gap,Device upgrade or contract-renewal incentive (heavy users on aging handsets)
55566,2,0.53632265,High-Usage / Handset-Gap,Device upgrade or contract-renewal incentive (heavy users on aging handsets)
52066,1,0.18536463,Low-Engagement / Passive,"Re-engagement campaign: usage incentives, feature education, win-back offer"
59787,2,0.38932636,High-Usage / Handset-Gap,Device upgrade or contract-renewal incentive (heavy users on aging handsets)
70864,1,0.21737672,Low-Engagement / Passive,"Re-engagement campaign: usage incentives, feature education, win-back offer"
57014,1,0.16786395,Low-Engagement / Passive,"Re-engagement campaign: usage incentives, feature education, win-back offer"
69074,0,0.24970643,At-Risk / Retention-Contact,Priority retention outreach + service recovery (already contacted us)
59908,0,0.5043853,At-Risk / Retention-Contact,Priority retention outreach + service recovery (already contacted us)
54826,1,0.37832972,Low-Engagement / Passive,"Re-engagement campaign: usage incentives, feature education, win-back offer"
57614,2,0.23166065,High-Usage / Handset-Gap,Device upgrade or contract-renewal incentive (heavy users on aging handsets)
53247,2,0.20032382,High-Usage / Handset-Gap,Device upgrade or contract-renewal incentive (heavy users on aging handsets)
56240,2,0.40578333,High-Usage / Handset-Gap,Device upgrade or contract-renewal incentive (heavy users on aging handsets)
64759,1,0.65022266,Low-Engagement / Passive,"Re-engagement campaign: usage incentives, feature education, win-back offer"
65173,2,0.28894868,High-Usage / Handset-Gap,Device upgrade or contract-renewal incentive (heavy users on aging handsets)
67586,1,0.41994408,Low-Engagement / Passive,"Re-engagement campaign: usage incentives, feature education, win-back offer"
70679,0,0.23634537,At-Risk / Retention-Contact,Priority retention outreach + service recovery (already contacted us)
59970,1,0.3254043,Low-Engagement / Passive,"Re-engagement campaign: usage incentives, feature education, win-back offer"
51983,1,0.31222644,Low-Engagement / Passive,"Re-engagement campaign: usage incentives, feature education, win-back offer"
63495,1,0.30864853,Low-Engagement / Passive,"Re-engagement campaign: usage incentives, feature education, win-back offer"
64044,1,0.2278778,Low-Engagement / Passive,"Re-engagement campaign: usage incentives, feature education, win-back offer"
54429,2,0.45785245,High-Usage / Handset-Gap,Device upgrade or contract-renewal incentive (heavy users on aging handsets)
66935,1,0.39717653,Low-Engagement / Passive,"Re-engagement campaign: usage incentives, feature education, win-back offer"
59215,2,0.25442907,High-Usage / Handset-Gap,Device upgrade or contract-renewal incentive (heavy users on aging handsets)
52611,2,0.2530758,High-Usage / Handset-Gap,Device upgrade or contract-renewal incentive (heavy users on aging handsets)
57581,2,0.21417505,High-Usage / Handset-Gap,Device upgrade or contract-renewal incentive (heavy users on aging handsets)
53333,0,0.24802335,At-Risk / Retention-Contact,Priority retention outreach + service recovery (already contacted us)
52327,2,0.43584928,High-Usage / Handset-Gap,Device upgrade or contract-renewal incentive (heavy users on aging handsets)
58457,1,0.24730676,Low-Engagement / Passive,"Re-engagement campaign: usage incentives, feature education, win-back offer"
60526,1,0.2449184,Low-Engagement / Passive,"Re-engagement campaign: usage incentives, feature education, win-back offer"
64225,1,0.4252303,Low-Engagement / Passive,"Re-engagement campaign: usage incentives, feature education, win-back offer"
60029,0,0.5632834,At-Risk / Retention-Contact,Priority retention outreach + service recovery (already contacted us)
55551,1,0.43938783,Low-Engagement / Passive,"Re-engagement campaign: usage incentives, feature education, win-back offer"
31041,2,0.46014425,High-Usage / Handset-Gap,Device upgrade or contract-renewal incentive (heavy users on aging handsets)
57735,1,0.17961062,Low-Engagement / Passive,"Re-engagement campaign: usage incentives, feature education, win-back offer"
54342,1,0.2765316,Low-Engagement / Passive,"Re-engagement campaign: usage incentives, feature education, win-back offer"
63318,1,0.38149032,Low-Engagement / Passive,"Re-engagement campaign: usage incentives, feature education, win-back offer"
51235,0,0.31084454,At-Risk / Retention-Contact,Priority retention outreach + service recovery (already contacted us)
70227,1,0.17589244,Low-Engagement / Passive,"Re-engagement campaign: usage incentives, feature education, win-back offer"
57720,2,0.3044512,High-Usage / Handset-Gap,Device upgrade or contract-renewal incentive (heavy users on aging handsets)
65362,2,0.40056682,High-Usage / Handset-Gap,Device upgrade or contract-renewal incentive (heavy users on aging handsets)
63374,1,0.26608676,Low-Engagement / Passive,"Re-engagement campaign: usage incentives, feature education, win-back offer"
54319,2,0.4233067,High-Usage / Handset-Gap,Device upgrade or contract-renewal incentive (heavy users on aging handsets)
53238,2,0.3276988,High-Usage / Handset-Gap,Device upgrade or contract-renewal incentive (heavy users on aging handsets)
53606,2,0.3279489,High-Usage / Handset-Gap,Device upgrade or contract-renewal incentive (heavy users on aging handsets)
62063,2,0.35907245,High-Usage / Handset-Gap,Device upgrade or contract-renewal incentive (heavy users on aging handsets)
64510,1,0.2882642,Low-Engagement / Passive,"Re-engagement campaign: usage incentives, feature education, win-back offer"
64902,0,0.7054861,At-Risk / Retention-Contact,Priority retention outreach + service recovery (already contacted us)
51339,1,0.24926619,Low-Engagement / Passive,"Re-engagement campaign: usage incentives, feature education, win-back offer"
67573,1,0.4899137,Low-Engagement / Passive,"Re-engagement campaign: usage incentives, feature education, win-back offer"
51199,2,0.35512313,High-Usage / Handset-Gap,Device upgrade or contract-renewal incentive (heavy users on aging handsets)
65125,2,0.28913257,High-Usage / Handset-Gap,Device upgrade or contract-renewal incentive (heavy users on aging handsets)
30841,1,0.34592518,Low-Engagement / Passive,"Re-engagement campaign: usage incentives, feature education, win-back offer"
70554,1,0.10792171,Low-Engagement / Passive,"Re-engagement campaign: usage incentives, feature education, win-back offer"
59113,2,0.47595057,High-Usage / Handset-Gap,Device upgrade or contract-renewal incentive (heavy users on aging handsets)
59677,2,0.2951505,High-Usage / Handset-Gap,Device upgrade or contract-renewal incentive (heavy users on aging handsets)
60027,2,0.18386103,High-Usage / Handset-Gap,Device upgrade or contract-renewal incentive (heavy users on aging handsets)
61487,2,0.26364386,High-Usage / Handset-Gap,Device upgrade or contract-renewal incentive (heavy users on aging handsets)
60613,1,0.25242862,Low-Engagement / Passive,"Re-engagement campaign: usage incentives, feature education, win-back offer"
57392,1,0.51831806,Low-Engagement / Passive,"Re-engagement campaign: usage incentives, feature education, win-back offer"
63871,2,0.22501534,High-Usage / Handset-Gap,Device upgrade or contract-renewal incentive (heavy users on aging handsets)
67643,1,0.1772397,Low-Engagement / Passive,"Re-engagement campaign: usage incentives, feature education, win-back offer"
55243,1,0.32889616,Low-Engagement / Passive,"Re-engagement campaign: usage incentives, feature education, win-back offer"
53411,1,0.28595698,Low-Engagement / Passive,"Re-engagement campaign: usage incentives, feature education, win-back offer"
54921,2,0.47961423,High-Usage / Handset-Gap,Device upgrade or contract-renewal incentive (heavy users on aging handsets)
67557,2,0.20325273,High-Usage / Handset-Gap,Device upgrade or contract-renewal incentive (heavy users on aging handsets)
60940,0,0.40210444,At-Risk / Retention-Contact,Priority retention outreach + service recovery (already contacted us)
52399,2,0.31610727,High-Usage / Handset-Gap,Device upgrade or contract-renewal incentive (heavy users on aging handsets)
66153,2,0.24211554,High-Usage / Handset-Gap,Device upgrade or contract-renewal incentive (heavy users on aging handsets)
66544,1,0.41078526,Low-Engagement / Passive,"Re-engagement campaign: usage incentives, feature education, win-back offer"
61783,1,0.34769905,Low-Engagement / Passive,"Re-engagement campaign: usage incentives, feature education, win-back offer"
62107,1,0.33418655,Low-Engagement / Passive,"Re-engagement campaign: usage incentives, feature education, win-back offer"
69699,2,0.27129325,High-Usage / Handset-Gap,Device upgrade or contract-renewal incentive (heavy users on aging handsets)
62043,1,0.4661419,Low-Engagement / Passive,"Re-engagement campaign: usage incentives, feature education, win-back offer"
69097,1,0.11851966,Low-Engagement / Passive,"Re-engagement campaign: usage incentives, feature education, win-back offer"
61491,1,0.19763203,Low-Engagement / Passive,"Re-engagement campaign: usage incentives, feature education, win-back offer"
56464,2,0.4861754,High-Usage / Handset-Gap,Device upgrade or contract-renewal incentive (heavy users on aging handsets)
68721,2,0.5271919,High-Usage / Handset-Gap,Device upgrade or contract-renewal incentive (heavy users on aging handsets)
62864,1,0.40394586,Low-Engagement / Passive,"Re-engagement campaign: usage incentives, feature education, win-back offer"
63411,1,0.42153475,Low-Engagement / Passive,"Re-engagement campaign: usage incentives, feature education, win-back offer"
68419,1,0.5762848,Low-Engagement / Passive,"Re-engagement campaign: usage incentives, feature education, win-back offer"
58998,1,0.4005836,Low-Engagement / Passive,"Re-engagement campaign: usage incentives, feature education, win-back offer"
68189,2,0.60519415,High-Usage / Handset-Gap,Device upgrade or contract-renewal incentive (heavy users on aging handsets)
57674,1,0.40518102,Low-Engagement / Passive,"Re-engagement campaign: usage incentives, feature education, win-back offer"
61819,1,0.45106533,Low-Engagement / Passive,"Re-engagement campaign: usage incentives, feature education, win-back offer"
52704,2,0.39217868,High-Usage / Handset-Gap,Device upgrade or contract-renewal incentive (heavy users on aging handsets)
51616,1,0.19174978,Low-Engagement / Passive,"Re-engagement campaign: usage incentives, feature education, win-back offer"
64692,1,0.35537896,Low-Engagement / Passive,"Re-engagement campaign: usage incentives, feature education, win-back offer"
52042,1,0.37303346,Low-Engagement / Passive,"Re-engagement campaign: usage incentives, feature education, win-back offer"
58512,1,0.4150455,Low-Engagement / Passive,"Re-engagement campaign: usage incentives, feature education, win-back offer"
54591,1,0.16753937,Low-Engagement / Passive,"Re-engagement campaign: usage incentives, feature education, win-back offer"
60739,1,0.12187335,Low-Engagement / Passive,"Re-engagement campaign: usage incentives, feature education, win-back offer"
60359,1,0.32011604,Low-Engagement / Passive,"Re-engagement campaign: usage incentives, feature education, win-back offer"
66344,1,0.18560496,Low-Engagement / Passive,"Re-engagement campaign: usage incentives, feature education, win-back offer"
70247,1,0.16402233,Low-Engagement / Passive,"Re-engagement campaign: usage incentives, feature education, win-back offer"
60086,1,0.30324093,Low-Engagement / Passive,"Re-engagement campaign: usage incentives, feature education, win-back offer"
56055,2,0.5239205,High-Usage / Handset-Gap,Device upgrade or contract-renewal incentive (heavy users on aging handsets)
56921,1,0.2984233,Low-Engagement / Passive,"Re-engagement campaign: usage incentives, feature education, win-back offer"
56018,2,0.5806454,High-Usage / Handset-Gap,Device upgrade or contract-renewal incentive (heavy users on aging handsets)
62215,1,0.5813135,Low-Engagement / Passive,"Re-engagement campaign: usage incentives, feature education, win-back offer"
62430,2,0.42291313,High-Usage / Handset-Gap,Device upgrade or contract-renewal incentive (heavy users on aging handsets)
54322,2,0.3713781,High-Usage / Handset-Gap,Device upgrade or contract-renewal incentive (heavy users on aging handsets)
61375,2,0.2738907,High-Usage / Handset-Gap,Device upgrade or contract-renewal incentive (heavy users on aging handsets)
67528,1,0.21346365,Low-Engagement / Passive,"Re-engagement campaign: usage incentives, feature education, win-back offer"
62016,2,0.30074453,High-Usage / Handset-Gap,Device upgrade or contract-renewal incentive (heavy users on aging handsets)
63275,2,0.43532914,High-Usage / Handset-Gap,Device upgrade or contract-renewal incentive (heavy users on aging handsets)
63442,1,0.42038146,Low-Engagement / Passive,"Re-engagement campaign: usage incentives, feature education, win-back offer"
55838,2,0.65316135,High-Usage / Handset-Gap,Device upgrade or contract-renewal incentive (heavy users on aging handsets)
65533,1,0.28792533,Low-Engagement / Passive,"Re-engagement campaign: usage incentives, feature education, win-back offer"
59057,1,0.26838416,Low-Engagement / Passive,"Re-engagement campaign: usage incentives, feature education, win-back offer"
62362,2,0.418855,High-Usage / Handset-Gap,Device upgrade or contract-renewal incentive (heavy users on aging handsets)
31040,1,0.14150141,Low-Engagement / Passive,"Re-engagement campaign: usage incentives, feature education, win-back offer"
53514,2,0.26866907,High-Usage / Handset-Gap,Device upgrade or contract-renewal incentive (heavy users on aging handsets)
70795,2,0.36905396,High-Usage / Handset-Gap,Device upgrade or contract-renewal incentive (heavy users on aging handsets)
68301,1,0.11884216,Low-Engagement / Passive,"Re-engagement campaign: usage incentives, feature education, win-back offer"
68669,2,0.05578333,High-Usage / Handset-Gap,Device upgrade or contract-renewal incentive (heavy users on aging handsets)
59699,2,0.47549438,High-Usage / Handset-Gap,Device upgrade or contract-renewal incentive (heavy users on aging handsets)
69826,1,0.189224,Low-Engagement / Passive,"Re-engagement campaign: usage incentives, feature education, win-back offer"
52761,1,0.23703457,Low-Engagement / Passive,"Re-engagement campaign: usage incentives, feature education, win-back offer"
58907,2,0.3191621,High-Usage / Handset-Gap,Device upgrade or contract-renewal incentive (heavy users on aging handsets)
54838,1,0.46176958,Low-Engagement / Passive,"Re-engagement campaign: usage incentives, feature education, win-back offer"
64144,1,0.4210033,Low-Engagement / Passive,"Re-engagement campaign: usage incentives, feature education, win-back offer"
52599,2,0.2797691,High-Usage / Handset-Gap,Device upgrade or contract-renewal incentive (heavy users on aging handsets)
58000,1,0.40121564,Low-Engagement / Passive,"Re-engagement campaign: usage incentives, feature education, win-back offer"
63466,1,0.4777015,Low-Engagement / Passive,"Re-engagement campaign: usage incentives, feature education, win-back offer"
53812,2,0.48439774,High-Usage / Handset-Gap,Device upgrade or contract-renewal incentive (heavy users on aging handsets)
57246,2,0.24772756,High-Usage / Handset-Gap,Device upgrade or contract-renewal incentive (heavy users on aging handsets)
69129,1,0.33328742,Low-Engagement / Passive,"Re-engagement campaign: usage incentives, feature education, win-back offer"
51715,2,0.43910354,High-Usage / Handset-Gap,Device upgrade or contract-renewal incentive (heavy users on aging handsets)
69066,1,0.2348474,Low-Engagement / Passive,"Re-engagement campaign: usage incentives, feature education, win-back offer"
70707,2,0.3692632,High-Usage / Handset-Gap,Device upgrade or contract-renewal incentive (heavy users on aging handsets)
65938,0,0.40233156,At-Risk / Retention-Contact,Priority retention outreach + service recovery (already contacted us)
65213,2,0.353718,High-Usage / Handset-Gap,Device upgrade or contract-renewal incentive (heavy users on aging handsets)
70810,2,0.28108445,High-Usage / Handset-Gap,Device upgrade or contract-renewal incentive (heavy users on aging handsets)
54882,1,0.38680387,Low-Engagement / Passive,"Re-engagement campaign: usage incentives, feature education, win-back offer"
57402,1,0.42449445,Low-Engagement / Passive,"Re-engagement campaign: usage incentives, feature education, win-back offer"
57385,1,0.3750194,Low-Engagement / Passive,"Re-engagement campaign: usage incentives, feature education, win-back offer"
58583,2,0.3196379,High-Usage / Handset-Gap,Device upgrade or contract-renewal incentive (heavy users on aging handsets)
56956,1,0.2996065,Low-Engagement / Passive,"Re-engagement campaign: usage incentives, feature education, win-back offer"
30992,1,0.28548798,Low-Engagement / Passive,"Re-engagement campaign: usage incentives, feature education, win-back offer"
56426,1,0.4659205,Low-Engagement / Passive,"Re-engagement campaign: usage incentives, feature education, win-back offer"
71001,2,0.39524654,High-Usage / Handset-Gap,Device upgrade or contract-renewal incentive (heavy users on aging handsets)
56783,1,0.074687846,Low-Engagement / Passive,"Re-engagement campaign: usage incentives, feature education, win-back offer"
53244,1,0.46164873,Low-Engagement / Passive,"Re-engagement campaign: usage incentives, feature education, win-back offer"
57431,2,0.33089113,High-Usage / Handset-Gap,Device upgrade or contract-renewal incentive (heavy users on aging handsets)
64616,2,0.53411245,High-Usage / Handset-Gap,Device upgrade or contract-renewal incentive (heavy users on aging handsets)
68986,1,0.3797741,Low-Engagement / Passive,"Re-engagement campaign: usage incentives, feature education, win-back offer"
54899,1,0.26541218,Low-Engagement / Passive,"Re-engagement campaign: usage incentives, feature education, win-back offer"
56876,1,0.4264963,Low-Engagement / Passive,"Re-engagement campaign: usage incentives, feature education, win-back offer"
53912,2,0.39744043,High-Usage / Handset-Gap,Device upgrade or contract-renewal incentive (heavy users on aging handsets)
62130,1,0.19459005,Low-Engagement / Passive,"Re-engagement campaign: usage incentives, feature education, win-back offer"
57972,1,0.43736345,Low-Engagement / Passive,"Re-engagement campaign: usage incentives, feature education, win-back offer"
30672,1,0.355719,Low-Engagement / Passive,"Re-engagement campaign: usage incentives, feature education, win-back offer"
65965,2,0.47045332,High-Usage / Handset-Gap,Device upgrade or contract-renewal incentive (heavy users on aging handsets)
55513,1,0.46870247,Low-Engagement / Passive,"Re-engagement campaign: usage incentives, feature education, win-back offer"
56398,1,0.27346534,Low-Engagement / Passive,"Re-engagement campaign: usage incentives, feature education, win-back offer"
60252,2,0.20412108,High-Usage / Handset-Gap,Device upgrade or contract-renewal incentive (heavy users on aging handsets)
30609,2,0.3380237,High-Usage / Handset-Gap,Device upgrade or contract-renewal incentive (heavy users on aging handsets)
70417,1,0.07991921,Low-Engagement / Passive,"Re-engagement campaign: usage incentives, feature education, win-back offer"
55075,1,0.2943835,Low-Engagement / Passive,"Re-engagement campaign: usage incentives, feature education, win-back offer"
30943,1,0.1794241,Low-Engagement / Passive,"Re-engagement campaign: usage incentives, feature education, win-back offer"
70290,1,0.23941444,Low-Engagement / Passive,"Re-engagement campaign: usage incentives, feature education, win-back offer"
58082,2,0.53910065,High-Usage / Handset-Gap,Device upgrade or contract-renewal incentive (heavy users on aging handsets)
63745,1,0.42021444,Low-Engagement / Passive,"Re-engagement campaign: usage incentives, feature education, win-back offer"
63804,1,0.46010482,Low-Engagement / Passive,"Re-engagement campaign: usage incentives, feature education, win-back offer"
53628,1,0.15451662,Low-Engagement / Passive,"Re-engagement campaign: usage incentives, feature education, win-back offer"
57665,2,0.18508825,High-Usage / Handset-Gap,Device upgrade or contract-renewal incentive (heavy users on aging handsets)
57054,1,0.3669035,Low-Engagement / Passive,"Re-engagement campaign: usage incentives, feature education, win-back offer"
57607,1,0.2549074,Low-Engagement / Passive,"Re-engagement campaign: usage incentives, feature education, win-back offer"
59718,1,0.3478912,Low-Engagement / Passive,"Re-engagement campaign: usage incentives, feature education, win-back offer"
54897,1,0.40927848,Low-Engagement / Passive,"Re-engagement campaign: usage incentives, feature education, win-back offer"
60730,2,0.1772148,High-Usage / Handset-Gap,Device upgrade or contract-renewal incentive (heavy users on aging handsets)
59381,2,0.23823887,High-Usage / Handset-Gap,Device upgrade or contract-renewal incentive (heavy users on aging handsets)
53100,1,0.45661986,Low-Engagement / Passive,"Re-engagement campaign: usage incentives, feature education, win-back offer"
65746,2,0.30005538,High-Usage / Handset-Gap,Device upgrade or contract-renewal incentive (heavy users on aging handsets)
54265,1,0.29066202,Low-Engagement / Passive,"Re-engagement campaign: usage incentives, feature education, win-back offer"
59329,2,0.4012163,High-Usage / Handset-Gap,Device upgrade or contract-renewal incentive (heavy users on aging handsets)
53930,1,0.237304,Low-Engagement / Passive,"Re-engagement campaign: usage incentives, feature education, win-back offer"
54042,1,0.25813034,Low-Engagement / Passive,"Re-engagement campaign: usage incentives, feature education, win-back offer"
67301,1,0.552351,Low-Engagement / Passive,"Re-engagement campaign: usage incentives, feature education, win-back offer"
57914,2,0.5013152,High-Usage / Handset-Gap,Device upgrade or contract-renewal incentive (heavy users on aging handsets)
67760,1,0.4018261,Low-Engagement / Passive,"Re-engagement campaign: usage incentives, feature education, win-back offer"
30827,1,0.22816122,Low-Engagement / Passive,"Re-engagement campaign: usage incentives, feature education, win-back offer"
57039,2,0.31854218,High-Usage / Handset-Gap,Device upgrade or contract-renewal incentive (heavy users on aging handsets)
60141,0,0.5947272,At-Risk / Retention-Contact,Priority retention outreach + service recovery (already contacted us)
57504,0,0.5177054,At-Risk / Retention-Contact,Priority retention outreach + service recovery (already contacted us)
55826,2,0.26292276,High-Usage / Handset-Gap,Device upgrade or contract-renewal incentive (heavy users on aging handsets)
58419,1,0.15191466,Low-Engagement / Passive,"Re-engagement campaign: usage incentives, feature education, win-back offer"
68832,2,0.46450874,High-Usage / Handset-Gap,Device upgrade or contract-renewal incentive (heavy users on aging handsets)
52502,2,0.4725776,High-Usage / Handset-Gap,Device upgrade or contract-renewal incentive (heavy users on aging handsets)
51534,2,0.37372255,High-Usage / Handset-Gap,Device upgrade or contract-renewal incentive (heavy users on aging handsets)
57591,1,0.3495989,Low-Engagement / Passive,"Re-engagement campaign: usage incentives, feature education, win-back offer"
70695,2,0.43732655,High-Usage / Handset-Gap,Device upgrade or contract-renewal incentive (heavy users on aging handsets)
65458,2,0.4413818,High-Usage / Handset-Gap,Device upgrade or contract-renewal incentive (heavy users on aging handsets)
70816,1,0.33956107,Low-Engagement / Passive,"Re-engagement campaign: usage incentives, feature education, win-back offer"
63373,1,0.36662203,Low-Engagement / Passive,"Re-engagement campaign: usage incentives, feature education, win-back offer"
51131,0,0.4121725,At-Risk / Retention-Contact,Priority retention outreach + service recovery (already contacted us)
56052,1,0.39398983,Low-Engagement / Passive,"Re-engagement campaign: usage incentives, feature education, win-back offer"
59296,1,0.18295829,Low-Engagement / Passive,"Re-engagement campaign: usage incentives, feature education, win-back offer"
60525,2,0.36215883,High-Usage / Handset-Gap,Device upgrade or contract-renewal incentive (heavy users on aging handsets)
58264,2,0.29185563,High-Usage / Handset-Gap,Device upgrade or contract-renewal incentive (heavy users on aging handsets)
62984,1,0.38205367,Low-Engagement / Passive,"Re-engagement campaign: usage incentives, feature education, win-back offer"
62403,1,0.65811026,Low-Engagement / Passive,"Re-engagement campaign: usage incentives, feature education, win-back offer"
51069,1,0.4232374,Low-Engagement / Passive,"Re-engagement campaign: usage incentives, feature education, win-back offer"
70042,2,0.49239427,High-Usage / Handset-Gap,Device upgrade or contract-renewal incentive (heavy users on aging handsets)
51989,2,0.18007153,High-Usage / Handset-Gap,Device upgrade or contract-renewal incentive (heavy users on aging handsets)
64187,1,0.28042358,Low-Engagement / Passive,"Re-engagement campaign: usage incentives, feature education, win-back offer"
58177,1,0.2725847,Low-Engagement / Passive,"Re-engagement campaign: usage incentives, feature education, win-back offer"
67221,1,0.31815046,Low-Engagement / Passive,"Re-engagement campaign: usage incentives, feature education, win-back offer"
60853,1,0.35383922,Low-Engagement / Passive,"Re-engagement campaign: usage incentives, feature education, win-back offer"
53770,1,0.30349284,Low-Engagement / Passive,"Re-engagement campaign: usage incentives, feature education, win-back offer"
56462,2,0.34109926,High-Usage / Handset-Gap,Device upgrade or contract-renewal incentive (heavy users on aging handsets)
51180,1,0.22467741,Low-Engagement / Passive,"Re-engagement campaign: usage incentives, feature education, win-back offer"
66698,2,0.32839432,High-Usage / Handset-Gap,Device upgrade or contract-renewal incentive (heavy users on aging handsets)
69767,1,0.37950072,Low-Engagement / Passive,"Re-engagement campaign: usage incentives, feature education, win-back offer"
62157,1,0.22528471,Low-Engagement / Passive,"Re-engagement campaign: usage incentives, feature education, win-back offer"
59009,0,0.33266944,At-Risk / Retention-Contact,Priority retention outreach + service recovery (already contacted us)
58664,1,0.26532763,Low-Engagement / Passive,"Re-engagement campaign: usage incentives, feature education, win-back offer"
54558,1,0.29872695,Low-Engagement / Passive,"Re-engagement campaign: usage incentives, feature education, win-back offer"
62097,0,0.35972646,At-Risk / Retention-Contact,Priority retention outreach + service recovery (already contacted us)
66372,2,0.076126374,High-Usage / Handset-Gap,Device upgrade or contract-renewal incentive (heavy users on aging handsets)
66700,1,0.08197212,Low-Engagement / Passive,"Re-engagement campaign: usage incentives, feature education, win-back offer"
59257,2,0.24304132,High-Usage / Handset-Gap,Device upgrade or contract-renewal incentive (heavy users on aging handsets)
66849,2,0.18623252,High-Usage / Handset-Gap,Device upgrade or contract-renewal incentive (heavy users on aging handsets)
66022,2,0.27419144,High-Usage / Handset-Gap,Device upgrade or contract-renewal incentive (heavy users on aging handsets)
70526,1,0.15887502,Low-Engagement / Passive,"Re-engagement campaign: usage incentives, feature education, win-back offer"
69420,1,0.6131248,Low-Engagement / Passive,"Re-engagement campaign: usage incentives, feature education, win-back offer"
57657,1,0.38620648,Low-Engagement / Passive,"Re-engagement campaign: usage incentives, feature education, win-back offer"
62890,2,0.50760335,High-Usage / Handset-Gap,Device upgrade or contract-renewal incentive (heavy users on aging handsets)
54497,2,0.32944492,High-Usage / Handset-Gap,Device upgrade or contract-renewal incentive (heavy users on aging handsets)
64968,2,0.41288123,High-Usage / Handset-Gap,Device upgrade or contract-renewal incentive (heavy users on aging handsets)
60456,0,0.5342228,At-Risk / Retention-Contact,Priority retention outreach + service recovery (already contacted us)
61347,1,0.38224584,Low-Engagement / Passive,"Re-engagement campaign: usage incentives, feature education, win-back offer"
31015,0,0.56196356,At-Risk / Retention-Contact,Priority retention outreach + service recovery (already contacted us)
53096,2,0.24175955,High-Usage / Handset-Gap,Device upgrade or contract-renewal incentive (heavy users on aging handsets)
59766,2,0.40885553,High-Usage / Handset-Gap,Device upgrade or contract-renewal incentive (heavy users on aging handsets)
64223,1,0.3684477,Low-Engagement / Passive,"Re-engagement campaign: usage incentives, feature education, win-back offer"
70972,2,0.3138919,High-Usage / Handset-Gap,Device upgrade or contract-renewal incentive (heavy users on aging handsets)
58519,2,0.20560332,High-Usage / Handset-Gap,Device upgrade or contract-renewal incentive (heavy users on aging handsets)
69253,2,0.4242585,High-Usage / Handset-Gap,Device upgrade or contract-renewal incentive (heavy users on aging handsets)
59200,1,0.23072743,Low-Engagement / Passive,"Re-engagement campaign: usage incentives, feature education, win-back offer"
67003,1,0.13039118,Low-Engagement / Passive,"Re-engagement campaign: usage incentives, feature education, win-back offer"
57841,0,0.69408935,At-Risk / Retention-Contact,Priority retention outreach + service recovery (already contacted us)
59160,1,0.44714826,Low-Engagement / Passive,"Re-engagement campaign: usage incentives, feature education, win-back offer"
56556,1,0.443005,Low-Engagement / Passive,"Re-engagement campaign: usage incentives, feature education, win-back offer"
61043,2,0.5870155,High-Usage / Handset-Gap,Device upgrade or contract-renewal incentive (heavy users on aging handsets)
53224,1,0.3051687,Low-Engagement / Passive,"Re-engagement campaign: usage incentives, feature education, win-back offer"
56684,2,0.16290754,High-Usage / Handset-Gap,Device upgrade or contract-renewal incentive (heavy users on aging handsets)
52668,1,0.2835995,Low-Engagement / Passive,"Re-engagement campaign: usage incentives, feature education, win-back offer"
30700,1,0.33025485,Low-Engagement / Passive,"Re-engagement campaign: usage incentives, feature education, win-back offer"
61359,1,0.14513455,Low-Engagement / Passive,"Re-engagement campaign: usage incentives, feature education, win-back offer"
65026,2,0.34433535,High-Usage / Handset-Gap,Device upgrade or contract-renewal incentive (heavy users on aging handsets)
54363,2,0.3775489,High-Usage / Handset-Gap,Device upgrade or contract-renewal incentive (heavy users on aging handsets)
60513,2,0.37482348,High-Usage / Handset-Gap,Device upgrade or contract-renewal incentive (heavy users on aging handsets)
56793,0,0.3073762,At-Risk / Retention-Contact,Priority retention outreach + service recovery (already contacted us)
69754,2,0.38555318,High-Usage / Handset-Gap,Device upgrade or contract-renewal incentive (heavy users on aging handsets)
30785,1,0.607552,Low-Engagement / Passive,"Re-engagement campaign: usage incentives, feature education, win-back offer"
62628,2,0.28524652,High-Usage / Handset-Gap,Device upgrade or contract-renewal incentive (heavy users on aging handsets)
69429,2,0.5806063,High-Usage / Handset-Gap,Device upgrade or contract-renewal incentive (heavy users on aging handsets)
70489,1,0.19415987,Low-Engagement / Passive,"Re-engagement campaign: usage incentives, feature education, win-back offer"
65724,2,0.42571282,High-Usage / Handset-Gap,Device upgrade or contract-renewal incentive (heavy users on aging handsets)
63614,1,0.28082284,Low-Engagement / Passive,"Re-engagement campaign: usage incentives, feature education, win-back offer"
65941,1,0.2938723,Low-Engagement / Passive,"Re-engagement campaign: usage incentives, feature education, win-back offer"
64502,2,0.42657024,High-Usage / Handset-Gap,Device upgrade or contract-renewal incentive (heavy users on aging handsets)
60049,1,0.29568076,Low-Engagement / Passive,"Re-engagement campaign: usage incentives, feature education, win-back offer"
60824,1,0.36841145,Low-Engagement / Passive,"Re-engagement campaign: usage incentives, feature education, win-back offer"
55318,1,0.3855696,Low-Engagement / Passive,"Re-engagement campaign: usage incentives, feature education, win-back offer"
55882,2,0.3629252,High-Usage / Handset-Gap,Device upgrade or contract-renewal incentive (heavy users on aging handsets)
64876,2,0.3830637,High-Usage / Handset-Gap,Device upgrade or contract-renewal incentive (heavy users on aging handsets)
53137,2,0.39526504,High-Usage / Handset-Gap,Device upgrade or contract-renewal incentive (heavy users on aging handsets)
65810,2,0.5532904,High-Usage / Handset-Gap,Device upgrade or contract-renewal incentive (heavy users on aging handsets)
61406,2,0.3628399,High-Usage / Handset-Gap,Device upgrade or contract-renewal incentive (heavy users on aging handsets)
64815,2,0.16154993,High-Usage / Handset-Gap,Device upgrade or contract-renewal incentive (heavy users on aging handsets)
61257,2,0.27525395,High-Usage / Handset-Gap,Device upgrade or contract-renewal incentive (heavy users on aging handsets)
57999,1,0.06394855,Low-Engagement / Passive,"Re-engagement campaign: usage incentives, feature education, win-back offer"
51343,2,0.4181011,High-Usage / Handset-Gap,Device upgrade or contract-renewal incentive (heavy users on aging handsets)
53965,1,0.43143642,Low-Engagement / Passive,"Re-engagement campaign: usage incentives, feature education, win-back offer"
54815,2,0.46129423,High-Usage / Handset-Gap,Device upgrade or contract-renewal incentive (heavy users on aging handsets)
56895,2,0.31041417,High-Usage / Handset-Gap,Device upgrade or contract-renewal incentive (heavy users on aging handsets)
63337,0,0.3472876,At-Risk / Retention-Contact,Priority retention outreach + service recovery (already contacted us)
31033,2,0.5343769,High-Usage / Handset-Gap,Device upgrade or contract-renewal incentive (heavy users on aging handsets)
56399,1,0.20783225,Low-Engagement / Passive,"Re-engagement campaign: usage incentives, feature education, win-back offer"
52438,2,0.5194107,High-Usage / Handset-Gap,Device upgrade or contract-renewal incentive (heavy users on aging handsets)
67038,2,0.50196135,High-Usage / Handset-Gap,Device upgrade or contract-renewal incentive (heavy users on aging handsets)
62739,1,0.2651101,Low-Engagement / Passive,"Re-engagement campaign: usage incentives, feature education, win-back offer"
67400,1,0.23964822,Low-Engagement / Passive,"Re-engagement campaign: usage incentives, feature education, win-back offer"
57809,1,0.24503183,Low-Engagement / Passive,"Re-engagement campaign: usage incentives, feature education, win-back offer"
59756,2,0.3591429,High-Usage / Handset-Gap,Device upgrade or contract-renewal incentive (heavy users on aging handsets)
65948,2,0.31742033,High-Usage / Handset-Gap,Device upgrade or contract-renewal incentive (heavy users on aging handsets)
68910,1,0.15119216,Low-Engagement / Passive,"Re-engagement campaign: usage incentives, feature education, win-back offer"
69951,2,0.10601757,High-Usage / Handset-Gap,Device upgrade or contract-renewal incentive (heavy users on aging handsets)
67470,1,0.37364054,Low-Engagement / Passive,"Re-engagement campaign: usage incentives, feature education, win-back offer"
56880,2,0.30118838,High-Usage / Handset-Gap,Device upgrade or contract-renewal incentive (heavy users on aging handsets)
62614,1,0.64566106,Low-Engagement / Passive,"Re-engagement campaign: usage incentives, feature education, win-back offer"
53014,2,0.21485785,High-Usage / Handset-Gap,Device upgrade or contract-renewal incentive (heavy users on aging handsets)
62408,1,0.39172408,Low-Engagement / Passive,"Re-engagement campaign: usage incentives, feature education, win-back offer"
69895,2,0.48077872,High-Usage / Handset-Gap,Device upgrade or contract-renewal incentive (heavy users on aging handsets)
54675,1,0.3791432,Low-Engagement / Passive,"Re-engagement campaign: usage incentives, feature education, win-back offer"
64536,1,0.24335906,Low-Engagement / Passive,"Re-engagement campaign: usage incentives, feature education, win-back offer"
58610,2,0.6060041,High-Usage / Handset-Gap,Device upgrade or contract-renewal incentive (heavy users on aging handsets)
56681,1,0.51885873,Low-Engagement / Passive,"Re-engagement campaign: usage incentives, feature education, win-back offer"
67165,1,0.47354847,Low-Engagement / Passive,"Re-engagement campaign: usage incentives, feature education, win-back offer"
68496,1,0.4665689,Low-Engagement / Passive,"Re-engagement campaign: usage incentives, feature education, win-back offer"
54993,2,0.46494323,High-Usage / Handset-Gap,Device upgrade or contract-renewal incentive (heavy users on aging handsets)
69719,1,0.3340331,Low-Engagement / Passive,"Re-engagement campaign: usage incentives, feature education, win-back offer"
57440,1,0.43296832,Low-Engagement / Passive,"Re-engagement campaign: usage incentives, feature education, win-back offer"
53293,1,0.1998672,Low-Engagement / Passive,"Re-engagement campaign: usage incentives, feature education, win-back offer"
69434,1,0.4738329,Low-Engagement / Passive,"Re-engagement campaign: usage incentives, feature education, win-back offer"
56746,1,0.23650315,Low-Engagement / Passive,"Re-engagement campaign: usage incentives, feature education, win-back offer"
69094,1,0.24015482,Low-Engagement / Passive,"Re-engagement campaign: usage incentives, feature education, win-back offer"
59255,1,0.35977373,Low-Engagement / Passive,"Re-engagement campaign: usage incentives, feature education, win-back offer"
30637,2,0.5812854,High-Usage / Handset-Gap,Device upgrade or contract-renewal incentive (heavy users on aging handsets)
59189,1,0.3070009,Low-Engagement / Passive,"Re-engagement campaign: usage incentives, feature education, win-back offer"
66370,2,0.48976323,High-Usage / Handset-Gap,Device upgrade or contract-renewal incentive (heavy users on aging handsets)
53572,2,0.37133232,High-Usage / Handset-Gap,Device upgrade or contract-renewal incentive (heavy users on aging handsets)
68269,1,0.48087397,Low-Engagement / Passive,"Re-engagement campaign: usage incentives, feature education, win-back offer"
68355,2,0.3658184,High-Usage / Handset-Gap,Device upgrade or contract-renewal incentive (heavy users on aging handsets)
61298,2,0.42738655,High-Usage / Handset-Gap,Device upgrade or contract-renewal incentive (heavy users on aging handsets)
70501,1,0.27613184,Low-Engagement / Passive,"Re-engagement campaign: usage incentives, feature education, win-back offer"
61058,2,0.535851,High-Usage / Handset-Gap,Device upgrade or contract-renewal incentive (heavy users on aging handsets)
63538,1,0.27512324,Low-Engagement / Passive,"Re-engagement campaign: usage incentives, feature education, win-back offer"
54026,1,0.19499455,Low-Engagement / Passive,"Re-engagement campaign: usage incentives, feature education, win-back offer"
70098,1,0.33691445,Low-Engagement / Passive,"Re-engagement campaign: usage incentives, feature education, win-back offer"
58595,2,0.4335225,High-Usage / Handset-Gap,Device upgrade or contract-renewal incentive (heavy users on aging handsets)
61345,2,0.36374268,High-Usage / Handset-Gap,Device upgrade or contract-renewal incentive (heavy users on aging handsets)
53254,2,0.1737908,High-Usage / Handset-Gap,Device upgrade or contract-renewal incentive (heavy users on aging handsets)
70207,1,0.1278925,Low-Engagement / Passive,"Re-engagement campaign: usage incentives, feature education, win-back offer"
65181,2,0.45456812,High-Usage / Handset-Gap,Device upgrade or contract-renewal incentive (heavy users on aging handsets)
68327,1,0.71893305,Low-Engagement / Passive,"Re-engagement campaign: usage incentives, feature education, win-back offer"
68128,1,0.050698984,Low-Engagement / Passive,"Re-engagement campaign: usage incentives, feature education, win-back offer"
64747,2,0.4544686,High-Usage / Handset-Gap,Device upgrade or contract-renewal incentive (heavy users on aging handsets)
55330,2,0.41377974,High-Usage / Handset-Gap,Device upgrade or contract-renewal incentive (heavy users on aging handsets)
30624,1,0.27332503,Low-Engagement / Passive,"Re-engagement campaign: usage incentives, feature education, win-back offer"
66480,2,0.16262035,High-Usage / Handset-Gap,Device upgrade or contract-renewal incentive (heavy users on aging handsets)
64157,1,0.38590255,Low-Engagement / Passive,"Re-engagement campaign: usage incentives, feature education, win-back offer"
62222,1,0.07574881,Low-Engagement / Passive,"Re-engagement campaign: usage incentives, feature education, win-back offer"
55339,2,0.25596315,High-Usage / Handset-Gap,Device upgrade or contract-renewal incentive (heavy users on aging handsets)
66040,1,0.09743105,Low-Engagement / Passive,"Re-engagement campaign: usage incentives, feature education, win-back offer"
53504,1,0.10724998,Low-Engagement / Passive,"Re-engagement campaign: usage incentives, feature education, win-back offer"
30578,1,0.35547492,Low-Engagement / Passive,"Re-engagement campaign: usage incentives, feature education, win-back offer"
54423,1,0.4207829,Low-Engagement / Passive,"Re-engagement campaign: usage incentives, feature education, win-back offer"
57749,1,0.21529527,Low-Engagement / Passive,"Re-engagement campaign: usage incentives, feature education, win-back offer"
57843,1,0.42790306,Low-Engagement / Passive,"Re-engagement campaign: usage incentives, feature education, win-back offer"
64141,1,0.650022,Low-Engagement / Passive,"Re-engagement campaign: usage incentives, feature education, win-back offer"
58908,1,0.41717225,Low-Engagement / Passive,"Re-engagement campaign: usage incentives, feature education, win-back offer"
60564,2,0.30368105,High-Usage / Handset-Gap,Device upgrade or contract-renewal incentive (heavy users on aging handsets)
61565,2,0.3769272,High-Usage / Handset-Gap,Device upgrade or contract-renewal incentive (heavy users on aging handsets)
67185,0,0.50241405,At-Risk / Retention-Contact,Priority retention outreach + service recovery (already contacted us)
64062,1,0.14591904,Low-Engagement / Passive,"Re-engagement campaign: usage incentives, feature education, win-back offer"
58565,2,0.25269738,High-Usage / Handset-Gap,Device upgrade or contract-renewal incentive (heavy users on aging handsets)
62458,1,0.2818918,Low-Engagement / Passive,"Re-engagement campaign: usage incentives, feature education, win-back offer"
53454,1,0.57944643,Low-Engagement / Passive,"Re-engagement campaign: usage incentives, feature education, win-back offer"
53884,2,0.41210797,High-Usage / Handset-Gap,Device upgrade or contract-renewal incentive (heavy users on aging handsets)
51058,2,0.18564637,High-Usage / Handset-Gap,Device upgrade or contract-renewal incentive (heavy users on aging handsets)
66295,1,0.41241717,Low-Engagement / Passive,"Re-engagement campaign: usage incentives, feature education, win-back offer"
53545,1,0.7592138,Low-Engagement / Passive,"Re-engagement campaign: usage incentives, feature education, win-back offer"
70689,2,0.6460046,High-Usage / Handset-Gap,Device upgrade or contract-renewal incentive (heavy users on aging handsets)
55319,1,0.28794336,Low-Engagement / Passive,"Re-engagement campaign: usage incentives, feature education, win-back offer"
62093,2,0.49901295,High-Usage / Handset-Gap,Device upgrade or contract-renewal incentive (heavy users on aging handsets)
63344,1,0.4411299,Low-Engagement / Passive,"Re-engagement campaign: usage incentives, feature education, win-back offer"
70909,2,0.28150767,High-Usage / Handset-Gap,Device upgrade or contract-renewal incentive (heavy users on aging handsets)
51292,2,0.4552731,High-Usage / Handset-Gap,Device upgrade or contract-renewal incentive (heavy users on aging handsets)
59067,1,0.20171279,Low-Engagement / Passive,"Re-engagement campaign: usage incentives, feature education, win-back offer"
61461,2,0.47172943,High-Usage / Handset-Gap,Device upgrade or contract-renewal incentive (heavy users on aging handsets)
59339,1,0.4646812,Low-Engagement / Passive,"Re-engagement campaign: usage incentives, feature education, win-back offer"
54484,0,0.82356757,At-Risk / Retention-Contact,Priority retention outreach + service recovery (already contacted us)
57981,2,0.4917815,High-Usage / Handset-Gap,Device upgrade or contract-renewal incentive (heavy users on aging handsets)
60700,2,0.82168317,High-Usage / Handset-Gap,Device upgrade or contract-renewal incentive (heavy users on aging handsets)
51510,2,0.41983882,High-Usage / Handset-Gap,Device upgrade or contract-renewal incentive (heavy users on aging handsets)
53902,2,0.51993805,High-Usage / Handset-Gap,Device upgrade or contract-renewal incentive (heavy users on aging handsets)
69496,1,0.4968211,Low-Engagement / Passive,"Re-engagement campaign: usage incentives, feature education, win-back offer"
52102,2,0.17200632,High-Usage / Handset-Gap,Device upgrade or contract-renewal incentive (heavy users on aging handsets)
30788,1,0.33800048,Low-Engagement / Passive,"Re-engagement campaign: usage incentives, feature education, win-back offer"
54238,1,0.12759599,Low-Engagement / Passive,"Re-engagement campaign: usage incentives, feature education, win-back offer"
60532,0,0.45643878,At-Risk / Retention-Contact,Priority retention outreach + service recovery (already contacted us)
56455,2,0.38204277,High-Usage / Handset-Gap,Device upgrade or contract-renewal incentive (heavy users on aging handsets)
54585,1,0.28877103,Low-Engagement / Passive,"Re-engagement campaign: usage incentives, feature education, win-back offer"
66049,0,0.56188494,At-Risk / Retention-Contact,Priority retention outreach + service recovery (already contacted us)
64665,1,0.4279959,Low-Engagement / Passive,"Re-engagement campaign: usage incentives, feature education, win-back offer"
58979,1,0.2999387,Low-Engagement / Passive,"Re-engagement campaign: usage incentives, feature education, win-back offer"
65563,1,0.23696895,Low-Engagement / Passive,"Re-engagement campaign: usage incentives, feature education, win-back offer"
67136,1,0.46865898,Low-Engagement / Passive,"Re-engagement campaign: usage incentives, feature education, win-back offer"
57966,1,0.32904276,Low-Engagement / Passive,"Re-engagement campaign: usage incentives, feature education, win-back offer"
58198,2,0.4212026,High-Usage / Handset-Gap,Device upgrade or contract-renewal incentive (heavy users on aging handsets)
54279,1,0.34325156,Low-Engagement / Passive,"Re-engagement campaign: usage incentives, feature education, win-back offer"
60668,2,0.21985823,High-Usage / Handset-Gap,Device upgrade or contract-renewal incentive (heavy users on aging handsets)
68416,2,0.04979844,High-Usage / Handset-Gap,Device upgrade or contract-renewal incentive (heavy users on aging handsets)
66478,1,0.34076595,Low-Engagement / Passive,"Re-engagement campaign: usage incentives, feature education, win-back offer"
58585,1,0.49397224,Low-Engagement / Passive,"Re-engagement campaign: usage incentives, feature education, win-back offer"
59190,1,0.37784937,Low-Engagement / Passive,"Re-engagement campaign: usage incentives, feature education, win-back offer"
69675,2,0.24061939,High-Usage / Handset-Gap,Device upgrade or contract-renewal incentive (heavy users on aging handsets)
68505,1,0.20384853,Low-Engagement / Passive,"Re-engagement campaign: usage incentives, feature education, win-back offer"
62001,1,0.2525949,Low-Engagement / Passive,"Re-engagement campaign: usage incentives, feature education, win-back offer"
56593,1,0.34876484,Low-Engagement / Passive,"Re-engagement campaign: usage incentives, feature education, win-back offer"
57791,1,0.33454096,Low-Engagement / Passive,"Re-engagement campaign: usage incentives, feature education, win-back offer"
60228,2,0.4140726,High-Usage / Handset-Gap,Device upgrade or contract-renewal incentive (heavy users on aging handsets)
65840,2,0.10100748,High-Usage / Handset-Gap,Device upgrade or contract-renewal incentive (heavy users on aging handsets)
56339,1,0.22609967,Low-Engagement / Passive,"Re-engagement campaign: usage incentives, feature education, win-back offer"
68609,1,0.32955182,Low-Engagement / Passive,"Re-engagement campaign: usage incentives, feature education, win-back offer"
66078,1,0.37536126,Low-Engagement / Passive,"Re-engagement campaign: usage incentives, feature education, win-back offer"
62815,1,0.32795808,Low-Engagement / Passive,"Re-engagement campaign: usage incentives, feature education, win-back offer"
30490,1,0.14779651,Low-Engagement / Passive,"Re-engagement campaign: usage incentives, feature education, win-back offer"
67287,2,0.2383614,High-Usage / Handset-Gap,Device upgrade or contract-renewal incentive (heavy users on aging handsets)
70369,1,0.31839532,Low-Engagement / Passive,"Re-engagement campaign: usage incentives, feature education, win-back offer"
68399,2,0.2424558,High-Usage / Handset-Gap,Device upgrade or contract-renewal incentive (heavy users on aging handsets)
70890,2,0.6333561,High-Usage / Handset-Gap,Device upgrade or contract-renewal incentive (heavy users on aging handsets)
59135,1,0.26018986,Low-Engagement / Passive,"Re-engagement campaign: usage incentives, feature education, win-back offer"
54290,2,0.619531,High-Usage / Handset-Gap,Device upgrade or contract-renewal incentive (heavy users on aging handsets)
67108,1,0.11941473,Low-Engagement / Passive,"Re-engagement campaign: usage incentives, feature education, win-back offer"
30690,2,0.61780024,High-Usage / Handset-Gap,Device upgrade or contract-renewal incentive (heavy users on aging handsets)
30695,1,0.5141736,Low-Engagement / Passive,"Re-engagement campaign: usage incentives, feature education, win-back offer"
60548,2,0.37733746,High-Usage / Handset-Gap,Device upgrade or contract-renewal incentive (heavy users on aging handsets)
30886,1,0.17918023,Low-Engagement / Passive,"Re-engagement campaign: usage incentives, feature education, win-back offer"
53743,1,0.39748698,Low-Engagement / Passive,"Re-engagement campaign: usage incentives, feature education, win-back offer"
30533,0,0.47127068,At-Risk / Retention-Contact,Priority retention outreach + service recovery (already contacted us)
70085,1,0.2833659,Low-Engagement / Passive,"Re-engagement campaign: usage incentives, feature education, win-back offer"
51396,2,0.22586232,High-Usage / Handset-Gap,Device upgrade or contract-renewal incentive (heavy users on aging handsets)
62231,2,0.56992346,High-Usage / Handset-Gap,Device upgrade or contract-renewal incentive (heavy users on aging handsets)
53822,2,0.35888264,High-Usage / Handset-Gap,Device upgrade or contract-renewal incentive (heavy users on aging handsets)
64654,1,0.544344,Low-Engagement / Passive,"Re-engagement campaign: usage incentives, feature education, win-back offer"
61343,2,0.37964845,High-Usage / Handset-Gap,Device upgrade or contract-renewal incentive (heavy users on aging handsets)
60186,1,0.2582796,Low-Engagement / Passive,"Re-engagement campaign: usage incentives, feature education, win-back offer"
67265,2,0.67527425,High-Usage / Handset-Gap,Device upgrade or contract-renewal incentive (heavy users on aging handsets)
71041,1,0.10596269,Low-Engagement / Passive,"Re-engagement campaign: usage incentives, feature education, win-back offer"
53916,2,0.4764703,High-Usage / Handset-Gap,Device upgrade or contract-renewal incentive (heavy users on aging handsets)
62279,1,0.3190324,Low-Engagement / Passive,"Re-engagement campaign: usage incentives, feature education, win-back offer"
64052,1,0.20669188,Low-Engagement / Passive,"Re-engagement campaign: usage incentives, feature education, win-back offer"
61230,1,0.29656142,Low-Engagement / Passive,"Re-engagement campaign: usage incentives, feature education, win-back offer"
51121,2,0.35936186,High-Usage / Handset-Gap,Device upgrade or contract-renewal incentive (heavy users on aging handsets)
61874,0,0.5646579,At-Risk / Retention-Contact,Priority retention outreach + service recovery (already contacted us)
53143,0,0.5851239,At-Risk / Retention-Contact,Priority retention outreach + service recovery (already contacted us)
63353,1,0.2729484,Low-Engagement / Passive,"Re-engagement campaign: usage incentives, feature education, win-back offer"
61284,1,0.16743082,Low-Engagement / Passive,"Re-engagement campaign: usage incentives, feature education, win-back offer"
55510,1,0.46840653,Low-Engagement / Passive,"Re-engagement campaign: usage incentives, feature education, win-back offer"
68332,1,0.058134142,Low-Engagement / Passive,"Re-engagement campaign: usage incentives, feature education, win-back offer"
68859,1,0.43823543,Low-Engagement / Passive,"Re-engagement campaign: usage incentives, feature education, win-back offer"
52888,2,0.3683518,High-Usage / Handset-Gap,Device upgrade or contract-renewal incentive (heavy users on aging handsets)
67966,1,0.35788885,Low-Engagement / Passive,"Re-engagement campaign: usage incentives, feature education, win-back offer"
66828,1,0.70440716,Low-Engagement / Passive,"Re-engagement campaign: usage incentives, feature education, win-back offer"
53302,2,0.516325,High-Usage / Handset-Gap,Device upgrade or contract-renewal incentive (heavy users on aging handsets)
67020,2,0.4649252,High-Usage / Handset-Gap,Device upgrade or contract-renewal incentive (heavy users on aging handsets)
56114,1,0.23813719,Low-Engagement / Passive,"Re-engagement campaign: usage incentives, feature education, win-back offer"
64888,1,0.39741573,Low-Engagement / Passive,"Re-engagement campaign: usage incentives, feature education, win-back offer"
62047,2,0.33844975,High-Usage / Handset-Gap,Device upgrade or contract-renewal incentive (heavy users on aging handsets)
61982,1,0.21091552,Low-Engagement / Passive,"Re-engagement campaign: usage incentives, feature education, win-back offer"
58632,1,0.5625692,Low-Engagement / Passive,"Re-engagement campaign: usage incentives, feature education, win-back offer"
67179,0,0.6719252,At-Risk / Retention-Contact,Priority retention outreach + service recovery (already contacted us)
65871,1,0.4161958,Low-Engagement / Passive,"Re-engagement campaign: usage incentives, feature education, win-back offer"
54614,2,0.24767852,High-Usage / Handset-Gap,Device upgrade or contract-renewal incentive (heavy users on aging handsets)
65104,2,0.5235283,High-Usage / Handset-Gap,Device upgrade or contract-renewal incentive (heavy users on aging handsets)
67860,1,0.28268984,Low-Engagement / Passive,"Re-engagement campaign: usage incentives, feature education, win-back offer"
52557,1,0.35738543,Low-Engagement / Passive,"Re-engagement campaign: usage incentives, feature education, win-back offer"
70413,1,0.089479566,Low-Engagement / Passive,"Re-engagement campaign: usage incentives, feature education, win-back offer"
60007,1,0.15996748,Low-Engagement / Passive,"Re-engagement campaign: usage incentives, feature education, win-back offer"
67863,1,0.32588425,Low-Engagement / Passive,"Re-engagement campaign: usage incentives, feature education, win-back offer"
51927,2,0.47410333,High-Usage / Handset-Gap,Device upgrade or contract-renewal incentive (heavy users on aging handsets)
52898,1,0.49686185,Low-Engagement / Passive,"Re-engagement campaign: usage incentives, feature education, win-back offer"
53694,2,0.22817506,High-Usage / Handset-Gap,Device upgrade or contract-renewal incentive (heavy users on aging handsets)
52131,1,0.20696178,Low-Engagement / Passive,"Re-engagement campaign: usage incentives, feature education, win-back offer"
56542,1,0.37969968,Low-Engagement / Passive,"Re-engagement campaign: usage incentives, feature education, win-back offer"
69117,1,0.40757272,Low-Engagement / Passive,"Re-engagement campaign: usage incentives, feature education, win-back offer"
56112,2,0.5242852,High-Usage / Handset-Gap,Device upgrade or contract-renewal incentive (heavy users on aging handsets)
54469,2,0.38942364,High-Usage / Handset-Gap,Device upgrade or contract-renewal incentive (heavy users on aging handsets)
51692,2,0.4311253,High-Usage / Handset-Gap,Device upgrade or contract-renewal incentive (heavy users on aging handsets)
60568,0,0.4637796,At-Risk / Retention-Contact,Priority retention outreach + service recovery (already contacted us)
68001,2,0.44469815,High-Usage / Handset-Gap,Device upgrade or contract-renewal incentive (heavy users on aging handsets)
51075,1,0.35021654,Low-Engagement / Passive,"Re-engagement campaign: usage incentives, feature education, win-back offer"
53729,2,0.72431237,High-Usage / Handset-Gap,Device upgrade or contract-renewal incentive (heavy users on aging handsets)
69715,1,0.32181013,Low-Engagement / Passive,"Re-engagement campaign: usage incentives, feature education, win-back offer"
68950,1,0.3087876,Low-Engagement / Passive,"Re-engagement campaign: usage incentives, feature education, win-back offer"
70309,1,0.30656186,Low-Engagement / Passive,"Re-engagement campaign: usage incentives, feature education, win-back offer"
63203,1,0.37974298,Low-Engagement / Passive,"Re-engagement campaign: usage incentives, feature education, win-back offer"
66724,1,0.34068888,Low-Engagement / Passive,"Re-engagement campaign: usage incentives, feature education, win-back offer"
53898,2,0.3203558,High-Usage / Handset-Gap,Device upgrade or contract-renewal incentive (heavy users on aging handsets)
63975,1,0.5549068,Low-Engagement / Passive,"Re-engagement campaign: usage incentives, feature education, win-back offer"
31004,2,0.64789075,High-Usage / Handset-Gap,Device upgrade or contract-renewal incentive (heavy users on aging handsets)
63637,2,0.334559,High-Usage / Handset-Gap,Device upgrade or contract-renewal incentive (heavy users on aging handsets)
67679,2,0.8182211,High-Usage / Handset-Gap,Device upgrade or contract-renewal incentive (heavy users on aging handsets)
67152,1,0.5312099,Low-Engagement / Passive,"Re-engagement campaign: usage incentives, feature education, win-back offer"
58342,2,0.5177767,High-Usage / Handset-Gap,Device upgrade or contract-renewal incentive (heavy users on aging handsets)
54520,2,0.4200171,High-Usage / Handset-Gap,Device upgrade or contract-renewal incentive (heavy users on aging handsets)
69603,2,0.18302421,High-Usage / Handset-Gap,Device upgrade or contract-renewal incentive (heavy users on aging handsets)
53252,1,0.5515345,Low-Engagement / Passive,"Re-engagement campaign: usage incentives, feature education, win-back offer"
55008,1,0.20118567,Low-Engagement / Passive,"Re-engagement campaign: usage incentives, feature education, win-back offer"
59693,1,0.3435976,Low-Engagement / Passive,"Re-engagement campaign: usage incentives, feature education, win-back offer"
56925,0,0.4337736,At-Risk / Retention-Contact,Priority retention outreach + service recovery (already contacted us)
51831,2,0.19903132,High-Usage / Handset-Gap,Device upgrade or contract-renewal incentive (heavy users on aging handsets)
61185,1,0.40837288,Low-Engagement / Passive,"Re-engagement campaign: usage incentives, feature education, win-back offer"
69654,1,0.5258003,Low-Engagement / Passive,"Re-engagement campaign: usage incentives, feature education, win-back offer"
54288,2,0.26802608,High-Usage / Handset-Gap,Device upgrade or contract-renewal incentive (heavy users on aging handsets)
52885,2,0.3384943,High-Usage / Handset-Gap,Device upgrade or contract-renewal incentive (heavy users on aging handsets)
63498,2,0.38504496,High-Usage / Handset-Gap,Device upgrade or contract-renewal incentive (heavy users on aging handsets)
52588,2,0.6630879,High-Usage / Handset-Gap,Device upgrade or contract-renewal incentive (heavy users on aging handsets)
69174,1,0.45946416,Low-Engagement / Passive,"Re-engagement campaign: usage incentives, feature education, win-back offer"
55942,1,0.29813004,Low-Engagement / Passive,"Re-engagement campaign: usage incentives, feature education, win-back offer"
70355,1,0.09874627,Low-Engagement / Passive,"Re-engagement campaign: usage incentives, feature education, win-back offer"
68725,2,0.22539636,High-Usage / Handset-Gap,Device upgrade or contract-renewal incentive (heavy users on aging handsets)
68893,1,0.21508259,Low-Engagement / Passive,"Re-engagement campaign: usage incentives, feature education, win-back offer"
55968,1,0.3654803,Low-Engagement / Passive,"Re-engagement campaign: usage incentives, feature education, win-back offer"
64088,1,0.6205468,Low-Engagement / Passive,"Re-engagement campaign: usage incentives, feature education, win-back offer"
51203,1,0.34879395,Low-Engagement / Passive,"Re-engagement campaign: usage incentives, feature education, win-back offer"
64843,1,0.24107085,Low-Engagement / Passive,"Re-engagement campaign: usage incentives, feature education, win-back offer"
67454,1,0.48271123,Low-Engagement / Passive,"Re-engagement campaign: usage incentives, feature education, win-back offer"
52261,0,0.45147118,At-Risk / Retention-Contact,Priority retention outreach + service recovery (already contacted us)
63862,1,0.4411195,Low-Engagement / Passive,"Re-engagement campaign: usage incentives, feature education, win-back offer"
58921,1,0.31861207,Low-Engagement / Passive,"Re-engagement campaign: usage incentives, feature education, win-back offer"
55143,2,0.32781988,High-Usage / Handset-Gap,Device upgrade or contract-renewal incentive (heavy users on aging handsets)
53002,2,0.32446596,High-Usage / Handset-Gap,Device upgrade or contract-renewal incentive (heavy users on aging handsets)
59099,2,0.22189468,High-Usage / Handset-Gap,Device upgrade or contract-renewal incentive (heavy users on aging handsets)
65929,0,0.3913943,At-Risk / Retention-Contact,Priority retention outreach + service recovery (already contacted us)
58640,2,0.37633872,High-Usage / Handset-Gap,Device upgrade or contract-renewal incentive (heavy users on aging handsets)
60821,1,0.11657275,Low-Engagement / Passive,"Re-engagement campaign: usage incentives, feature education, win-back offer"
59835,2,0.41632628,High-Usage / Handset-Gap,Device upgrade or contract-renewal incentive (heavy users on aging handsets)
65727,2,0.24963932,High-Usage / Handset-Gap,Device upgrade or contract-renewal incentive (heavy users on aging handsets)
62101,2,0.5476962,High-Usage / Handset-Gap,Device upgrade or contract-renewal incentive (heavy users on aging handsets)
55827,0,0.7726575,At-Risk / Retention-Contact,Priority retention outreach + service recovery (already contacted us)
57922,1,0.4956201,Low-Engagement / Passive,"Re-engagement campaign: usage incentives, feature education, win-back offer"
63618,1,0.5583374,Low-Engagement / Passive,"Re-engagement campaign: usage incentives, feature education, win-back offer"
70461,1,0.34713537,Low-Engagement / Passive,"Re-engagement campaign: usage incentives, feature education, win-back offer"
54005,2,0.1933634,High-Usage / Handset-Gap,Device upgrade or contract-renewal incentive (heavy users on aging handsets)
66519,2,0.48419344,High-Usage / Handset-Gap,Device upgrade or contract-renewal incentive (heavy users on aging handsets)
62342,1,0.433716,Low-Engagement / Passive,"Re-engagement campaign: usage incentives, feature education, win-back offer"
62029,1,0.5720155,Low-Engagement / Passive,"Re-engagement campaign: usage incentives, feature education, win-back offer"
66149,1,0.30069023,Low-Engagement / Passive,"Re-engagement campaign: usage incentives, feature education, win-back offer"
53260,1,0.35487708,Low-Engagement / Passive,"Re-engagement campaign: usage incentives, feature education, win-back offer"
64542,1,0.29131955,Low-Engagement / Passive,"Re-engagement campaign: usage incentives, feature education, win-back offer"
63692,1,0.40417644,Low-Engagement / Passive,"Re-engagement campaign: usage incentives, feature education, win-back offer"
68070,1,0.46070322,Low-Engagement / Passive,"Re-engagement campaign: usage incentives, feature education, win-back offer"
63872,1,0.5302229,Low-Engagement / Passive,"Re-engagement campaign: usage incentives, feature education, win-back offer"
51834,2,0.7125446,High-Usage / Handset-Gap,Device upgrade or contract-renewal incentive (heavy users on aging handsets)
55998,2,0.33695507,High-Usage / Handset-Gap,Device upgrade or contract-renewal incentive (heavy users on aging handsets)
53734,2,0.7354912,High-Usage / Handset-Gap,Device upgrade or contract-renewal incentive (heavy users on aging handsets)
68527,1,0.21472952,Low-Engagement / Passive,"Re-engagement campaign: usage incentives, feature education, win-back offer"
53327,1,0.20214623,Low-Engagement / Passive,"Re-engagement campaign: usage incentives, feature education, win-back offer"
59118,1,0.4320225,Low-Engagement / Passive,"Re-engagement campaign: usage incentives, feature education, win-back offer"
63386,1,0.5177535,Low-Engagement / Passive,"Re-engagement campaign: usage incentives, feature education, win-back offer"
57983,1,0.47740644,Low-Engagement / Passive,"Re-engagement campaign: usage incentives, feature education, win-back offer"
69298,1,0.28003037,Low-Engagement / Passive,"Re-engagement campaign: usage incentives, feature education, win-back offer"
59761,1,0.116240665,Low-Engagement / Passive,"Re-engagement campaign: usage incentives, feature education, win-back offer"
55664,2,0.35077175,High-Usage / Handset-Gap,Device upgrade or contract-renewal incentive (heavy users on aging handsets)
65466,2,0.103153475,High-Usage / Handset-Gap,Device upgrade or contract-renewal incentive (heavy users on aging handsets)
66566,1,0.6282601,Low-Engagement / Passive,"Re-engagement campaign: usage incentives, feature education, win-back offer"
56221,2,0.58714527,High-Usage / Handset-Gap,Device upgrade or contract-renewal incentive (heavy users on aging handsets)
57254,0,0.29030818,At-Risk / Retention-Contact,Priority retention outreach + service recovery (already contacted us)
68981,1,0.40902832,Low-Engagement / Passive,"Re-engagement campaign: usage incentives, feature education, win-back offer"
54892,1,0.2399219,Low-Engagement / Passive,"Re-engagement campaign: usage incentives, feature education, win-back offer"
51610,2,0.25416425,High-Usage / Handset-Gap,Device upgrade or contract-renewal incentive (heavy users on aging handsets)
60795,1,0.3427037,Low-Engagement / Passive,"Re-engagement campaign: usage incentives, feature education, win-back offer"
66682,1,0.16539273,Low-Engagement / Passive,"Re-engagement campaign: usage incentives, feature education, win-back offer"
67570,1,0.41478586,Low-Engagement / Passive,"Re-engagement campaign: usage incentives, feature education, win-back offer"
66949,1,0.23094155,Low-Engagement / Passive,"Re-engagement campaign: usage incentives, feature education, win-back offer"
62105,0,0.7347966,At-Risk / Retention-Contact,Priority retention outreach + service recovery (already contacted us)
59924,0,0.34535098,At-Risk / Retention-Contact,Priority retention outreach + service recovery (already contacted us)
56791,0,0.46817458,At-Risk / Retention-Contact,Priority retention outreach + service recovery (already contacted us)
60009,1,0.4877726,Low-Engagement / Passive,"Re-engagement campaign: usage incentives, feature education, win-back offer"
69736,0,0.59703577,At-Risk / Retention-Contact,Priority retention outreach + service recovery (already contacted us)
56557,2,0.3929321,High-Usage / Handset-Gap,Device upgrade or contract-renewal incentive (heavy users on aging handsets)
56756,1,0.25969937,Low-Engagement / Passive,"Re-engagement campaign: usage incentives, feature education, win-back offer"
53799,1,0.38740322,Low-Engagement / Passive,"Re-engagement campaign: usage incentives, feature education, win-back offer"
57740,1,0.32933554,Low-Engagement / Passive,"Re-engagement campaign: usage incentives, feature education, win-back offer"
51867,2,0.2600147,High-Usage / Handset-Gap,Device upgrade or contract-renewal incentive (heavy users on aging handsets)
69310,1,0.40290496,Low-Engagement / Passive,"Re-engagement campaign: usage incentives, feature education, win-back offer"
59623,1,0.39398223,Low-Engagement / Passive,"Re-engagement campaign: usage incentives, feature education, win-back offer"
69619,1,0.39125618,Low-Engagement / Passive,"Re-engagement campaign: usage incentives, feature education, win-back offer"
57628,2,0.4536043,High-Usage / Handset-Gap,Device upgrade or contract-renewal incentive (heavy users on aging handsets)
68954,1,0.3810209,Low-Engagement / Passive,"Re-engagement campaign: usage incentives, feature education, win-back offer"
66738,2,0.25473562,High-Usage / Handset-Gap,Device upgrade or contract-renewal incentive (heavy users on aging handsets)
61857,2,0.25135118,High-Usage / Handset-Gap,Device upgrade or contract-renewal incentive (heavy users on aging handsets)
56554,2,0.40010333,High-Usage / Handset-Gap,Device upgrade or contract-renewal incentive (heavy users on aging handsets)
55626,2,0.24225678,High-Usage / Handset-Gap,Device upgrade or contract-renewal incentive (heavy users on aging handsets)
30975,0,0.36801094,At-Risk / Retention-Contact,Priority retention outreach + service recovery (already contacted us)
57235,0,0.67868125,At-Risk / Retention-Contact,Priority retention outreach + service recovery (already contacted us)
52919,1,0.3836322,Low-Engagement / Passive,"Re-engagement campaign: usage incentives, feature education, win-back offer"
69121,1,0.10462788,Low-Engagement / Passive,"Re-engagement campaign: usage incentives, feature education, win-back offer"
66275,2,0.6572248,High-Usage / Handset-Gap,Device upgrade or contract-renewal incentive (heavy users on aging handsets)
52640,1,0.23893374,Low-Engagement / Passive,"Re-engagement campaign: usage incentives, feature education, win-back offer"
59398,1,0.5640085,Low-Engagement / Passive,"Re-engagement campaign: usage incentives, feature education, win-back offer"
69492,1,0.6727736,Low-Engagement / Passive,"Re-engagement campaign: usage incentives, feature education, win-back offer"
64436,1,0.48873982,Low-Engagement / Passive,"Re-engagement campaign: usage incentives, feature education, win-back offer"
52393,1,0.23918371,Low-Engagement / Passive,"Re-engagement campaign: usage incentives, feature education, win-back offer"
59671,1,0.3177382,Low-Engagement / Passive,"Re-engagement campaign: usage incentives, feature education, win-back offer"
54156,2,0.5069041,High-Usage / Handset-Gap,Device upgrade or contract-renewal incentive (heavy users on aging handsets)
63049,2,0.37839594,High-Usage / Handset-Gap,Device upgrade or contract-renewal incentive (heavy users on aging handsets)
68437,2,0.5120994,High-Usage / Handset-Gap,Device upgrade or contract-renewal incentive (heavy users on aging handsets)
58012,2,0.37965304,High-Usage / Handset-Gap,Device upgrade or contract-renewal incentive (heavy users on aging handsets)
56051,0,0.65265065,At-Risk / Retention-Contact,Priority retention outreach + service recovery (already contacted us)
31038,1,0.13554408,Low-Engagement / Passive,"Re-engagement campaign: usage incentives, feature education, win-back offer"
59950,1,0.4397276,Low-Engagement / Passive,"Re-engagement campaign: usage incentives, feature education, win-back offer"
53300,2,0.384445,High-Usage / Handset-Gap,Device upgrade or contract-renewal incentive (heavy users on aging handsets)
56305,1,0.46926132,Low-Engagement / Passive,"Re-engagement campaign: usage incentives, feature education, win-back offer"
54255,2,0.23982038,High-Usage / Handset-Gap,Device upgrade or contract-renewal incentive (heavy users on aging handsets)
52231,1,0.20693633,Low-Engagement / Passive,"Re-engagement campaign: usage incentives, feature education, win-back offer"
54281,2,0.3510455,High-Usage / Handset-Gap,Device upgrade or contract-renewal incentive (heavy users on aging handsets)
55049,2,0.369905,High-Usage / Handset-Gap,Device upgrade or contract-renewal incentive (heavy users on aging handsets)
69863,1,0.17418718,Low-Engagement / Passive,"Re-engagement campaign: usage incentives, feature education, win-back offer"
54172,1,0.45917583,Low-Engagement / Passive,"Re-engagement campaign: usage incentives, feature education, win-back offer"
60081,1,0.2971015,Low-Engagement / Passive,"Re-engagement campaign: usage incentives, feature education, win-back offer"
57789,1,0.30973956,Low-Engagement / Passive,"Re-engagement campaign: usage incentives, feature education, win-back offer"
52575,2,0.18043527,High-Usage / Handset-Gap,Device upgrade or contract-renewal incentive (heavy users on aging handsets)
55650,1,0.4218654,Low-Engagement / Passive,"Re-engagement campaign: usage incentives, feature education, win-back offer"
52219,1,0.277911,Low-Engagement / Passive,"Re-engagement campaign: usage incentives, feature education, win-back offer"
68516,1,0.64343685,Low-Engagement / Passive,"Re-engagement campaign: usage incentives, feature education, win-back offer"
51787,1,0.25075752,Low-Engagement / Passive,"Re-engagement campaign: usage incentives, feature education, win-back offer"
67033,1,0.34862527,Low-Engagement / Passive,"Re-engagement campaign: usage incentives, feature education, win-back offer"
68105,1,0.5795935,Low-Engagement / Passive,"Re-engagement campaign: usage incentives, feature education, win-back offer"
58552,1,0.32512045,Low-Engagement / Passive,"Re-engagement campaign: usage incentives, feature education, win-back offer"
52591,2,0.34455118,High-Usage / Handset-Gap,Device upgrade or contract-renewal incentive (heavy users on aging handsets)
56771,1,0.33315408,Low-Engagement / Passive,"Re-engagement campaign: usage incentives, feature education, win-back offer"
58736,2,0.3025257,High-Usage / Handset-Gap,Device upgrade or contract-renewal incentive (heavy users on aging handsets)
52946,1,0.4331243,Low-Engagement / Passive,"Re-engagement campaign: usage incentives, feature education, win-back offer"
61200,1,0.29679486,Low-Engagement / Passive,"Re-engagement campaign: usage incentives, feature education, win-back offer"
54534,1,0.20598458,Low-Engagement / Passive,"Re-engagement campaign: usage incentives, feature education, win-back offer"
70885,1,0.19901113,Low-Engagement / Passive,"Re-engagement campaign: usage incentives, feature education, win-back offer"
52186,1,0.5506184,Low-Engagement / Passive,"Re-engagement campaign: usage incentives, feature education, win-back offer"
30579,2,0.09741015,High-Usage / Handset-Gap,Device upgrade or contract-renewal incentive (heavy users on aging handsets)
60688,2,0.38481936,High-Usage / Handset-Gap,Device upgrade or contract-renewal incentive (heavy users on aging handsets)
69258,1,0.09396341,Low-Engagement / Passive,"Re-engagement campaign: usage incentives, feature education, win-back offer"
51586,2,0.47619173,High-Usage / Handset-Gap,Device upgrade or contract-renewal incentive (heavy users on aging handsets)
31030,1,0.19005638,Low-Engagement / Passive,"Re-engagement campaign: usage incentives, feature education, win-back offer"
65778,2,0.34120145,High-Usage / Handset-Gap,Device upgrade or contract-renewal incentive (heavy users on aging handsets)
58767,1,0.26055652,Low-Engagement / Passive,"Re-engagement campaign: usage incentives, feature education, win-back offer"
66589,1,0.049090315,Low-Engagement / Passive,"Re-engagement campaign: usage incentives, feature education, win-back offer"
67633,1,0.0828597,Low-Engagement / Passive,"Re-engagement campaign: usage incentives, feature education, win-back offer"
69212,1,0.28901756,Low-Engagement / Passive,"Re-engagement campaign: usage incentives, feature education, win-back offer"
69963,2,0.10907128,High-Usage / Handset-Gap,Device upgrade or contract-renewal incentive (heavy users on aging handsets)
53266,0,0.48843127,At-Risk / Retention-Contact,Priority retention outreach + service recovery (already contacted us)
55288,2,0.6920906,High-Usage / Handset-Gap,Device upgrade or contract-renewal incentive (heavy users on aging handsets)
51902,2,0.11256698,High-Usage / Handset-Gap,Device upgrade or contract-renewal incentive (heavy users on aging handsets)
60715,1,0.20785218,Low-Engagement / Passive,"Re-engagement campaign: usage incentives, feature education, win-back offer"
58719,1,0.34498894,Low-Engagement / Passive,"Re-engagement campaign: usage incentives, feature education, win-back offer"
31003,1,0.5141103,Low-Engagement / Passive,"Re-engagement campaign: usage incentives, feature education, win-back offer"
57662,2,0.3429233,High-Usage / Handset-Gap,Device upgrade or contract-renewal incentive (heavy users on aging handsets)
66645,1,0.47025037,Low-Engagement / Passive,"Re-engagement campaign: usage incentives, feature education, win-back offer"
65581,1,0.36437607,Low-Engagement / Passive,"Re-engagement campaign: usage incentives, feature education, win-back offer"
70275,1,0.33454597,Low-Engagement / Passive,"Re-engagement campaign: usage incentives, feature education, win-back offer"
62109,1,0.32373616,Low-Engagement / Passive,"Re-engagement campaign: usage incentives, feature education, win-back offer"
68875,1,0.30894014,Low-Engagement / Passive,"Re-engagement campaign: usage incentives, feature education, win-back offer"
59713,1,0.552605,Low-Engagement / Passive,"Re-engagement campaign: usage incentives, feature education, win-back offer"
69580,1,0.6656988,Low-Engagement / Passive,"Re-engagement campaign: usage incentives, feature education, win-back offer"
66764,1,0.55040544,Low-Engagement / Passive,"Re-engagement campaign: usage incentives, feature education, win-back offer"
54119,2,0.34417534,High-Usage / Handset-Gap,Device upgrade or contract-renewal incentive (heavy users on aging handsets)
67220,1,0.46831542,Low-Engagement / Passive,"Re-engagement campaign: usage incentives, feature education, win-back offer"
58813,2,0.41031405,High-Usage / Handset-Gap,Device upgrade or contract-renewal incentive (heavy users on aging handsets)
53298,0,0.563702,At-Risk / Retention-Contact,Priority retention outreach + service recovery (already contacted us)
66348,2,0.15519507,High-Usage / Handset-Gap,Device upgrade or contract-renewal incentive (heavy users on aging handsets)
52970,2,0.3175388,High-Usage / Handset-Gap,Device upgrade or contract-renewal incentive (heavy users on aging handsets)
52684,1,0.43053913,Low-Engagement / Passive,"Re-engagement campaign: usage incentives, feature education, win-back offer"
63333,1,0.5913391,Low-Engagement / Passive,"Re-engagement campaign: usage incentives, feature education, win-back offer"
54986,0,0.41632614,At-Risk / Retention-Contact,Priority retention outreach + service recovery (already contacted us)
60035,1,0.41293088,Low-Engagement / Passive,"Re-engagement campaign: usage incentives, feature education, win-back offer"
68395,1,0.18336907,Low-Engagement / Passive,"Re-engagement campaign: usage incentives, feature education, win-back offer"
59989,1,0.20885193,Low-Engagement / Passive,"Re-engagement campaign: usage incentives, feature education, win-back offer"
69756,1,0.2947282,Low-Engagement / Passive,"Re-engagement campaign: usage incentives, feature education, win-back offer"
67997,2,0.30939314,High-Usage / Handset-Gap,Device upgrade or contract-renewal incentive (heavy users on aging handsets)
66500,1,0.63717395,Low-Engagement / Passive,"Re-engagement campaign: usage incentives, feature education, win-back offer"
67292,2,0.096347585,High-Usage / Handset-Gap,Device upgrade or contract-renewal incentive (heavy users on aging handsets)
55512,1,0.31205893,Low-Engagement / Passive,"Re-engagement campaign: usage incentives, feature education, win-back offer"
70635,2,0.21426368,High-Usage / Handset-Gap,Device upgrade or contract-renewal incentive (heavy users on aging handsets)
53871,1,0.5287747,Low-Engagement / Passive,"Re-engagement campaign: usage incentives, feature education, win-back offer"
65964,2,0.3947447,High-Usage / Handset-Gap,Device upgrade or contract-renewal incentive (heavy users on aging handsets)
58625,1,0.17064767,Low-Engagement / Passive,"Re-engagement campaign: usage incentives, feature education, win-back offer"
62602,1,0.58221954,Low-Engagement / Passive,"Re-engagement campaign: usage incentives, feature education, win-back offer"
60250,2,0.32641408,High-Usage / Handset-Gap,Device upgrade or contract-renewal incentive (heavy users on aging handsets)
69248,1,0.5417688,Low-Engagement / Passive,"Re-engagement campaign: usage incentives, feature education, win-back offer"
55571,1,0.13362281,Low-Engagement / Passive,"Re-engagement campaign: usage incentives, feature education, win-back offer"
56614,1,0.46113834,Low-Engagement / Passive,"Re-engagement campaign: usage incentives, feature education, win-back offer"
69501,1,0.4938719,Low-Engagement / Passive,"Re-engagement campaign: usage incentives, feature education, win-back offer"
70398,1,0.13966943,Low-Engagement / Passive,"Re-engagement campaign: usage incentives, feature education, win-back offer"
59062,2,0.849642,High-Usage / Handset-Gap,Device upgrade or contract-renewal incentive (heavy users on aging handsets)
61074,0,0.60999465,At-Risk / Retention-Contact,Priority retention outreach + service recovery (already contacted us)
53941,2,0.5049278,High-Usage / Handset-Gap,Device upgrade or contract-renewal incentive (heavy users on aging handsets)
67302,0,0.45031703,At-Risk / Retention-Contact,Priority retention outreach + service recovery (already contacted us)
69774,1,0.44520783,Low-Engagement / Passive,"Re-engagement campaign: usage incentives, feature education, win-back offer"
60946,1,0.48709422,Low-Engagement / Passive,"Re-engagement campaign: usage incentives, feature education, win-back offer"
61605,1,0.34880877,Low-Engagement / Passive,"Re-engagement campaign: usage incentives, feature education, win-back offer"
62497,2,0.3595546,High-Usage / Handset-Gap,Device upgrade or contract-renewal incentive (heavy users on aging handsets)
63407,1,0.5919979,Low-Engagement / Passive,"Re-engagement campaign: usage incentives, feature education, win-back offer"
57813,2,0.5993271,High-Usage / Handset-Gap,Device upgrade or contract-renewal incentive (heavy users on aging handsets)
52662,0,0.55653995,At-Risk / Retention-Contact,Priority retention outreach + service recovery (already contacted us)
57646,2,0.40600896,High-Usage / Handset-Gap,Device upgrade or contract-renewal incentive (heavy users on aging handsets)
64580,1,0.67552894,Low-Engagement / Passive,"Re-engagement campaign: usage incentives, feature education, win-back offer"
52282,1,0.23345143,Low-Engagement / Passive,"Re-engagement campaign: usage incentives, feature education, win-back offer"
53475,2,0.4185375,High-Usage / Handset-Gap,Device upgrade or contract-renewal incentive (heavy users on aging handsets)
67632,2,0.6859266,High-Usage / Handset-Gap,Device upgrade or contract-renewal incentive (heavy users on aging handsets)
70168,1,0.25311214,Low-Engagement / Passive,"Re-engagement campaign: usage incentives, feature education, win-back offer"
62263,2,0.38680828,High-Usage / Handset-Gap,Device upgrade or contract-renewal incentive (heavy users on aging handsets)
66133,2,0.21145411,High-Usage / Handset-Gap,Device upgrade or contract-renewal incentive (heavy users on aging handsets)
70291,1,0.42123488,Low-Engagement / Passive,"Re-engagement campaign: usage incentives, feature education, win-back offer"
52000,1,0.18820693,Low-Engagement / Passive,"Re-engagement campaign: usage incentives, feature education, win-back offer"
53588,2,0.35589814,High-Usage / Handset-Gap,Device upgrade or contract-renewal incentive (heavy users on aging handsets)
52337,1,0.15768145,Low-Engagement / Passive,"Re-engagement campaign: usage incentives, feature education, win-back offer"
55166,2,0.5362464,High-Usage / Handset-Gap,Device upgrade or contract-renewal incentive (heavy users on aging handsets)
70208,1,0.282365,Low-Engagement / Passive,"Re-engagement campaign: usage incentives, feature education, win-back offer"
62508,2,0.49646804,High-Usage / Handset-Gap,Device upgrade or contract-renewal incentive (heavy users on aging handsets)
68843,1,0.36840537,Low-Engagement / Passive,"Re-engagement campaign: usage incentives, feature education, win-back offer"
59399,1,0.46243158,Low-Engagement / Passive,"Re-engagement campaign: usage incentives, feature education, win-back offer"
57701,1,0.3168632,Low-Engagement / Passive,"Re-engagement campaign: usage incentives, feature education, win-back offer"
65097,1,0.6196235,Low-Engagement / Passive,"Re-engagement campaign: usage incentives, feature education, win-back offer"
52039,0,0.597965,At-Risk / Retention-Contact,Priority retention outreach + service recovery (already contacted us)
51628,1,0.079733,Low-Engagement / Passive,"Re-engagement campaign: usage incentives, feature education, win-back offer"
53503,1,0.12573063,Low-Engagement / Passive,"Re-engagement campaign: usage incentives, feature education, win-back offer"
68590,0,0.50371647,At-Risk / Retention-Contact,Priority retention outreach + service recovery (already contacted us)
61552,2,0.34478426,High-Usage / Handset-Gap,Device upgrade or contract-renewal incentive (heavy users on aging handsets)
70761,0,0.45431378,At-Risk / Retention-Contact,Priority retention outreach + service recovery (already contacted us)
63147,1,0.4405318,Low-Engagement / Passive,"Re-engagement campaign: usage incentives, feature education, win-back offer"
66866,2,0.3168923,High-Usage / Handset-Gap,Device upgrade or contract-renewal incentive (heavy users on aging handsets)
67796,1,0.4138935,Low-Engagement / Passive,"Re-engagement campaign: usage incentives, feature education, win-back offer"
64595,2,0.40588096,High-Usage / Handset-Gap,Device upgrade or contract-renewal incentive (heavy users on aging handsets)
55609,2,0.42448285,High-Usage / Handset-Gap,Device upgrade or contract-renewal incentive (heavy users on aging handsets)
67761,1,0.32518068,Low-Engagement / Passive,"Re-engagement campaign: usage incentives, feature education, win-back offer"
61682,1,0.6064904,Low-Engagement / Passive,"Re-engagement campaign: usage incentives, feature education, win-back offer"
69205,1,0.50173205,Low-Engagement / Passive,"Re-engagement campaign: usage incentives, feature education, win-back offer"
59170,1,0.27925384,Low-Engagement / Passive,"Re-engagement campaign: usage incentives, feature education, win-back offer"
60232,1,0.12256097,Low-Engagement / Passive,"Re-engagement campaign: usage incentives, feature education, win-back offer"
69079,1,0.4217679,Low-Engagement / Passive,"Re-engagement campaign: usage incentives, feature education, win-back offer"
54611,2,0.38070458,High-Usage / Handset-Gap,Device upgrade or contract-renewal incentive (heavy users on aging handsets)
65021,2,0.578266,High-Usage / Handset-Gap,Device upgrade or contract-renewal incentive (heavy users on aging handsets)
51797,2,0.71733826,High-Usage / Handset-Gap,Device upgrade or contract-renewal incentive (heavy users on aging handsets)
64711,2,0.32415625,High-Usage / Handset-Gap,Device upgrade or contract-renewal incentive (heavy users on aging handsets)
63165,1,0.5360018,Low-Engagement / Passive,"Re-engagement campaign: usage incentives, feature education, win-back offer"
56295,1,0.36478317,Low-Engagement / Passive,"Re-engagement campaign: usage incentives, feature education, win-back offer"
53794,1,0.2571069,Low-Engagement / Passive,"Re-engagement campaign: usage incentives, feature education, win-back offer"
57192,2,0.2560822,High-Usage / Handset-Gap,Device upgrade or contract-renewal incentive (heavy users on aging handsets)
57508,1,0.4734166,Low-Engagement / Passive,"Re-engagement campaign: usage incentives, feature education, win-back offer"
69828,2,0.52140844,High-Usage / Handset-Gap,Device upgrade or contract-renewal incentive (heavy users on aging handsets)
66681,2,0.26372132,High-Usage / Handset-Gap,Device upgrade or contract-renewal incentive (heavy users on aging handsets)
68797,2,0.70895237,High-Usage / Handset-Gap,Device upgrade or contract-renewal incentive (heavy users on aging handsets)
52612,2,0.31369087,High-Usage / Handset-Gap,Device upgrade or contract-renewal incentive (heavy users on aging handsets)
67085,1,0.49210662,Low-Engagement / Passive,"Re-engagement campaign: usage incentives, feature education, win-back offer"
51635,2,0.22415467,High-Usage / Handset-Gap,Device upgrade or contract-renewal incentive (heavy users on aging handsets)
52237,1,0.4279082,Low-Engagement / Passive,"Re-engagement campaign: usage incentives, feature education, win-back offer"
53981,1,0.3228346,Low-Engagement / Passive,"Re-engagement campaign: usage incentives, feature education, win-back offer"
67407,1,0.29110923,Low-Engagement / Passive,"Re-engagement campaign: usage incentives, feature education, win-back offer"
55372,1,0.42167392,Low-Engagement / Passive,"Re-engagement campaign: usage incentives, feature education, win-back offer"
58923,2,0.4077652,High-Usage / Handset-Gap,Device upgrade or contract-renewal incentive (heavy users on aging handsets)
30461,1,0.21428514,Low-Engagement / Passive,"Re-engagement campaign: usage incentives, feature education, win-back offer"
51218,2,0.17304926,High-Usage / Handset-Gap,Device upgrade or contract-renewal incentive (heavy users on aging handsets)
57321,0,0.47242048,At-Risk / Retention-Contact,Priority retention outreach + service recovery (already contacted us)
65922,1,0.33968428,Low-Engagement / Passive,"Re-engagement campaign: usage incentives, feature education, win-back offer"
52926,2,0.39209223,High-Usage / Handset-Gap,Device upgrade or contract-renewal incentive (heavy users on aging handsets)
59173,1,0.45048872,Low-Engagement / Passive,"Re-engagement campaign: usage incentives, feature education, win-back offer"
52873,1,0.38682187,Low-Engagement / Passive,"Re-engagement campaign: usage incentives, feature education, win-back offer"
63999,1,0.23855567,Low-Engagement / Passive,"Re-engagement campaign: usage incentives, feature education, win-back offer"
